METER_NO,DATE_TIME,PHASE_A_VOLTS,PHASE_B_VOLTS,PHASE_C_VOLTS,TOTAL_KW
2246006313,2026-06-12 11:30:00,58.100,58.100,57.900,5.4
2246006313,2026-06-12 12:00:00,59.000,59.000,58.800,4.4
2246006313,2026-06-12 12:30:00,57.500,57.500,57.300,4.44
2246006313,2026-06-12 13:00:00,57.600,57.600,57.400,5.8
2246006313,2026-06-12 13:30:00,57.800,57.800,57.600,5.76
2246006313,2026-06-12 14:00:00,57.400,57.400,57.200,5.88
2246006313,2026-06-12 14:30:00,58.100,58.100,57.900,5.88
2246006313,2026-06-12 15:00:00,58.100,58.100,57.800,5.44
2246006313,2026-06-12 15:30:00,57.900,57.800,57.600,6.04
2246006313,2026-06-12 16:00:00,58.200,58.100,57.900,6.44
2246006313,2026-06-12 16:30:00,58.500,58.500,58.200,5.6
2246006313,2026-06-12 17:00:00,57.900,58.000,57.700,5.28
2246006313,2026-06-12 17:30:00,58.200,58.100,57.900,5.76
2246006313,2026-06-12 18:00:00,58.100,58.200,57.800,6.28
2246006313,2026-06-12 18:30:00,58.600,58.600,58.300,6.28
2246006313,2026-06-12 19:00:00,58.500,58.500,58.200,6.04
2246006313,2026-06-12 19:30:00,58.500,58.400,58.200,5.96
2310396105,2026-06-12 11:30:00,229.230,230.230,231.010,475.36
2310396105,2026-06-12 12:00:00,229.680,230.230,231.230,283.68
2310396105,2026-06-12 12:30:00,227.890,228.560,229.640,256.96
2310396105,2026-06-12 13:00:00,223.400,224.150,225.080,380.32
2310396105,2026-06-12 13:30:00,221.340,222.570,223.610,389.12
2310396105,2026-06-12 14:00:00,220.420,221.580,222.770,401.76
2310396105,2026-06-12 14:30:00,224.350,225.630,226.860,525.44
2310396105,2026-06-12 15:00:00,226.720,227.670,229.150,358.08
2310396105,2026-06-12 15:30:00,224.750,225.720,226.780,437.76
2310396105,2026-06-12 16:00:00,226.120,227.250,228.340,481.44
2310396105,2026-06-12 16:30:00,226.500,227.840,228.950,544.96
2310396105,2026-06-12 17:00:00,229.240,230.200,231.310,401.92
2310396105,2026-06-12 17:30:00,227.250,228.190,229.350,348.32
2310396105,2026-06-12 18:00:00,227.050,227.770,228.510,429.76
2310396105,2026-06-12 18:30:00,226.380,227.620,228.220,465.76
2310396105,2026-06-12 19:00:00,228.650,229.090,230.900,340.48
2310396105,2026-06-12 19:30:00,230.750,230.960,232.660,90.56
2310396106,2026-06-12 11:30:00,233.730,234.860,233.480,165.6
2310396106,2026-06-12 12:00:00,231.990,232.670,231.590,242.4
2310396106,2026-06-12 12:30:00,230.070,230.570,229.620,293.6
2310396106,2026-06-12 13:00:00,226.440,227.160,226.150,229.6
2310396106,2026-06-12 13:30:00,225.160,226.120,224.960,240.4
2310396106,2026-06-12 14:00:00,224.200,224.950,223.760,295.2
2310396106,2026-06-12 14:30:00,229.480,230.160,229.090,266
2310396106,2026-06-12 15:00:00,230.460,231.920,230.180,179.6
2310396106,2026-06-12 15:30:00,229.040,229.810,228.590,252
2310396106,2026-06-12 16:01:00,229.860,230.680,229.540,219.6
2310396106,2026-06-12 16:30:00,231.670,232.410,231.330,284.8
2310396106,2026-06-12 17:00:00,233.290,234.170,233.080,237.2
2310396106,2026-06-12 17:30:00,230.860,231.860,230.680,195.6
2310396106,2026-06-12 18:00:00,230.240,231.280,230.010,265.2
2310396106,2026-06-12 18:30:00,230.310,231.350,230.000,297.2
2310396106,2026-06-12 19:00:00,231.570,233.350,231.420,152.4
2310396106,2026-06-12 19:30:00,231.010,232.330,230.720,204.4
2310396107,2026-06-12 11:30:00,65.000,64.380,64.940,147
2310396107,2026-06-12 12:00:00,64.650,64.000,64.540,93
2310396107,2026-06-12 12:30:00,63.790,63.170,63.690,78
2310396107,2026-06-12 13:00:00,64.080,63.400,63.970,75
2310396107,2026-06-12 13:30:00,62.750,61.970,62.600,1752
2310396107,2026-06-12 14:00:00,62.340,61.630,62.240,2034
2310396107,2026-06-12 14:30:00,63.790,63.020,63.650,1794
2310396107,2026-06-12 15:00:00,64.270,63.550,64.190,744
2310396107,2026-06-12 15:30:00,63.960,63.280,63.860,600
2310396107,2026-06-12 16:00:00,64.020,63.350,63.890,279
2310396107,2026-06-12 16:32:00,64.680,64.010,64.550,207
2310396107,2026-06-12 17:00:00,65.120,64.360,64.980,102
2310396107,2026-06-12 17:30:00,64.320,63.640,64.230,102
2310396107,2026-06-12 18:00:00,64.270,63.550,64.100,108
2310396107,2026-06-12 18:30:00,64.210,63.450,64.090,99
2310396107,2026-06-12 19:00:00,64.430,63.650,64.290,90
2310396107,2026-06-12 19:30:00,64.240,63.510,64.150,87
2310396108,2026-06-12 11:30:00,233.720,233.310,234.210,0.12
2310396108,2026-06-12 12:00:00,234.650,234.130,234.900,23.36
2310396108,2026-06-12 12:30:00,232.880,232.460,232.950,0.08
2310396108,2026-06-12 13:00:00,234.460,233.730,234.380,0.12
2310396108,2026-06-12 13:30:00,233.600,233.300,233.840,23.36
2310396108,2026-06-12 14:00:00,233.520,232.840,233.220,0
2310396108,2026-06-12 14:30:00,235.320,234.450,235.590,0.04
2310396108,2026-06-12 15:00:00,235.200,234.780,235.510,0
2310396108,2026-06-12 15:30:00,235.130,234.730,235.240,0
2310396108,2026-06-12 16:00:00,236.070,235.470,236.140,0
2310396108,2026-06-12 16:30:00,236.930,236.360,237.190,0
2310396108,2026-06-12 17:00:00,237.830,237.780,238.620,1.72
2310396108,2026-06-12 17:30:00,237.880,237.440,238.280,0.44
2310396108,2026-06-12 18:00:00,238.440,238.260,239.030,1.68
2310396108,2026-06-12 18:30:00,239.680,239.040,240.230,0
2310396108,2026-06-12 19:00:00,235.510,234.940,235.900,12.88
2310396108,2026-06-12 19:30:00,234.690,234.140,235.310,12.88
2310396110,2026-06-12 11:30:00,231.020,229.540,229.600,300
2310396110,2026-06-12 12:01:00,230.310,229.140,229.150,307.04
2310396110,2026-06-12 12:30:00,227.970,226.930,226.800,300.64
2310396110,2026-06-12 13:00:00,224.180,223.130,222.810,322.08
2310396110,2026-06-12 13:30:00,222.440,221.480,221.280,368.64
2310396110,2026-06-12 14:00:00,221.600,220.370,220.140,357.92
2310396110,2026-06-12 14:30:00,226.470,225.370,225.190,386.4
2310396110,2026-06-12 15:00:00,227.360,226.180,226.040,376.32
2310396110,2026-06-12 15:30:00,225.920,225.070,224.770,379.36
2310396110,2026-06-12 16:01:00,227.050,226.040,225.820,380.64
2310396110,2026-06-12 16:30:00,228.410,227.430,227.090,383.52
2310396110,2026-06-12 17:00:00,230.400,229.410,229.140,341.76
2310396110,2026-06-12 17:30:00,228.720,227.480,227.370,298.72
2310396110,2026-06-12 18:00:00,227.960,226.710,226.300,370.72
2310396110,2026-06-12 18:30:00,228.020,226.570,226.420,332.16
2310396110,2026-06-12 19:00:00,228.560,227.050,226.770,340.8
2310396110,2026-06-12 19:31:00,228.250,226.880,226.530,344
2310396111,2026-06-12 11:30:00,233.070,231.760,231.760,260.64
2310396111,2026-06-12 12:00:00,232.490,231.050,230.940,165.44
2310396111,2026-06-12 12:30:00,229.980,228.520,228.560,148.8
2310396111,2026-06-12 13:00:00,226.150,224.690,224.560,185.44
2310396111,2026-06-12 13:30:00,225.520,223.970,223.930,195.04
2310396111,2026-06-12 14:00:00,223.710,222.120,222.050,199.04
2310396111,2026-06-12 14:30:00,228.020,226.520,226.460,293.12
2310396111,2026-06-12 15:00:00,230.580,228.660,228.770,189.28
2310396111,2026-06-12 15:30:00,228.620,227.290,227.180,214.88
2310396111,2026-06-12 16:00:00,230.000,228.620,228.460,192.8
2310396111,2026-06-12 16:30:00,231.120,229.630,229.500,267.68
2310396111,2026-06-12 17:00:00,233.340,231.810,231.820,191.36
2310396111,2026-06-12 17:30:00,230.950,229.320,229.400,140.8
2310396111,2026-06-12 18:00:00,230.600,228.910,228.830,160.96
2310396111,2026-06-12 18:30:00,230.220,228.430,228.400,209.44
2310396111,2026-06-12 19:00:00,231.430,229.480,229.400,191.84
2310396111,2026-06-12 19:30:00,230.350,228.520,228.520,238.08
2410121326,2026-06-12 11:30:00,235.870,236.810,235.850,94.4
2410121326,2026-06-12 12:00:00,236.870,237.860,236.920,85.2
2410121326,2026-06-12 12:30:00,232.830,233.770,232.790,67.4
2410121326,2026-06-12 13:00:00,233.020,233.910,233.030,76.8
2410121326,2026-06-12 13:30:00,232.760,233.530,232.810,109.2
2410121326,2026-06-12 14:00:00,231.110,232.170,231.370,96.4
2410121326,2026-06-12 14:30:00,237.020,237.950,236.990,103.4
2410121326,2026-06-12 15:01:00,233.820,234.640,233.740,121
2410121326,2026-06-12 15:30:00,232.800,233.830,232.790,114.6
2410121326,2026-06-12 16:00:00,233.650,234.710,233.750,105.8
2410121326,2026-06-12 16:30:00,235.870,236.710,235.990,96.2
2410121326,2026-06-12 17:00:00,238.670,239.720,238.610,88.4
2410121326,2026-06-12 17:30:00,235.660,236.800,235.710,88.4
2410121326,2026-06-12 18:00:00,237.060,238.370,237.190,70.4
2410121326,2026-06-12 18:30:00,235.900,237.280,236.140,55.4
2410121326,2026-06-12 19:00:00,236.470,237.780,236.400,47.6
2410121326,2026-06-12 19:30:00,232.470,233.720,232.500,37.6
2410121353,2026-06-12 11:30:00,237.450,236.720,236.640,32.8
2410121353,2026-06-12 12:00:00,237.760,237.090,236.950,34.24
2410121353,2026-06-12 12:30:00,233.200,232.370,232.390,15.36
2410121353,2026-06-12 13:00:00,234.440,233.580,233.540,26.56
2410121353,2026-06-12 13:30:00,234.010,233.420,233.280,31.2
2410121353,2026-06-12 14:00:00,231.810,231.540,231.460,66.08
2410121353,2026-06-12 14:30:00,234.550,233.580,233.500,25.6
2410121353,2026-06-12 15:00:00,234.820,234.070,233.720,25.44
2410121353,2026-06-12 15:30:00,234.800,233.900,233.700,26.88
2410121353,2026-06-12 16:00:00,234.210,233.550,233.420,27.2
2410121353,2026-06-12 16:30:00,237.010,236.190,236.320,27.84
2410121353,2026-06-12 17:03:00,239.870,239.030,238.960,39.2
2410121353,2026-06-12 17:30:00,237.310,236.460,236.380,8.96
2410121353,2026-06-12 18:00:00,238.850,237.870,237.660,3.2
2410121353,2026-06-12 18:30:00,237.370,236.270,236.090,2.72
2410121353,2026-06-12 19:00:00,237.850,236.710,236.650,3.68
2410121353,2026-06-12 19:30:00,233.920,232.690,232.690,2.56
2410121371,2026-06-12 11:30:00,238.020,236.960,237.050,43.2
2410121371,2026-06-12 12:00:00,238.560,237.560,237.550,28.32
2410121371,2026-06-12 12:30:00,233.530,232.510,232.510,30.56
2410121371,2026-06-12 13:00:00,234.300,233.170,233.080,24.8
2410121371,2026-06-12 13:30:00,233.820,232.940,232.960,29.28
2410121371,2026-06-12 14:00:00,233.020,231.790,231.830,38.4
2410121371,2026-06-12 14:30:00,238.620,237.440,237.360,22.24
2410121371,2026-06-12 15:00:00,235.050,233.960,233.900,28.32
2410121371,2026-06-12 15:30:00,234.760,233.660,233.630,28.32
2410121371,2026-06-12 16:00:00,235.150,234.130,234.120,34.56
2410121371,2026-06-12 16:30:00,237.290,236.280,236.710,23.68
2410121371,2026-06-12 17:00:00,240.740,239.710,239.670,11.68
2410121371,2026-06-12 17:30:00,237.360,236.300,236.210,3.84
2410121371,2026-06-12 18:00:00,238.780,237.680,237.420,3.84
2410121371,2026-06-12 18:30:00,237.640,236.460,236.240,3.84
2410121371,2026-06-12 19:00:00,237.890,236.610,236.530,4
2410121371,2026-06-12 19:30:00,234.190,232.870,232.720,3.68
2410121424,2026-06-12 11:30:00,238.060,237.290,237.170,7.56
2410121424,2026-06-12 12:00:00,238.300,237.550,237.440,0.48
2410121424,2026-06-12 12:32:00,233.000,232.250,232.200,0.36
2410121424,2026-06-12 13:03:00,232.420,231.400,231.510,0.48
2410121424,2026-06-12 13:30:00,233.520,232.870,232.890,0.48
2410121424,2026-06-12 14:00:00,232.730,231.940,231.800,0.48
2410121424,2026-06-12 14:30:00,234.680,233.780,233.700,0.48
2410121424,2026-06-12 15:00:00,234.770,234.210,233.850,0.36
2410121424,2026-06-12 15:32:00,235.880,235.120,234.970,0.36
2410121424,2026-06-12 16:00:00,234.510,233.770,233.690,0.36
2410121424,2026-06-12 16:30:00,237.230,236.360,236.550,0.36
2410121424,2026-06-12 17:00:00,240.540,239.620,239.550,0.36
2410121424,2026-06-12 17:30:00,237.460,236.570,236.460,0.48
2410121424,2026-06-12 18:00:00,238.760,237.710,237.490,0.48
2410121424,2026-06-12 18:30:00,237.090,236.020,235.790,0.36
2410121424,2026-06-12 19:00:00,238.070,236.860,236.820,0.48
2410121424,2026-06-12 19:30:00,234.130,232.990,232.880,0.48
2410121454,2026-06-12 11:30:00,236.970,238.020,236.890,80.64
2410121454,2026-06-12 12:00:00,237.210,238.250,237.210,77.92
2410121454,2026-06-12 12:30:00,232.270,233.290,232.210,72.8
2410121454,2026-06-12 13:00:00,233.060,234.140,232.950,71.52
2410121454,2026-06-12 13:31:00,232.730,233.690,232.560,73.12
2410121454,2026-06-12 14:00:00,231.680,232.810,231.500,73.76
2410121454,2026-06-12 14:30:00,233.400,234.610,233.190,79.36
2410121454,2026-06-12 15:00:00,233.610,234.630,233.700,76.96
2410121454,2026-06-12 15:30:00,233.750,234.920,233.580,89.76
2410121454,2026-06-12 16:00:00,233.630,234.660,233.400,87.2
2410121454,2026-06-12 16:30:00,236.120,237.210,235.940,86.72
2410121454,2026-06-12 17:00:00,239.180,240.410,239.130,83.52
2410121454,2026-06-12 17:30:00,236.370,237.570,236.550,23.84
2410121454,2026-06-12 18:00:00,237.550,238.930,237.790,26.88
2410121454,2026-06-12 18:30:00,235.670,237.180,236.100,26.24
2410121454,2026-06-12 19:00:00,236.700,238.150,236.800,27.04
2410121454,2026-06-12 19:30:00,232.770,234.220,232.930,25.92
2410121457,2026-06-12 11:30:00,235.790,236.420,235.920,127.68
2410121457,2026-06-12 12:00:00,236.870,237.660,237.050,64.48
2410121457,2026-06-12 12:30:00,232.140,232.940,231.980,73.28
2410121457,2026-06-12 13:00:00,232.930,233.660,232.830,81.6
2410121457,2026-06-12 13:30:00,232.240,232.950,232.620,90.88
2410121457,2026-06-12 14:00:00,231.160,232.180,231.530,69.44
2410121457,2026-06-12 14:30:00,237.150,237.970,237.380,74.88
2410121457,2026-06-12 15:00:00,233.140,234.070,233.720,79.04
2410121457,2026-06-12 15:30:00,232.910,233.840,233.200,73.6
2410121457,2026-06-12 16:00:00,233.600,234.600,233.890,79.68
2410121457,2026-06-12 16:30:00,235.080,235.840,235.270,76.16
2410121457,2026-06-12 17:00:00,238.720,239.590,238.890,72.16
2410121457,2026-06-12 17:30:00,235.880,236.820,236.170,31.84
2410121457,2026-06-12 18:00:00,237.220,238.420,237.620,33.76
2410121457,2026-06-12 18:30:00,235.830,237.090,236.230,33.76
2410121457,2026-06-12 19:00:00,236.300,237.490,236.500,33.44
2410121457,2026-06-12 19:30:00,232.560,233.660,232.730,32.16
2410121574,2026-06-12 11:30:00,236.710,235.960,235.580,159.84
2410121574,2026-06-12 12:00:00,237.330,236.470,236.100,160.96
2410121574,2026-06-12 12:30:00,232.740,231.710,231.580,154.4
2410121574,2026-06-12 13:00:00,233.550,232.610,232.550,163.84
2410121574,2026-06-12 13:30:00,232.830,232.180,231.620,221.12
2410121574,2026-06-12 14:00:00,231.790,230.640,230.500,213.6
2410121574,2026-06-12 14:30:00,233.550,232.290,232.150,207.36
2410121574,2026-06-12 15:00:00,233.900,233.180,232.580,202.08
2410121574,2026-06-12 15:30:00,233.910,232.990,232.500,200.64
2410121574,2026-06-12 16:00:00,233.820,233.090,232.550,201.12
2410121574,2026-06-12 16:30:00,236.340,235.430,235.230,193.76
2410121574,2026-06-12 17:01:00,240.050,238.990,238.630,156
2410121574,2026-06-12 17:30:00,237.180,236.170,235.820,117.92
2410121574,2026-06-12 18:00:00,239.070,237.750,237.530,32
2410121574,2026-06-12 18:30:00,237.560,236.230,235.970,26.08
2410121574,2026-06-12 19:00:00,238.070,236.690,236.520,22.08
2410121574,2026-06-12 19:30:00,234.060,232.620,232.540,22.08
2410131378,2026-06-12 11:30:00,237.060,237.780,237.060,88.4
2410131378,2026-06-12 12:00:00,237.170,238.010,237.220,116.6
2410131378,2026-06-12 12:30:00,232.150,232.930,232.040,114.4
2410131378,2026-06-12 13:00:00,232.940,233.740,232.880,109.8
2410131378,2026-06-12 13:30:00,232.560,233.160,232.410,125
2410131378,2026-06-12 14:00:00,231.710,232.680,231.650,119
2410131378,2026-06-12 14:30:00,237.090,238.070,237.070,95.6
2410131378,2026-06-12 15:00:00,233.840,234.450,233.820,113
2410131378,2026-06-12 15:30:00,233.420,234.290,233.320,126.4
2410131378,2026-06-12 16:00:00,233.950,234.690,233.960,142
2410131378,2026-06-12 16:30:00,236.410,236.990,235.890,123
2410131378,2026-06-12 17:00:00,239.560,240.410,239.480,113.8
2410131378,2026-06-12 17:30:00,235.980,236.850,235.870,96.6
2410131378,2026-06-12 18:00:00,237.400,238.470,237.480,98
2410131378,2026-06-12 18:30:00,236.290,237.410,236.280,73.4
2410131378,2026-06-12 19:00:00,236.510,237.720,236.520,81.4
2410131378,2026-06-12 19:30:00,232.580,233.730,232.560,64
2410131383,2026-06-12 11:30:00,235.240,234.940,234.590,80.4
2410131383,2026-06-12 12:00:00,235.240,235.140,234.650,75.6
2410131383,2026-06-12 12:30:00,233.120,233.170,232.820,65.2
2410131383,2026-06-12 13:00:00,235.340,235.260,234.780,70
2410131383,2026-06-12 13:30:00,234.700,234.560,234.210,73.6
2410131383,2026-06-12 14:00:00,234.240,234.020,233.730,78.8
2410131383,2026-06-12 14:30:00,235.910,235.650,235.410,75.6
2410131383,2026-06-12 15:00:00,236.360,236.010,235.730,72
2410131383,2026-06-12 15:30:00,236.680,236.220,236.110,71.6
2410131383,2026-06-12 16:00:00,237.260,236.690,236.560,77.6
2410131383,2026-06-12 16:30:00,238.620,238.340,238.250,53.2
2410131383,2026-06-12 17:00:00,239.820,239.130,239.120,20.8
2410131383,2026-06-12 17:30:00,239.090,238.570,238.330,18.4
2410131383,2026-06-12 18:00:00,240.200,239.560,239.320,15.2
2410131383,2026-06-12 18:30:00,240.810,240.250,240.010,14.8
2410131383,2026-06-12 19:00:00,236.710,236.180,235.930,22
2410131383,2026-06-12 19:30:00,235.870,235.280,234.920,20
2410131384,2026-06-12 11:30:00,240.400,241.430,240.430,165.4
2410131384,2026-06-12 12:00:00,237.930,239.100,238.010,170.6
2410131384,2026-06-12 12:30:00,235.420,236.700,235.520,175.4
2410131384,2026-06-12 13:00:00,232.270,233.600,232.520,184
2410131384,2026-06-12 13:32:00,235.220,236.500,235.300,214.4
2410131384,2026-06-12 14:00:00,233.780,235.150,234.010,218
2410131384,2026-06-12 14:30:00,240.300,241.670,240.560,218.2
2410131384,2026-06-12 15:00:00,236.320,237.540,236.560,196
2410131384,2026-06-12 15:30:00,235.840,237.140,236.100,167.2
2410131384,2026-06-12 16:00:00,236.460,237.660,236.740,197
2410131384,2026-06-12 16:30:00,236.890,238.190,237.140,196.2
2410131384,2026-06-12 17:00:00,235.680,236.950,235.870,231
2410131384,2026-06-12 17:30:00,236.210,237.470,236.380,185.4
2410131384,2026-06-12 18:00:00,236.450,237.830,236.670,156
2410131384,2026-06-12 18:30:00,236.750,238.140,237.040,199.2
2410131384,2026-06-12 19:00:00,236.810,238.190,237.040,214
2410131384,2026-06-12 19:30:00,236.480,237.790,236.660,194.2
2410131387,2026-06-12 11:30:00,237.210,237.630,237.680,25.8
2410131387,2026-06-12 12:00:00,236.980,237.350,237.760,100.8
2410131387,2026-06-12 12:30:00,235.240,235.590,235.960,27
2410131387,2026-06-12 13:01:00,232.400,232.800,233.020,35.4
2410131387,2026-06-12 13:30:00,231.960,232.330,232.460,42
2410131387,2026-06-12 14:00:00,231.730,231.930,231.940,32.4
2410131387,2026-06-12 14:30:00,232.970,233.340,233.070,29.4
2410131387,2026-06-12 15:00:00,233.940,234.260,234.090,43.8
2410131387,2026-06-12 15:30:00,233.870,234.270,233.900,36.6
2410131387,2026-06-12 16:00:00,234.010,234.520,234.080,22.8
2410131387,2026-06-12 16:30:00,235.150,235.610,235.260,20.4
2410131387,2026-06-12 17:00:00,237.300,238.100,237.550,13.8
2410131387,2026-06-12 17:30:00,237.120,237.840,237.490,13.8
2410131387,2026-06-12 18:00:00,234.200,234.930,234.550,22.8
2410131387,2026-06-12 18:30:00,234.220,234.960,234.610,10.2
2410131387,2026-06-12 19:00:00,233.820,234.700,234.300,15
2410131387,2026-06-12 19:30:00,233.250,234.110,233.950,22.2
2410131547,2026-06-12 11:30:00,233.450,232.800,233.640,0
2410131547,2026-06-12 12:00:00,232.870,232.520,233.360,0
2410131547,2026-06-12 12:30:00,232.910,232.460,233.050,0
2410131547,2026-06-12 13:00:00,234.290,233.730,234.290,0
2410131547,2026-06-12 13:30:00,232.100,231.550,232.260,0
2410131547,2026-06-12 14:00:00,233.490,232.440,233.090,0
2410131547,2026-06-12 14:30:00,234.530,233.650,234.870,0
2410131547,2026-06-12 15:00:00,235.260,234.480,235.220,0
2410131547,2026-06-12 15:30:00,235.270,234.820,235.270,0
2410131547,2026-06-12 16:00:00,235.600,235.360,235.960,0
2410131547,2026-06-12 16:30:00,236.670,236.510,237.060,0
2410131547,2026-06-12 17:00:00,237.550,237.550,238.440,0
2410131547,2026-06-12 17:30:00,237.390,237.150,237.910,0
2410131547,2026-06-12 18:00:00,238.210,238.170,238.740,0
2410131547,2026-06-12 18:30:00,239.150,238.770,239.900,0
2410131547,2026-06-12 19:00:00,235.300,234.840,235.770,0
2410131547,2026-06-12 19:30:00,235.560,235.050,236.190,0
2410320615,2026-06-12 11:30:00,231.000,231.320,231.840,2118.9
2410320615,2026-06-12 12:00:00,231.330,231.640,232.290,1800.4
2410320615,2026-06-12 12:30:00,230.300,230.510,231.280,1439.2
2410320615,2026-06-12 13:00:00,231.740,231.710,232.530,1767.5
2410320615,2026-06-12 13:30:00,230.570,230.750,231.490,2013.2
2410320615,2026-06-12 14:00:00,230.620,230.800,231.430,2087.4
2410320615,2026-06-12 14:30:00,232.230,232.420,233.060,2156
2410320615,2026-06-12 15:00:00,232.570,232.850,233.350,2142.7
2410320615,2026-06-12 15:30:00,232.160,232.440,232.850,2157.4
2410320615,2026-06-12 16:00:00,233.180,233.510,233.740,2122.4
2410320615,2026-06-12 16:31:00,234.040,234.420,234.790,2151.1
2410320615,2026-06-12 17:00:00,234.910,235.270,235.560,2012.5
2410320615,2026-06-12 17:30:00,234.700,235.140,235.660,1889.3
2410320615,2026-06-12 18:00:00,235.620,236.190,236.630,1857.8
2410320615,2026-06-12 18:30:00,237.200,237.750,238.040,1699.6
2410320615,2026-06-12 19:00:00,232.960,233.500,234.050,1574.3
2410320615,2026-06-12 19:30:00,234.210,234.970,234.980,1022.7
2410883988,2026-06-12 11:30:00,230.990,231.710,230.740,0.1
2410883988,2026-06-12 12:00:00,234.960,235.570,234.700,0.1
2410883988,2026-06-12 12:30:00,228.370,229.130,228.220,0.1
2410883988,2026-06-12 13:00:00,229.180,229.930,229.020,0.1
2410883988,2026-06-12 13:30:00,229.810,230.560,229.710,0.1
2410883988,2026-06-12 14:00:00,228.600,229.380,228.470,0.1
2410883988,2026-06-12 14:30:00,230.950,231.870,230.780,0.1
2410883988,2026-06-12 15:00:00,231.220,232.100,231.110,0.1
2410883988,2026-06-12 15:30:00,230.000,231.110,230.070,0.1
2410883988,2026-06-12 16:00:00,231.120,232.070,231.100,0.1
2410883988,2026-06-12 16:30:00,232.750,233.660,232.670,0.1
2410883988,2026-06-12 17:00:00,230.900,231.700,230.600,0.1
2410883988,2026-06-12 17:30:00,231.440,232.410,231.340,0.1
2410883988,2026-06-12 18:00:00,231.460,232.480,231.150,0.1
2410883988,2026-06-12 18:30:00,232.920,234.050,232.860,0.1
2410883988,2026-06-12 19:00:00,232.790,233.870,232.450,0.1
2410883988,2026-06-12 19:30:00,232.730,233.840,232.620,1
2410883990,2026-06-12 11:30:00,231.500,230.530,230.710,1.62
2410883990,2026-06-12 12:00:00,235.270,234.300,234.520,1.62
2410883990,2026-06-12 12:30:00,228.770,227.770,227.910,1.68
2410883990,2026-06-12 13:00:00,229.610,228.610,228.790,1.68
2410883990,2026-06-12 13:30:00,230.150,229.150,229.260,1.62
2410883990,2026-06-12 14:00:00,228.730,227.680,227.810,1.62
2410883990,2026-06-12 14:30:00,231.660,230.460,230.530,1.62
2410883990,2026-06-12 15:00:00,231.370,230.220,230.430,1.5
2410883990,2026-06-12 15:30:00,230.650,229.500,229.520,1.38
2410883990,2026-06-12 16:00:00,231.670,230.610,230.530,1.62
2410883990,2026-06-12 16:30:00,233.160,231.960,232.130,1.62
2410883990,2026-06-12 17:00:00,231.390,230.200,230.590,1.32
2410883990,2026-06-12 17:30:00,231.900,230.630,230.890,0.18
2410883990,2026-06-12 18:00:00,232.020,230.540,230.920,0.18
2410883990,2026-06-12 18:30:00,233.520,232.140,232.270,0.18
2410883990,2026-06-12 19:00:00,233.350,231.850,232.230,0.18
2410883990,2026-06-12 19:30:00,233.280,231.830,232.040,0.24
2410883991,2026-06-12 11:30:00,240.010,240.160,241.400,17.3
2410883991,2026-06-12 12:00:00,238.050,238.120,239.460,18.1
2410883991,2026-06-12 12:31:00,235.200,235.110,236.520,17
2410883991,2026-06-12 13:00:00,232.880,232.880,234.370,18
2410883991,2026-06-12 13:30:00,235.270,235.440,236.910,20.4
2410883991,2026-06-12 14:00:00,233.550,233.930,235.400,28.2
2410883991,2026-06-12 14:30:00,239.830,240.040,241.260,37.3
2410883991,2026-06-12 15:00:00,236.410,236.190,237.760,35.9
2410883991,2026-06-12 15:30:00,235.880,235.960,237.350,29.1
2410883991,2026-06-12 16:01:00,236.410,236.650,237.910,26
2410883991,2026-06-12 16:30:00,237.210,237.260,238.500,24.4
2410883991,2026-06-12 17:00:00,235.710,235.790,237.070,17
2410883991,2026-06-12 17:30:00,236.310,236.490,237.840,67.1
2410883991,2026-06-12 18:00:00,236.220,236.520,237.830,24
2410883991,2026-06-12 18:30:00,237.120,237.110,238.620,16
2410883991,2026-06-12 19:00:00,237.140,237.150,238.640,16.6
2410883991,2026-06-12 19:30:00,237.210,237.120,238.600,14.8
2410883993,2026-06-12 11:30:00,241.170,240.110,240.060,25.62
2410883993,2026-06-12 12:00:00,239.180,238.090,237.860,25.2
2410883993,2026-06-12 12:30:00,236.370,235.390,235.070,26.4
2410883993,2026-06-12 13:00:00,233.470,232.370,232.170,24.6
2410883993,2026-06-12 13:30:00,236.350,234.930,234.890,26.94
2410883993,2026-06-12 14:00:00,235.300,233.860,233.780,25.38
2410883993,2026-06-12 14:30:00,237.120,236.060,235.840,26.4
2410883993,2026-06-12 15:00:00,237.400,236.250,236.080,28.86
2410883993,2026-06-12 15:30:00,236.800,235.780,235.730,35.52
2410883993,2026-06-12 16:00:00,237.410,236.020,236.080,31.38
2410883993,2026-06-12 16:30:00,238.130,237.060,237.010,32.52
2410883993,2026-06-12 17:00:00,237.190,235.730,235.850,30.3
2410883993,2026-06-12 17:30:00,237.090,235.660,236.000,32.76
2410883993,2026-06-12 18:00:00,237.330,236.120,236.260,28.68
2410883993,2026-06-12 18:30:00,237.830,236.640,236.490,25.86
2410883993,2026-06-12 19:00:00,237.900,236.600,236.630,46.38
2410883993,2026-06-12 19:30:00,237.750,236.540,236.470,54.54
2410883994,2026-06-12 11:30:00,241.270,239.950,240.200,0.96
2410883994,2026-06-12 12:00:00,239.370,238.080,238.220,0.96
2410883994,2026-06-12 12:30:00,237.450,236.100,236.160,0.96
2410883994,2026-06-12 13:00:00,234.270,232.870,232.940,0.96
2410883994,2026-06-12 13:30:00,237.000,235.360,235.550,0.96
2410883994,2026-06-12 14:00:00,235.410,233.870,234.090,0.96
2410883994,2026-06-12 14:31:00,237.510,236.180,236.260,0.96
2410883994,2026-06-12 15:00:00,237.800,236.470,236.510,0.96
2410883994,2026-06-12 15:30:00,237.430,236.070,236.210,0.96
2410883994,2026-06-12 16:00:00,238.150,236.770,236.940,0.96
2410883994,2026-06-12 16:30:00,238.490,237.300,237.450,0.96
2410883994,2026-06-12 17:00:00,237.240,235.850,236.000,2.56
2410883994,2026-06-12 17:30:00,237.810,236.420,236.610,0.96
2410883994,2026-06-12 18:00:00,237.920,236.510,236.580,0.96
2410883994,2026-06-12 18:30:00,238.350,236.960,237.010,3.2
2410883994,2026-06-12 19:01:00,238.760,237.230,237.300,6.08
2410883994,2026-06-12 19:30:00,238.570,237.120,237.160,5.44
2410932742,2026-06-12 11:30:00,233.020,231.070,231.130,556.8
2410932742,2026-06-12 12:00:00,231.350,229.380,229.350,580.32
2410932742,2026-06-12 12:30:00,230.670,228.850,228.710,359.04
2410932742,2026-06-12 13:00:00,227.230,225.360,225.090,369.36
2410932742,2026-06-12 13:30:00,225.030,222.940,222.850,625.44
2410932742,2026-06-12 14:00:00,223.540,221.320,221.350,640.56
2410932742,2026-06-12 14:31:00,228.500,226.400,226.330,642.48
2410932742,2026-06-12 15:00:00,229.380,227.210,227.190,630.72
2410932742,2026-06-12 15:30:00,228.300,226.120,226.150,634.08
2410932742,2026-06-12 16:00:00,229.540,227.530,227.460,643.2
2410932742,2026-06-12 16:30:00,230.920,228.860,228.800,637.44
2410932742,2026-06-12 17:00:00,232.590,230.540,230.480,639.12
2410932742,2026-06-12 17:30:00,230.070,228.020,227.960,639.84
2410932742,2026-06-12 18:00:00,229.910,227.820,227.650,629.04
2410932742,2026-06-12 18:30:00,230.170,227.940,227.850,633.12
2410932742,2026-06-12 19:00:00,230.360,228.090,228.070,608.64
2410932742,2026-06-12 19:30:00,229.980,227.810,227.840,605.76
2411087432,2026-06-12 11:30:00,236.180,236.250,237.130,41.48
2411087432,2026-06-12 12:00:00,236.200,236.290,237.200,33.84
2411087432,2026-06-12 12:30:00,232.990,233.210,234.130,22.92
2411087432,2026-06-12 13:00:00,232.920,233.210,233.980,35.2
2411087432,2026-06-12 13:30:00,232.630,232.530,233.470,33.64
2411087432,2026-06-12 14:00:00,231.310,231.320,232.340,39.32
2411087432,2026-06-12 14:30:00,237.100,237.190,238.150,33.36
2411087432,2026-06-12 15:01:00,233.200,233.540,234.220,29.52
2411087432,2026-06-12 15:30:00,232.560,232.790,233.680,37.4
2411087432,2026-06-12 16:00:00,234.000,233.990,234.810,35.16
2411087432,2026-06-12 16:30:00,235.490,235.640,236.400,39.12
2411087432,2026-06-12 17:00:00,238.530,238.830,239.750,29.56
2411087432,2026-06-12 17:30:00,235.680,235.820,236.830,23.28
2411087432,2026-06-12 18:00:00,237.010,237.090,238.240,12.48
2411087432,2026-06-12 18:30:00,236.030,236.010,237.150,11.2
2411087432,2026-06-12 19:00:00,236.480,236.640,237.850,10.96
2411087432,2026-06-12 19:30:00,232.280,232.400,233.620,11.56
2411087433,2026-06-12 11:30:00,240.620,240.770,241.870,45.5
2411087433,2026-06-12 12:00:00,238.680,238.710,239.980,40
2411087433,2026-06-12 12:30:00,235.890,235.830,237.130,41
2411087433,2026-06-12 13:00:00,232.850,232.860,234.210,40.5
2411087433,2026-06-12 13:33:00,235.830,235.900,237.330,46.5
2411087433,2026-06-12 14:00:00,234.550,234.730,236.050,56
2411087433,2026-06-12 14:30:00,236.870,236.810,238.200,58.5
2411087433,2026-06-12 15:00:00,237.120,237.040,238.330,62
2411087433,2026-06-12 15:30:00,236.550,236.540,237.830,60
2411087433,2026-06-12 16:00:00,237.020,237.010,238.300,60
2411087433,2026-06-12 16:30:00,238.020,238.040,239.290,54
2411087433,2026-06-12 17:00:00,236.610,236.680,237.950,43
2411087433,2026-06-12 17:30:00,236.960,236.990,238.330,41.5
2411087433,2026-06-12 18:00:00,237.200,237.130,238.530,28.5
2411087433,2026-06-12 18:30:00,237.350,237.150,238.630,31
2411087433,2026-06-12 19:00:00,237.820,237.760,239.270,28.5
2411087433,2026-06-12 19:32:00,238.020,237.900,239.370,16
2411290205,2026-06-12 11:30:00,231.410,231.340,231.540,568.08
2411290205,2026-06-12 12:00:00,232.030,231.620,231.460,521.28
2411290205,2026-06-12 12:30:00,230.870,230.560,230.230,490.8
2411290205,2026-06-12 13:00:00,232.460,231.930,231.730,430.56
2411290205,2026-06-12 13:30:00,230.180,229.960,229.380,552.72
2411290205,2026-06-12 14:00:00,231.310,231.260,231.130,477.36
2411290205,2026-06-12 14:30:00,232.640,232.590,232.500,461.76
2411290205,2026-06-12 15:00:00,232.600,232.630,232.630,450
2411290205,2026-06-12 15:30:00,233.290,233.460,233.320,560.64
2411290205,2026-06-12 16:00:00,233.790,233.930,234.160,462.48
2411290205,2026-06-12 16:30:00,236.110,236.040,236.310,289.68
2411290205,2026-06-12 17:00:00,238.190,238.180,238.730,154.32
2411290205,2026-06-12 17:30:00,237.170,236.940,237.580,170.64
2411290205,2026-06-12 18:00:00,237.960,237.710,238.420,109.44
2411290205,2026-06-12 18:30:00,239.210,238.850,239.590,96.72
2411290205,2026-06-12 19:01:00,234.900,234.540,235.330,126
2411290205,2026-06-12 19:30:00,234.900,234.450,235.360,100.8
2510014481,2026-06-12 11:30:00,231.260,231.280,232.580,187.28
2510014481,2026-06-12 12:00:00,230.570,230.730,232.100,149.44
2510014481,2026-06-12 12:30:00,228.650,228.780,230.180,124.48
2510014481,2026-06-12 13:00:00,224.760,224.880,226.370,136.96
2510014481,2026-06-12 13:30:00,223.100,223.150,224.750,200.32
2510014481,2026-06-12 14:00:00,221.370,221.610,223.280,165.28
2510014481,2026-06-12 14:30:00,227.150,227.210,228.710,185.68
2510014481,2026-06-12 15:00:00,227.780,228.190,229.800,194.96
2510014481,2026-06-12 15:30:00,226.960,227.430,228.770,166.48
2510014481,2026-06-12 16:00:00,228.130,228.240,229.600,160.56
2510014481,2026-06-12 16:30:00,230.180,230.260,231.540,156.08
2510014481,2026-06-12 17:00:00,231.330,231.420,233.120,134.48
2510014481,2026-06-12 17:30:00,228.870,228.960,230.500,130.96
2510014481,2026-06-12 18:00:00,228.930,228.810,230.840,98.4
2510014481,2026-06-12 18:30:00,228.560,228.570,230.600,111.36
2510014481,2026-06-12 19:00:00,229.770,229.630,231.890,91.04
2510014481,2026-06-12 19:30:00,228.860,229.010,231.000,96.88
2510014482,2026-06-12 11:30:00,236.390,236.320,237.270,10.96
2510014482,2026-06-12 12:00:00,236.420,236.320,237.290,16.72
2510014482,2026-06-12 12:30:00,233.240,233.290,234.110,6.72
2510014482,2026-06-12 13:00:00,233.240,233.330,234.100,11.92
2510014482,2026-06-12 13:30:00,232.820,232.650,233.550,9.12
2510014482,2026-06-12 14:00:00,231.440,231.300,232.360,13.12
2510014482,2026-06-12 14:30:00,237.240,237.200,238.230,17.6
2510014482,2026-06-12 15:00:00,233.660,233.420,234.350,17.6
2510014482,2026-06-12 15:30:00,232.590,232.650,233.590,18.48
2510014482,2026-06-12 16:00:00,234.220,234.030,234.890,16.16
2510014482,2026-06-12 16:30:00,235.660,235.650,236.470,13.72
2510014482,2026-06-12 17:00:00,238.750,238.860,239.810,15.12
2510014482,2026-06-12 17:30:00,235.860,235.820,236.910,11.68
2510014482,2026-06-12 18:00:00,237.000,236.930,238.160,14.92
2510014482,2026-06-12 18:30:00,236.040,235.900,237.140,9.56
2510014482,2026-06-12 19:00:00,236.550,236.560,237.790,8.36
2510014482,2026-06-12 19:30:00,232.450,232.460,233.690,8.28
2510014483,2026-06-12 11:30:00,240.300,240.450,241.540,18.3
2510014483,2026-06-12 12:00:00,238.360,238.360,239.580,22.2
2510014483,2026-06-12 12:31:00,235.000,234.840,236.190,9.9
2510014483,2026-06-12 13:00:00,232.570,232.510,233.940,10.5
2510014483,2026-06-12 13:31:00,235.310,235.350,236.670,9.6
2510014483,2026-06-12 14:00:00,234.180,234.250,235.620,18.6
2510014483,2026-06-12 14:30:00,236.410,236.390,237.740,15.6
2510014483,2026-06-12 15:00:00,236.690,236.640,237.920,19.8
2510014483,2026-06-12 15:30:00,236.260,236.190,237.470,25.2
2510014483,2026-06-12 16:00:00,236.610,236.580,237.820,16.8
2510014483,2026-06-12 16:30:00,237.710,237.620,238.880,13.5
2510014483,2026-06-12 17:00:00,236.410,236.420,237.700,7.8
2510014483,2026-06-12 17:30:00,236.610,236.540,237.930,8.1
2510014483,2026-06-12 18:02:00,237.100,237.100,238.480,13.5
2510014483,2026-06-12 18:30:00,236.960,236.820,238.270,14.1
2510014483,2026-06-12 19:00:00,237.380,237.220,238.790,18
2510014483,2026-06-12 19:30:00,237.010,236.930,238.470,15.6
2510014484,2026-06-12 11:31:00,234.010,233.520,234.370,200
2510014484,2026-06-12 12:00:00,234.340,233.760,234.470,171.84
2510014484,2026-06-12 12:30:00,232.840,232.300,232.860,146.24
2510014484,2026-06-12 13:00:00,234.620,233.990,234.640,145.76
2510014484,2026-06-12 13:30:00,233.610,233.110,233.740,184.96
2510014484,2026-06-12 14:00:00,233.220,232.780,233.400,189.12
2510014484,2026-06-12 14:30:00,235.080,234.640,235.380,205.6
2510014484,2026-06-12 15:00:00,235.180,234.800,235.560,149.12
2510014484,2026-06-12 15:30:00,235.260,234.900,235.690,148.48
2510014484,2026-06-12 16:00:00,235.920,235.610,236.410,196
2510014484,2026-06-12 16:30:00,237.260,237.010,237.800,148.96
2510014484,2026-06-12 17:00:00,238.400,238.240,239.060,136.8
2510014484,2026-06-12 17:30:00,237.530,237.080,238.040,161.28
2510014484,2026-06-12 18:00:00,238.140,237.680,238.730,132.16
2510014484,2026-06-12 18:30:00,239.430,238.960,239.990,119.68
2510014484,2026-06-12 19:00:00,235.950,235.530,236.360,13.6
2510014484,2026-06-12 19:31:00,235.220,234.650,235.740,10.08
2510178139,2026-06-12 11:30:00,236.950,237.870,236.970,99.6
2510178139,2026-06-12 12:00:00,237.240,238.200,237.360,71.4
2510178139,2026-06-12 12:30:00,233.320,234.320,233.320,74.4
2510178139,2026-06-12 13:00:00,232.760,234.030,233.170,81.6
2510178139,2026-06-12 13:30:00,233.290,234.100,233.440,87.6
2510178139,2026-06-12 14:00:00,231.600,232.580,231.780,93.3
2510178139,2026-06-12 14:30:00,238.430,239.400,238.340,81.6
2510178139,2026-06-12 15:01:00,234.350,235.140,234.290,144
2510178139,2026-06-12 15:30:00,233.160,234.050,233.110,69.6
2510178139,2026-06-12 16:00:00,234.570,235.490,234.640,81.6
2510178139,2026-06-12 16:30:00,236.210,236.970,236.220,81.6
2510178139,2026-06-12 17:00:00,239.060,240.020,239.080,81.9
2510178139,2026-06-12 17:30:00,235.950,236.980,236.050,77.4
2510178139,2026-06-12 18:00:00,237.400,238.500,237.540,74.1
2510178139,2026-06-12 18:30:00,236.160,237.390,236.300,81.6
2510178139,2026-06-12 19:00:00,236.750,238.020,236.770,70.2
2510178139,2026-06-12 19:30:00,232.730,233.950,232.700,46.2
2510178141,2026-06-12 11:30:00,236.290,236.460,237.630,16.48
2510178141,2026-06-12 12:00:00,236.160,236.300,237.460,16.24
2510178141,2026-06-12 12:30:00,232.970,233.100,234.200,12.36
2510178141,2026-06-12 13:00:00,233.140,233.320,234.410,10.6
2510178141,2026-06-12 13:30:00,232.940,232.990,234.110,10.68
2510178141,2026-06-12 14:00:00,231.650,231.750,233.010,16.76
2510178141,2026-06-12 14:30:00,237.530,237.980,239.160,10.28
2510178141,2026-06-12 15:00:00,233.470,233.660,234.660,10.64
2510178141,2026-06-12 15:30:00,232.990,233.180,234.550,10.16
2510178141,2026-06-12 16:00:00,234.110,234.400,235.660,12.44
2510178141,2026-06-12 16:30:00,235.650,236.030,237.080,10.2
2510178141,2026-06-12 17:00:00,238.620,238.850,239.940,10.28
2510178141,2026-06-12 17:30:00,236.380,236.130,237.290,0.32
2510178141,2026-06-12 18:00:00,237.390,237.240,238.490,0.36
2510178141,2026-06-12 18:30:00,236.490,236.160,237.570,0.28
2510178141,2026-06-12 19:00:00,236.700,236.520,237.910,0.32
2510178141,2026-06-12 19:30:00,232.440,232.350,233.660,0.32
2510203103,2026-06-12 11:30:00,229.800,228.050,228.290,262.8
2510203103,2026-06-12 12:00:00,228.020,226.380,226.490,252.4
2510203103,2026-06-12 12:30:00,226.800,225.080,225.180,224.4
2510203103,2026-06-12 13:00:00,222.820,221.180,221.240,243.6
2510203103,2026-06-12 13:30:00,221.800,219.930,220.070,244.4
2510203103,2026-06-12 14:00:00,220.370,218.390,218.590,234.8
2510203103,2026-06-12 14:30:00,225.430,223.610,223.730,279.2
2510203103,2026-06-12 15:00:00,226.440,224.480,224.790,250.8
2510203103,2026-06-12 15:31:00,225.980,224.130,224.510,262.8
2510203103,2026-06-12 16:00:00,226.810,224.920,224.940,234.8
2510203103,2026-06-12 16:30:00,227.560,225.800,226.010,256.4
2510203103,2026-06-12 17:00:00,229.640,227.730,228.040,234.4
2510203103,2026-06-12 17:30:00,227.130,225.290,225.470,224.8
2510203103,2026-06-12 18:00:00,227.060,225.190,225.160,206.4
2510203103,2026-06-12 18:30:00,227.210,225.140,225.340,219.6
2510203103,2026-06-12 19:00:00,227.680,225.470,225.570,199.6
2510203103,2026-06-12 19:30:00,227.210,225.150,225.210,248.8
2510203104,2026-06-12 11:30:00,239.980,239.780,240.970,124.64
2510203104,2026-06-12 12:00:00,237.920,237.730,239.020,101.44
2510203104,2026-06-12 12:30:00,235.410,235.190,236.500,94.88
2510203104,2026-06-12 13:00:00,232.440,232.190,233.600,105.12
2510203104,2026-06-12 13:30:00,234.920,234.630,236.150,148.16
2510203104,2026-06-12 14:00:00,233.790,233.350,235.010,149.28
2510203104,2026-06-12 14:30:00,240.120,239.670,241.160,147.84
2510203104,2026-06-12 15:00:00,236.340,235.760,237.310,148.8
2510203104,2026-06-12 15:31:00,236.320,235.920,237.370,134.88
2510203104,2026-06-12 16:00:00,236.450,236.090,237.560,151.04
2510203104,2026-06-12 16:30:00,236.760,236.470,237.910,139.36
2510203104,2026-06-12 17:00:00,235.650,235.310,236.790,153.92
2510203104,2026-06-12 17:30:00,236.210,235.930,237.400,119.52
2510203104,2026-06-12 18:00:00,236.640,236.500,237.860,63.84
2510203104,2026-06-12 18:30:00,236.960,236.800,238.210,68
2510203104,2026-06-12 19:00:00,237.310,237.180,238.680,81.6
2510203104,2026-06-12 19:30:00,237.030,236.860,238.300,44.48
2510203105,2026-06-12 11:30:00,235.230,233.460,233.920,78.3
2510203105,2026-06-12 12:00:00,234.110,232.250,232.560,58.6
2510203105,2026-06-12 12:30:00,231.500,229.700,230.040,33.9
2510203105,2026-06-12 13:00:00,227.830,226.050,226.200,76.3
2510203105,2026-06-12 13:30:00,227.160,225.210,225.520,80.3
2510203105,2026-06-12 14:00:00,225.940,223.790,224.130,88.5
2510203105,2026-06-12 14:30:00,231.330,229.290,229.300,59.1
2510203105,2026-06-12 15:00:00,233.130,230.760,231.240,43
2510203105,2026-06-12 15:30:00,231.040,229.020,229.430,41.6
2510203105,2026-06-12 16:00:00,231.930,230.030,230.400,41.9
2510203105,2026-06-12 16:30:00,234.230,232.150,232.490,35.9
2510203105,2026-06-12 17:00:00,235.930,234.000,234.260,23.1
2510203105,2026-06-12 17:30:00,232.720,230.820,231.130,35.6
2510203105,2026-06-12 18:00:00,232.640,230.720,230.810,43.5
2510203105,2026-06-12 18:30:00,232.890,230.770,231.030,37.6
2510203105,2026-06-12 19:00:00,234.020,231.800,231.950,34.8
2510203105,2026-06-12 19:30:00,233.300,231.170,231.450,9
2510203106,2026-06-12 11:30:00,234.600,234.120,234.770,0.5
2510203106,2026-06-12 12:00:00,234.920,234.290,234.880,0.5
2510203106,2026-06-12 12:30:00,233.430,232.860,233.210,0.5
2510203106,2026-06-12 13:00:00,234.860,234.260,234.730,0.5
2510203106,2026-06-12 13:30:00,234.170,233.650,234.130,0.5
2510203106,2026-06-12 14:00:00,234.010,233.540,234.020,0.5
2510203106,2026-06-12 14:30:00,235.720,235.340,235.870,0.5
2510203106,2026-06-12 15:00:00,236.090,235.710,236.330,0.5
2510203106,2026-06-12 15:30:00,235.630,235.330,235.990,0.5
2510203106,2026-06-12 16:00:00,236.340,236.120,236.840,0.5
2510203106,2026-06-12 16:30:00,237.530,237.310,237.960,0.5
2510203106,2026-06-12 17:00:00,238.540,238.400,239.160,0.5
2510203106,2026-06-12 17:30:00,238.080,237.670,238.510,0.5
2510203106,2026-06-12 18:00:00,238.930,238.470,239.370,0.6
2510203106,2026-06-12 18:30:00,239.820,239.350,240.230,0.6
2510203106,2026-06-12 19:00:00,235.790,235.330,236.180,2.1
2510203106,2026-06-12 19:30:00,235.090,234.640,235.660,2.1
2510203107,2026-06-12 11:30:00,223.560,223.160,223.690,28.2
2510203107,2026-06-12 12:00:00,223.750,223.180,223.630,29.4
2510203107,2026-06-12 12:30:00,222.180,221.730,221.990,25.8
2510203107,2026-06-12 13:00:00,223.680,223.140,223.570,27
2510203107,2026-06-12 13:30:00,223.050,222.640,223.000,28.2
2510203107,2026-06-12 14:00:00,222.560,222.170,222.570,25.2
2510203107,2026-06-12 14:30:00,224.380,224.070,224.510,46.8
2510203107,2026-06-12 15:00:00,224.590,224.330,224.870,49.2
2510203107,2026-06-12 15:30:00,224.500,224.230,224.760,29.4
2510203107,2026-06-12 16:00:00,224.920,224.740,225.290,31.8
2510203107,2026-06-12 16:30:00,226.270,226.150,226.690,31.2
2510203107,2026-06-12 17:00:00,227.250,227.140,227.770,20.4
2510203107,2026-06-12 17:30:00,226.680,226.370,227.050,17.4
2510203107,2026-06-12 18:00:00,227.530,227.180,227.900,16.2
2510203107,2026-06-12 18:32:00,228.210,227.850,228.570,20.4
2510203107,2026-06-12 19:00:00,224.350,224.020,224.700,17.4
2510203107,2026-06-12 19:30:00,223.710,223.260,224.160,25.2
2510203108,2026-06-12 11:30:00,236.260,237.240,236.250,55.52
2510203108,2026-06-12 12:00:00,236.360,237.440,236.470,52.32
2510203108,2026-06-12 12:30:00,232.440,233.550,232.460,56.48
2510203108,2026-06-12 13:00:00,233.450,234.410,233.580,55.28
2510203108,2026-06-12 13:30:00,232.680,233.560,232.850,58.08
2510203108,2026-06-12 14:00:00,231.630,232.710,231.980,44.88
2510203108,2026-06-12 14:30:00,237.530,238.460,237.650,62.08
2510203108,2026-06-12 15:00:00,233.320,234.460,233.790,56.24
2510203108,2026-06-12 15:30:00,232.800,234.240,233.080,57.6
2510203108,2026-06-12 16:02:00,233.290,234.170,233.300,67.36
2510203108,2026-06-12 16:30:00,235.730,236.460,235.710,69.52
2510203108,2026-06-12 17:00:00,236.550,238.010,237.030,88.4
2510203108,2026-06-12 17:30:00,235.220,236.320,235.670,74.88
2510203108,2026-06-12 18:00:00,236.640,237.930,237.150,66.4
2510203108,2026-06-12 18:30:00,236.060,237.330,236.540,73.52
2510203108,2026-06-12 19:00:00,236.320,237.590,236.570,59.28
2510203108,2026-06-12 19:30:00,232.350,233.560,232.450,53.76
2510203109,2026-06-12 11:30:00,240.040,241.140,239.740,88.8
2510203109,2026-06-12 12:00:00,238.400,239.640,238.190,42.72
2510203109,2026-06-12 12:30:00,235.220,236.560,235.200,35.2
2510203109,2026-06-12 13:00:00,232.140,233.480,232.040,51.84
2510203109,2026-06-12 13:30:00,234.970,236.340,234.680,83.84
2510203109,2026-06-12 14:00:00,233.910,235.240,233.660,83.36
2510203109,2026-06-12 14:30:00,235.890,237.310,235.770,88.96
2510203109,2026-06-12 15:00:00,236.160,237.480,236.150,86.08
2510203109,2026-06-12 15:30:00,235.750,237.050,235.620,80.16
2510203109,2026-06-12 16:00:00,236.290,237.560,236.170,83.2
2510203109,2026-06-12 16:30:00,236.950,238.300,236.890,84.8
2510203109,2026-06-12 17:01:00,236.200,237.490,236.030,80.16
2510203109,2026-06-12 17:30:00,235.920,237.430,235.820,84.16
2510203109,2026-06-12 18:00:00,236.290,237.700,236.210,83.2
2510203109,2026-06-12 18:30:00,236.290,237.790,236.260,82.4
2510203109,2026-06-12 19:00:00,237.080,238.510,236.970,62.08
2510203109,2026-06-12 19:30:00,236.990,238.500,236.940,29.6
2510203111,2026-06-12 11:30:00,236.010,236.430,237.080,42.6
2510203111,2026-06-12 12:00:00,235.720,236.060,236.830,37.08
2510203111,2026-06-12 12:31:00,232.620,232.810,233.620,32.04
2510203111,2026-06-12 13:00:00,232.980,233.370,234.090,42.44
2510203111,2026-06-12 13:30:00,232.550,232.780,233.430,42.56
2510203111,2026-06-12 14:00:00,231.200,231.230,232.140,32.44
2510203111,2026-06-12 14:30:00,237.040,237.410,238.120,41.4
2510203111,2026-06-12 15:00:00,233.090,233.190,233.880,40.88
2510203111,2026-06-12 15:30:00,232.530,232.820,233.760,34.28
2510203111,2026-06-12 16:00:00,234.030,234.160,235.000,34.2
2510203111,2026-06-12 16:30:00,235.760,236.140,236.860,42.72
2510203111,2026-06-12 17:00:00,238.250,238.580,239.320,42.48
2510203111,2026-06-12 17:30:00,235.440,235.640,236.630,32.08
2510203111,2026-06-12 18:00:00,236.760,236.960,238.020,42.6
2510203111,2026-06-12 18:30:00,236.010,236.120,237.310,42.28
2510203111,2026-06-12 19:01:00,235.980,236.280,237.400,41.96
2510203111,2026-06-12 19:30:00,231.750,232.260,233.440,34.32
2510203113,2026-06-12 11:30:00,234.190,233.620,233.320,312.96
2510203113,2026-06-12 12:00:00,233.950,233.700,233.220,309.28
2510203113,2026-06-12 12:30:00,232.210,232.190,231.750,275.68
2510203113,2026-06-12 13:00:00,234.500,234.430,233.860,276.16
2510203113,2026-06-12 13:30:00,233.590,233.310,232.870,279.52
2510203113,2026-06-12 14:00:00,233.300,233.060,232.630,291.04
2510203113,2026-06-12 14:30:00,235.160,234.790,234.370,297.12
2510203113,2026-06-12 15:00:00,235.440,235.020,234.670,289.12
2510203113,2026-06-12 15:30:00,235.320,234.760,234.460,299.68
2510203113,2026-06-12 16:00:00,236.270,235.600,235.390,284.64
2510203113,2026-06-12 16:30:00,237.320,236.790,236.620,247.52
2510203113,2026-06-12 17:00:00,238.920,238.150,238.040,232.96
2510203113,2026-06-12 17:30:00,238.280,237.640,237.430,182.88
2510203113,2026-06-12 18:00:00,238.910,238.200,238.000,170.4
2510203113,2026-06-12 18:30:00,239.860,239.290,239.030,148.32
2510203113,2026-06-12 19:00:00,236.110,235.550,235.380,135.84
2510203113,2026-06-12 19:30:00,235.440,234.820,234.530,133.28
2510203114,2026-06-12 11:30:00,240.000,239.940,241.040,76.68
2510203114,2026-06-12 12:00:00,238.020,238.050,239.190,46.56
2510203114,2026-06-12 12:30:00,234.920,234.860,236.120,63.36
2510203114,2026-06-12 13:00:00,232.020,231.990,233.350,44.88
2510203114,2026-06-12 13:30:00,234.910,234.770,236.290,85.2
2510203114,2026-06-12 14:00:00,233.740,233.520,235.150,104.16
2510203114,2026-06-12 14:30:00,235.790,235.530,236.980,111.72
2510203114,2026-06-12 15:00:00,236.190,235.860,237.320,87.72
2510203114,2026-06-12 15:30:00,235.420,235.120,236.570,114
2510203114,2026-06-12 16:00:00,236.060,235.880,237.330,97.56
2510203114,2026-06-12 16:30:00,236.770,236.560,237.930,88.44
2510203114,2026-06-12 17:00:00,235.650,235.480,236.890,92.52
2510203114,2026-06-12 17:30:00,235.950,235.910,237.260,84.96
2510203114,2026-06-12 18:00:00,236.580,236.650,237.890,35.28
2510203114,2026-06-12 18:30:00,236.660,236.680,237.990,32.16
2510203114,2026-06-12 19:00:00,237.010,237.090,238.560,24.72
2510203114,2026-06-12 19:30:00,236.840,236.960,238.300,29.4
2510203115,2026-06-12 11:30:00,233.680,234.670,233.960,33.24
2510203115,2026-06-12 12:02:00,234.140,234.760,234.600,28.88
2510203115,2026-06-12 12:30:00,232.340,232.590,232.370,25.96
2510203115,2026-06-12 13:00:00,233.280,234.180,233.940,33.16
2510203115,2026-06-12 13:30:00,233.250,233.870,233.980,24.24
2510203115,2026-06-12 14:00:00,231.400,231.930,232.080,32.28
2510203115,2026-06-12 14:30:00,234.680,235.560,235.210,34.12
2510203115,2026-06-12 15:00:00,235.270,235.650,235.330,23.2
2510203115,2026-06-12 15:30:00,235.000,235.710,235.290,22.44
2510203115,2026-06-12 16:00:00,235.570,236.020,236.190,27.64
2510203115,2026-06-12 16:30:00,236.740,237.220,237.060,31.4
2510203115,2026-06-12 17:00:00,238.060,238.650,237.970,35.44
2510203115,2026-06-12 17:30:00,237.540,238.130,237.770,23.8
2510203115,2026-06-12 18:00:00,238.440,239.010,238.510,23.64
2510203115,2026-06-12 18:30:00,238.880,240.210,239.510,17.28
2510203115,2026-06-12 19:00:00,234.790,235.880,235.350,19.64
2510203115,2026-06-12 19:30:00,234.360,235.610,234.650,17.56
2510203117,2026-06-12 11:30:00,231.200,230.390,230.540,5.04
2510203117,2026-06-12 12:01:00,235.500,234.750,234.940,6
2510203117,2026-06-12 12:32:00,228.000,227.260,227.420,6.96
2510203117,2026-06-12 13:00:00,229.290,228.460,228.620,5.76
2510203117,2026-06-12 13:30:00,230.070,229.300,229.360,6.08
2510203117,2026-06-12 14:00:00,228.510,227.800,227.880,9.68
2510203117,2026-06-12 14:31:00,231.060,230.180,230.260,8.64
2510203117,2026-06-12 15:00:00,230.810,230.080,230.080,13.6
2510203117,2026-06-12 15:30:00,230.140,229.210,229.120,8.56
2510203117,2026-06-12 16:00:00,231.190,230.420,230.360,15.92
2510203117,2026-06-12 16:30:00,232.550,231.610,231.630,16.32
2510203117,2026-06-12 17:00:00,230.900,229.850,230.210,13.6
2510203117,2026-06-12 17:30:00,231.730,230.690,230.830,13.84
2510203117,2026-06-12 18:00:00,232.080,230.610,230.900,5.92
2510203117,2026-06-12 18:30:00,233.840,232.480,232.520,8.08
2510203117,2026-06-12 19:00:00,233.520,232.090,232.350,24.32
2510203117,2026-06-12 19:30:00,233.440,232.230,232.190,21.36
2510203118,2026-06-12 11:30:00,126.760,126.770,127.420,32.64
2510203118,2026-06-12 12:00:00,125.690,125.620,126.360,37.76
2510203118,2026-06-12 12:30:00,124.270,124.150,124.930,27.52
2510203118,2026-06-12 13:00:00,122.740,122.650,123.430,28.8
2510203118,2026-06-12 13:30:00,124.230,124.190,124.990,30.72
2510203118,2026-06-12 14:00:00,123.550,123.550,124.320,33.28
2510203118,2026-06-12 14:30:00,124.770,124.700,125.440,35.84
2510203118,2026-06-12 15:00:00,124.880,124.770,125.520,35.2
2510203118,2026-06-12 15:30:00,124.660,124.580,125.330,33.28
2510203118,2026-06-12 16:00:00,124.870,124.830,125.530,33.92
2510203118,2026-06-12 16:30:00,125.420,125.340,126.080,36.48
2510203118,2026-06-12 17:00:00,124.670,124.620,125.350,33.28
2510203118,2026-06-12 17:30:00,124.870,124.790,125.570,30.72
2510203118,2026-06-12 18:00:00,124.970,124.860,125.670,26.24
2510203118,2026-06-12 18:30:00,125.000,124.880,125.730,22.4
2510203118,2026-06-12 19:00:00,125.340,125.230,126.120,21.76
2510203118,2026-06-12 19:30:00,125.100,124.990,125.860,23.04
2510203119,2026-06-12 11:30:00,231.390,230.480,230.620,10.6
2510203119,2026-06-12 12:00:00,234.890,234.090,234.280,9.56
2510203119,2026-06-12 12:30:00,228.720,227.930,228.110,8.64
2510203119,2026-06-12 13:00:00,229.550,228.700,228.810,5.48
2510203119,2026-06-12 13:30:00,229.840,229.110,229.180,7.64
2510203119,2026-06-12 14:00:00,228.560,227.740,227.840,11.2
2510203119,2026-06-12 14:30:00,231.420,230.540,230.450,9.8
2510203119,2026-06-12 15:00:00,231.110,230.280,230.350,18.8
2510203119,2026-06-12 15:30:00,230.200,229.230,229.060,15.36
2510203119,2026-06-12 16:00:00,231.330,230.420,230.310,17.2
2510203119,2026-06-12 16:30:00,232.780,231.840,231.810,17.28
2510203119,2026-06-12 17:00:00,231.010,230.010,230.280,27.08
2510203119,2026-06-12 17:30:00,231.700,230.600,230.740,16.48
2510203119,2026-06-12 18:02:00,232.420,230.920,231.120,3.2
2510203119,2026-06-12 18:30:00,234.030,232.620,232.700,2.36
2510203119,2026-06-12 19:00:00,233.680,232.160,232.440,2.28
2510203119,2026-06-12 19:30:00,233.580,232.080,232.130,2.16
2510203120,2026-06-12 11:32:00,240.850,239.530,239.830,179.52
2510203120,2026-06-12 12:00:00,238.430,237.140,237.330,186.24
2510203120,2026-06-12 12:30:00,236.250,235.010,235.110,158.72
2510203120,2026-06-12 13:00:00,232.890,231.520,231.670,210.56
2510203120,2026-06-12 13:30:00,235.680,234.330,234.490,182.56
2510203120,2026-06-12 14:00:00,234.890,233.430,233.670,175.2
2510203120,2026-06-12 14:30:00,241.170,239.910,240.040,165.92
2510203120,2026-06-12 15:00:00,237.290,236.060,236.160,161.12
2510203120,2026-06-12 15:30:00,236.770,235.530,235.650,150.4
2510203120,2026-06-12 16:00:00,237.620,236.290,236.530,145.6
2510203120,2026-06-12 16:30:00,238.240,236.910,236.980,124.96
2510203120,2026-06-12 17:00:00,236.970,235.640,235.780,116.96
2510203120,2026-06-12 17:32:00,237.760,236.330,236.440,66.72
2510203120,2026-06-12 18:00:00,237.800,236.360,236.470,53.92
2510203120,2026-06-12 18:30:00,238.300,236.880,236.910,62.88
2510203120,2026-06-12 19:00:00,238.370,236.920,236.890,62.24
2510203120,2026-06-12 19:30:00,238.310,236.820,236.790,52.8
2510203121,2026-06-12 11:30:00,230.590,230.810,231.540,19.5
2510203121,2026-06-12 12:01:00,234.590,234.810,235.410,16.3
2510203121,2026-06-12 12:30:00,227.850,228.030,228.820,14.2
2510203121,2026-06-12 13:00:00,228.420,228.570,229.340,15.3
2510203121,2026-06-12 13:30:00,229.170,229.230,230.100,32.5
2510203121,2026-06-12 14:00:00,227.680,227.780,228.690,44.3
2510203121,2026-06-12 14:30:00,230.450,230.500,231.600,47
2510203121,2026-06-12 15:02:00,230.640,230.730,231.650,45.5
2510203121,2026-06-12 15:32:00,230.260,230.250,231.320,14.5
2510203121,2026-06-12 16:00:00,230.580,230.540,231.560,43.8
2510203121,2026-06-12 16:30:00,231.800,231.970,232.990,57.3
2510203121,2026-06-12 17:01:00,230.430,230.660,231.480,40.7
2510203121,2026-06-12 17:30:00,230.530,230.730,231.810,36.8
2510203121,2026-06-12 18:00:00,230.410,230.700,231.820,36.8
2510203121,2026-06-12 18:30:00,232.090,232.220,233.320,32.7
2510203121,2026-06-12 19:00:00,231.980,232.340,233.400,37.6
2510203121,2026-06-12 19:30:00,231.910,232.060,233.320,45.1
2510203122,2026-06-12 11:30:00,236.200,236.300,237.150,6.48
2510203122,2026-06-12 12:00:00,236.280,236.360,237.230,7.84
2510203122,2026-06-12 12:30:00,233.050,233.320,234.210,8.16
2510203122,2026-06-12 13:00:00,232.960,233.280,234.030,9.36
2510203122,2026-06-12 13:30:00,232.600,232.530,233.430,10.12
2510203122,2026-06-12 14:00:00,231.340,231.400,232.400,13.56
2510203122,2026-06-12 14:30:00,237.030,237.190,238.130,11.2
2510203122,2026-06-12 15:00:00,233.430,233.390,234.290,13.28
2510203122,2026-06-12 15:30:00,232.620,232.850,233.730,11.6
2510203122,2026-06-12 16:00:00,234.030,234.040,234.870,13.12
2510203122,2026-06-12 16:30:00,235.590,235.810,236.590,13.88
2510203122,2026-06-12 17:00:00,238.570,238.920,239.830,10.6
2510203122,2026-06-12 17:30:00,235.780,235.880,236.900,13.52
2510203122,2026-06-12 18:00:00,237.140,237.250,238.340,11.8
2510203122,2026-06-12 18:30:00,236.040,236.060,237.270,13.8
2510203122,2026-06-12 19:00:00,236.540,236.720,237.920,11.24
2510203122,2026-06-12 19:30:00,232.370,232.500,233.710,8.36
2510203123,2026-06-12 11:30:00,236.020,236.340,237.060,64.8
2510203123,2026-06-12 12:00:00,235.520,235.790,236.560,40.32
2510203123,2026-06-12 12:31:00,231.870,232.080,233.000,22.04
2510203123,2026-06-12 13:00:00,233.000,233.300,234.160,40.32
2510203123,2026-06-12 13:30:00,232.470,232.600,233.340,23.6
2510203123,2026-06-12 14:00:00,231.540,231.740,232.600,31.2
2510203123,2026-06-12 14:30:00,237.020,237.110,238.000,49
2510203123,2026-06-12 15:00:00,233.030,233.050,233.800,56.08
2510203123,2026-06-12 15:30:00,232.610,232.790,233.730,35.64
2510203123,2026-06-12 16:00:00,234.110,234.240,235.080,42.24
2510203123,2026-06-12 16:30:00,234.710,235.230,235.990,38.2
2510203123,2026-06-12 17:00:00,238.570,238.840,239.700,34.2
2510203123,2026-06-12 17:30:00,235.650,235.750,236.770,22.64
2510203123,2026-06-12 18:00:00,236.730,236.860,237.980,52.6
2510203123,2026-06-12 18:30:00,235.710,235.750,237.000,42.4
2510203123,2026-06-12 19:00:00,236.160,236.280,237.540,29.56
2510203123,2026-06-12 19:30:00,232.080,232.220,233.410,18.2
2510203124,2026-06-12 11:30:00,236.720,237.030,236.390,582.4
2510203124,2026-06-12 12:00:00,236.240,236.570,235.910,699.2
2510203124,2026-06-12 12:30:00,232.360,232.840,232.040,660.8
2510203124,2026-06-12 13:00:00,232.300,233.100,232.390,672.8
2510203124,2026-06-12 13:30:00,232.350,232.730,232.320,639.2
2510203124,2026-06-12 14:00:00,230.930,231.380,230.740,632.8
2510203124,2026-06-12 14:30:00,237.590,238.000,237.090,685.6
2510203124,2026-06-12 15:00:00,233.260,233.610,233.080,644.8
2510203124,2026-06-12 15:30:00,232.510,232.850,232.110,681.6
2510203124,2026-06-12 16:00:00,233.910,234.230,233.670,744
2510203124,2026-06-12 16:30:00,235.490,235.720,235.160,611.2
2510203124,2026-06-12 17:00:00,238.680,239.080,238.350,466.4
2510203124,2026-06-12 17:30:00,235.450,236.090,235.270,484.8
2510203124,2026-06-12 18:00:00,237.080,237.820,236.850,404.8
2510203124,2026-06-12 18:30:00,235.560,236.330,235.360,424
2510203124,2026-06-12 19:00:00,236.020,236.840,235.710,508.8
2510203124,2026-06-12 19:30:00,232.240,232.980,231.860,415.2
2510203125,2026-06-12 11:30:00,234.820,235.400,235.250,3.2
2510203125,2026-06-12 12:00:00,234.760,235.260,235.370,4.64
2510203125,2026-06-12 12:30:00,233.060,233.350,233.510,4.48
2510203125,2026-06-12 13:00:00,234.580,235.010,235.100,4.48
2510203125,2026-06-12 13:30:00,234.300,234.710,234.710,3.36
2510203125,2026-06-12 14:00:00,233.850,234.280,234.240,3.04
2510203125,2026-06-12 14:30:00,235.980,236.460,236.320,4.16
2510203125,2026-06-12 15:00:00,236.180,236.670,236.450,4.32
2510203125,2026-06-12 15:30:00,235.980,236.530,236.200,4.32
2510203125,2026-06-12 16:00:00,236.600,237.210,236.770,4.32
2510203125,2026-06-12 16:30:00,237.910,238.470,238.030,2.72
2510203125,2026-06-12 17:00:00,238.920,239.530,238.920,2.72
2510203125,2026-06-12 17:30:00,238.180,238.890,238.480,2.72
2510203125,2026-06-12 18:00:00,239.070,239.930,239.420,3.04
2510203125,2026-06-12 18:30:00,239.620,240.430,240.000,2.72
2510203125,2026-06-12 19:00:00,235.700,236.430,236.030,4.8
2510203125,2026-06-12 19:30:00,235.110,236.050,235.540,5.44
2510203127,2026-06-12 11:30:00,236.180,236.500,237.390,27.2
2510203127,2026-06-12 12:00:00,236.940,236.990,237.950,21.88
2510203127,2026-06-12 12:30:00,232.370,232.600,233.470,9.6
2510203127,2026-06-12 13:00:00,232.980,233.080,234.070,15.16
2510203127,2026-06-12 13:30:00,232.630,232.510,233.420,47.76
2510203127,2026-06-12 14:00:00,231.470,231.410,232.490,28.32
2510203127,2026-06-12 14:30:00,237.420,237.640,238.350,26.76
2510203127,2026-06-12 15:00:00,233.770,233.590,234.510,27.4
2510203127,2026-06-12 15:30:00,232.720,232.950,233.890,44.12
2510203127,2026-06-12 16:00:00,234.080,233.990,234.960,29.56
2510203127,2026-06-12 16:30:00,235.520,235.570,236.370,30.12
2510203127,2026-06-12 17:00:00,238.560,238.780,239.810,21.04
2510203127,2026-06-12 17:30:00,235.770,235.910,236.970,20.08
2510203127,2026-06-12 18:00:00,237.360,237.370,238.600,20.64
2510203127,2026-06-12 18:30:00,235.940,235.830,237.180,15
2510203127,2026-06-12 19:00:00,236.320,236.480,237.730,3.04
2510203127,2026-06-12 19:30:00,232.440,232.580,233.890,0.52
2510203128,2026-06-12 11:30:00,240.520,241.220,239.540,544
2510203128,2026-06-12 12:00:00,238.200,239.200,237.490,432.5
2510203128,2026-06-12 12:30:00,235.700,236.900,235.200,382
2510203128,2026-06-12 13:00:00,232.700,233.790,231.940,500
2510203128,2026-06-12 13:30:00,235.220,236.280,234.350,541.5
2510203128,2026-06-12 14:00:00,233.970,235.110,233.140,559
2510203128,2026-06-12 14:30:00,240.310,241.380,239.680,558.5
2510203128,2026-06-12 15:00:00,236.590,237.540,235.840,548.5
2510203128,2026-06-12 15:30:00,235.880,236.880,235.180,559.5
2510203128,2026-06-12 16:00:00,236.540,237.560,235.740,557.5
2510203128,2026-06-12 16:30:00,237.020,238.140,236.360,554.5
2510203128,2026-06-12 17:00:00,236.080,237.160,235.310,551
2510203128,2026-06-12 17:30:00,236.390,237.500,235.640,542
2510203128,2026-06-12 18:00:00,236.770,237.950,236.050,490
2510203128,2026-06-12 18:30:00,236.620,237.800,235.930,542.5
2510203128,2026-06-12 19:00:00,237.120,238.180,236.220,651
2510203128,2026-06-12 19:30:00,236.460,237.550,235.540,671.5
2510203133,2026-06-12 11:30:00,235.980,235.900,237.060,12.6
2510203133,2026-06-12 12:00:00,235.900,235.920,236.870,8.08
2510203133,2026-06-12 12:30:00,232.890,233.020,233.810,3.72
2510203133,2026-06-12 13:00:00,233.590,233.790,234.660,6.4
2510203133,2026-06-12 13:30:00,232.770,232.980,233.790,7.48
2510203133,2026-06-12 14:00:00,230.790,230.670,231.570,8.32
2510203133,2026-06-12 14:30:00,236.520,236.630,237.670,10.08
2510203133,2026-06-12 15:00:00,233.110,232.880,233.950,7.28
2510203133,2026-06-12 15:30:00,232.580,232.570,233.670,7.08
2510203133,2026-06-12 16:00:00,234.180,234.190,235.210,10.84
2510203133,2026-06-12 16:30:00,234.970,235.060,236.080,10.64
2510203133,2026-06-12 17:00:00,238.160,238.200,239.300,7.52
2510203133,2026-06-12 17:30:00,235.790,235.910,236.970,8.72
2510203133,2026-06-12 18:00:00,236.730,236.760,237.990,11.28
2510203133,2026-06-12 18:30:00,236.020,236.000,237.300,13.92
2510203133,2026-06-12 19:00:00,236.020,236.000,237.400,9.56
2510203133,2026-06-12 19:30:00,232.400,232.390,233.690,9.52
2510203134,2026-06-12 11:30:00,241.820,240.510,240.540,2.56
2510203134,2026-06-12 12:00:00,240.030,238.680,238.640,2.24
2510203134,2026-06-12 12:30:00,237.670,236.300,236.140,2.24
2510203134,2026-06-12 13:00:00,234.660,233.270,233.000,2.24
2510203134,2026-06-12 13:30:00,237.100,235.580,235.500,2.24
2510203134,2026-06-12 14:00:00,235.890,234.400,234.350,2.24
2510203134,2026-06-12 14:30:00,242.090,240.720,240.530,2.56
2510203134,2026-06-12 15:00:00,238.210,236.810,236.650,2.24
2510203134,2026-06-12 15:30:00,237.770,236.310,236.170,2.24
2510203134,2026-06-12 16:00:00,238.590,237.250,237.120,2.24
2510203134,2026-06-12 16:30:00,239.320,237.900,237.670,2.24
2510203134,2026-06-12 17:00:00,237.960,236.510,236.420,2.24
2510203134,2026-06-12 17:30:00,238.360,236.940,236.790,2.24
2510203134,2026-06-12 18:00:00,238.330,236.880,236.790,2.24
2510203134,2026-06-12 18:30:00,238.850,237.420,237.210,2.24
2510203134,2026-06-12 19:00:00,239.290,237.730,237.580,2.24
2510203134,2026-06-12 19:30:00,238.710,237.210,237.020,2.24
2510224049,2026-06-12 11:30:00,230.310,230.940,230.220,0.25
2510224049,2026-06-12 12:00:00,234.220,234.650,233.980,0.25
2510224049,2026-06-12 12:30:00,227.670,228.140,227.510,0.25
2510224049,2026-06-12 13:00:00,228.320,228.950,228.220,0.25
2510224049,2026-06-12 13:30:00,228.910,229.490,228.880,0.25
2510224049,2026-06-12 14:00:00,227.510,228.090,227.480,0.25
2510224049,2026-06-12 14:30:00,230.270,230.920,230.170,0.25
2510224049,2026-06-12 15:00:00,229.840,230.420,229.750,0.25
2510224049,2026-06-12 15:30:00,228.850,229.780,228.940,0.24
2510224049,2026-06-12 16:00:00,230.110,230.910,230.090,0.23
2510224049,2026-06-12 16:30:00,231.690,232.520,231.640,0.25
2510224049,2026-06-12 17:00:00,230.250,230.850,229.890,0.24
2510224049,2026-06-12 17:30:00,230.630,231.390,230.420,0.25
2510224049,2026-06-12 18:00:00,230.810,231.900,230.500,0.16
2510224049,2026-06-12 18:30:00,232.310,233.380,232.150,2.4
2510224049,2026-06-12 19:00:00,231.960,233.190,231.790,11.98
2510224049,2026-06-12 19:30:00,231.820,233.210,231.820,11.96
2510224167,2026-06-12 11:30:00,230.510,230.540,231.530,0.24
2510224167,2026-06-12 12:00:00,234.270,234.350,235.170,0.24
2510224167,2026-06-12 12:31:00,227.310,227.370,228.300,0.24
2510224167,2026-06-12 13:02:00,228.130,228.110,229.070,0.24
2510224167,2026-06-12 13:30:00,229.240,229.200,230.170,0.24
2510224167,2026-06-12 14:00:00,227.890,227.780,228.850,0.24
2510224167,2026-06-12 14:30:00,230.320,230.300,231.430,0.24
2510224167,2026-06-12 15:02:00,230.600,230.550,231.650,0.24
2510224167,2026-06-12 15:30:00,229.470,229.320,230.590,0.24
2510224167,2026-06-12 16:00:00,230.720,230.380,231.720,2.77
2510224167,2026-06-12 16:30:00,232.140,232.140,233.250,0.6
2510224167,2026-06-12 17:00:00,230.210,230.450,231.370,0.6
2510224167,2026-06-12 17:30:00,230.730,230.730,231.910,0.45
2510224167,2026-06-12 18:01:00,230.890,230.940,232.240,0.45
2510224167,2026-06-12 18:30:00,232.380,232.310,233.640,0.45
2510224167,2026-06-12 19:00:00,232.010,232.120,233.390,7.31
2510224167,2026-06-12 19:30:00,231.970,231.840,233.250,7.31
2510317505,2026-06-12 11:30:00,230.470,230.560,231.380,0.27
2510317505,2026-06-12 12:00:00,234.290,234.510,235.210,0.27
2510317505,2026-06-12 12:30:00,227.650,227.760,228.600,0.27
2510317505,2026-06-12 13:00:00,228.570,228.670,229.510,0.27
2510317505,2026-06-12 13:30:00,229.180,229.190,230.100,0.27
2510317505,2026-06-12 14:00:00,227.680,227.740,228.670,0.27
2510317505,2026-06-12 14:30:00,230.240,230.310,231.440,0.27
2510317505,2026-06-12 15:00:00,230.140,230.250,231.320,0.27
2510317505,2026-06-12 15:30:00,229.300,229.300,230.440,0.27
2510317505,2026-06-12 16:00:00,230.520,230.550,231.690,0.27
2510317505,2026-06-12 16:30:00,231.990,232.060,233.110,0.28
2510317505,2026-06-12 17:00:00,230.170,230.480,231.320,0.28
2510317505,2026-06-12 17:30:00,230.660,230.810,231.860,0.27
2510317505,2026-06-12 18:00:00,230.580,231.000,232.030,0.28
2510317505,2026-06-12 18:30:00,232.270,232.370,233.550,0.42
2510317505,2026-06-12 19:00:00,231.770,232.150,233.240,9.96
2510317505,2026-06-12 19:30:00,231.670,231.930,233.100,9.97
2510317516,2026-06-12 11:32:00,231.030,231.190,232.110,0
2510317516,2026-06-12 12:00:00,234.570,234.750,235.460,0
2510317516,2026-06-12 12:30:00,228.090,228.100,228.950,0
2510317516,2026-06-12 13:00:00,229.020,229.030,229.870,0
2510317516,2026-06-12 13:30:00,229.600,229.590,230.450,0
2510317516,2026-06-12 14:00:00,228.320,228.250,229.240,0
2510317516,2026-06-12 14:30:00,230.770,230.750,231.810,0
2510317516,2026-06-12 15:00:00,230.770,230.670,231.720,0
2510317516,2026-06-12 15:30:00,229.900,229.770,230.920,0
2510317516,2026-06-12 16:00:00,231.170,231.050,232.120,0
2510317516,2026-06-12 16:30:00,232.460,232.420,233.470,0
2510317516,2026-06-12 17:00:00,230.610,230.860,231.700,0
2510317516,2026-06-12 17:30:00,231.180,231.170,232.280,0
2510317516,2026-06-12 18:00:00,230.750,230.930,232.090,0
2510317516,2026-06-12 18:30:00,232.770,232.700,233.960,0
2510317516,2026-06-12 19:00:00,232.410,232.560,233.730,0
2510317516,2026-06-12 19:30:00,232.400,232.330,233.630,0
2510317537,2026-06-12 11:30:00,240.300,240.010,241.110,1.92
2510317537,2026-06-12 12:00:00,238.550,238.080,239.440,1.95
2510317537,2026-06-12 12:30:00,235.500,234.940,236.390,2.27
2510317537,2026-06-12 13:00:00,232.730,232.330,233.640,1.9
2510317537,2026-06-12 13:30:00,235.220,234.940,236.520,2.02
2510317537,2026-06-12 14:00:00,234.020,233.760,235.440,1.99
2510317537,2026-06-12 14:30:00,240.430,239.990,241.350,2.42
2510317537,2026-06-12 15:00:00,236.430,235.900,237.440,2.04
2510317537,2026-06-12 15:30:00,236.020,235.610,236.770,2.03
2510317537,2026-06-12 16:00:00,236.540,236.380,237.880,1.94
2510317537,2026-06-12 16:30:00,237.320,237.090,238.170,2.14
2510317537,2026-06-12 17:00:00,235.910,235.820,237.320,2.06
2510317537,2026-06-12 17:30:00,235.940,236.080,237.370,1.88
2510317537,2026-06-12 18:00:00,236.140,236.060,237.220,2.18
2510317537,2026-06-12 18:30:00,237.140,236.740,238.110,1.89
2510317537,2026-06-12 19:00:00,236.920,236.800,238.120,2.21
2510317537,2026-06-12 19:30:00,236.640,236.430,237.760,2.09
2510389559,2026-06-12 11:30:00,234.500,234.620,234.650,0
2510389559,2026-06-12 12:00:00,234.950,234.900,234.610,0
2510389559,2026-06-12 12:30:00,233.250,233.390,233.360,0
2510389559,2026-06-12 13:00:00,235.090,235.020,235.130,0
2510389559,2026-06-12 13:30:00,234.150,234.210,234.370,0
2510389559,2026-06-12 14:00:00,233.980,233.980,234.250,0
2510389559,2026-06-12 14:30:00,235.810,235.850,236.300,0
2510389559,2026-06-12 15:00:00,236.220,236.160,236.450,0
2510389559,2026-06-12 15:30:00,236.040,235.900,236.240,0
2510389559,2026-06-12 16:00:00,236.710,236.700,237.100,0
2510389559,2026-06-12 16:31:00,238.150,238.140,238.630,0
2510389559,2026-06-12 17:00:00,239.140,239.140,239.850,0
2510389559,2026-06-12 17:31:00,238.560,238.290,239.190,0
2510389559,2026-06-12 18:00:00,239.270,238.880,239.950,0
2510389559,2026-06-12 18:30:00,239.810,239.780,240.670,0
2510389559,2026-06-12 19:00:00,236.270,235.930,236.790,0
2510389559,2026-06-12 19:30:00,235.380,235.130,235.790,0
2510389643,2026-06-12 11:30:00,234.790,234.840,234.870,0.01
2510389643,2026-06-12 12:00:00,234.940,234.870,234.770,0
2510389643,2026-06-12 12:30:00,233.200,233.260,233.200,0.05
2510389643,2026-06-12 13:00:00,235.110,234.990,235.130,0.21
2510389643,2026-06-12 13:30:00,234.240,234.260,234.420,0.5
2510389643,2026-06-12 14:00:00,233.950,233.940,234.220,0.5
2510389643,2026-06-12 14:30:00,235.810,235.840,236.320,0.48
2510389643,2026-06-12 15:00:00,235.950,235.920,236.170,0.34
2510389643,2026-06-12 15:30:00,235.940,235.900,236.210,0.21
2510389643,2026-06-12 16:00:00,236.970,236.870,237.210,0.14
2510389643,2026-06-12 16:30:00,237.860,237.840,238.120,0
2510389643,2026-06-12 17:00:00,239.400,239.290,239.940,0
2510389643,2026-06-12 17:30:00,238.580,238.220,239.150,0.13
2510389643,2026-06-12 18:00:00,239.150,238.740,239.750,0.13
2510389643,2026-06-12 18:30:00,239.940,239.950,240.820,5.02
2510389643,2026-06-12 19:00:00,236.060,235.770,236.590,15.06
2510389643,2026-06-12 19:30:00,235.160,234.900,235.580,15.04
2510389931,2026-06-12 11:30:00,234.020,233.610,234.450,0
2510389931,2026-06-12 12:00:00,232.870,232.470,233.130,0
2510389931,2026-06-12 12:30:00,232.340,232.190,232.580,0
2510389931,2026-06-12 13:01:00,233.760,233.190,234.370,0
2510389931,2026-06-12 13:30:00,232.500,231.990,232.420,0
2510389931,2026-06-12 14:00:00,233.180,232.350,232.810,0
2510389931,2026-06-12 14:30:00,234.850,234.440,235.450,0
2510389931,2026-06-12 15:00:00,235.150,234.690,235.250,0
2510389931,2026-06-12 15:30:00,235.180,234.780,235.450,0
2510389931,2026-06-12 16:00:00,235.980,235.580,236.100,0
2510389931,2026-06-12 16:30:00,237.060,236.860,237.310,0
2510389931,2026-06-12 17:00:00,238.300,238.180,238.730,0
2510389931,2026-06-12 17:30:00,237.700,237.450,238.150,0
2510389931,2026-06-12 18:00:00,238.290,238.190,238.940,0
2510389931,2026-06-12 18:30:00,239.360,238.820,239.940,0
2510389931,2026-06-12 19:00:00,235.100,234.590,235.410,12.83
2510389931,2026-06-12 19:30:00,234.310,233.910,234.930,12.79
2510633381,2026-06-12 11:30:00,241.590,240.330,240.420,45.76
2510633381,2026-06-12 12:00:00,239.640,238.310,238.340,39.36
2510633381,2026-06-12 12:30:00,236.460,235.160,235.140,38.08
2510633381,2026-06-12 13:00:00,233.770,232.350,232.410,32.96
2510633381,2026-06-12 13:30:00,236.590,235.100,235.230,35.2
2510633381,2026-06-12 14:00:00,235.650,234.140,234.240,44.8
2510633381,2026-06-12 14:30:00,237.670,236.320,236.200,48.32
2510633381,2026-06-12 15:00:00,237.930,236.750,236.570,41.6
2510633381,2026-06-12 15:30:00,237.200,235.970,235.840,39.36
2510633381,2026-06-12 16:00:00,237.950,236.670,236.590,41.6
2510633381,2026-06-12 16:30:00,238.480,237.220,237.160,38.4
2510633381,2026-06-12 17:00:00,237.680,236.270,236.350,19.52
2510633381,2026-06-12 17:30:00,237.940,236.550,236.600,13.12
2510633381,2026-06-12 18:00:00,238.330,236.880,236.900,14.72
2510633381,2026-06-12 18:30:00,238.260,236.860,236.740,17.6
2510633381,2026-06-12 19:00:00,238.780,237.290,237.250,17.6
2510633381,2026-06-12 19:30:00,238.480,236.950,236.970,11.52
2510633383,2026-06-12 11:30:00,236.670,236.830,237.990,44.64
2510633383,2026-06-12 12:00:00,236.600,236.720,238.060,45.68
2510633383,2026-06-12 12:30:00,232.650,232.750,234.030,42.92
2510633383,2026-06-12 13:00:00,232.870,233.020,234.240,43.56
2510633383,2026-06-12 13:30:00,232.520,232.530,233.780,45.8
2510633383,2026-06-12 14:00:00,231.340,231.180,232.580,47.04
2510633383,2026-06-12 14:30:00,237.490,237.880,239.090,47.96
2510633383,2026-06-12 15:00:00,233.790,233.980,235.040,50.92
2510633383,2026-06-12 15:30:00,232.590,232.700,234.110,52.52
2510633383,2026-06-12 16:00:00,234.060,234.250,235.630,54.12
2510633383,2026-06-12 16:30:00,235.360,235.720,236.700,50.68
2510633383,2026-06-12 17:00:00,238.730,238.790,240.080,49.08
2510633383,2026-06-12 17:30:00,236.240,236.000,237.230,2.48
2510633383,2026-06-12 18:00:00,237.660,237.490,238.830,2.88
2510633383,2026-06-12 18:30:00,236.210,235.860,237.340,0.76
2510633383,2026-06-12 19:00:00,236.570,236.340,237.840,0.72
2510633383,2026-06-12 19:30:00,232.570,232.440,233.870,0.72
2510633385,2026-06-12 11:30:00,234.790,234.840,234.900,18.66
2510633385,2026-06-12 12:00:00,235.010,235.000,234.830,19.86
2510633385,2026-06-12 12:30:00,232.940,233.050,232.980,15.66
2510633385,2026-06-12 13:00:00,234.900,234.770,235.110,15.06
2510633385,2026-06-12 13:30:00,234.240,234.270,234.470,12.06
2510633385,2026-06-12 14:00:00,233.910,233.890,234.180,11.76
2510633385,2026-06-12 14:30:00,235.530,235.650,235.910,12.6
2510633385,2026-06-12 15:00:00,235.910,235.920,236.210,10.8
2510633385,2026-06-12 15:30:00,236.350,236.270,236.470,12.6
2510633385,2026-06-12 16:00:00,236.700,236.720,237.110,9.9
2510633385,2026-06-12 16:30:00,238.270,238.300,238.570,12.36
2510633385,2026-06-12 17:00:00,239.290,239.160,239.830,5.94
2510633385,2026-06-12 17:30:00,238.690,238.400,239.290,5.16
2510633385,2026-06-12 18:00:00,239.620,239.260,240.250,4.8
2510633385,2026-06-12 18:30:00,240.090,240.060,240.950,8.76
2510633385,2026-06-12 19:00:00,236.200,235.850,236.690,18.54
2510633385,2026-06-12 19:30:00,235.280,235.010,235.690,26.04
2510633386,2026-06-12 11:30:00,229.570,229.740,230.930,71
2510633386,2026-06-12 12:00:00,227.780,227.730,229.080,76.5
2510633386,2026-06-12 12:30:00,224.600,224.460,225.940,63
2510633386,2026-06-12 13:00:00,222.120,222.140,223.580,66.5
2510633386,2026-06-12 13:30:00,224.640,224.740,226.170,65.5
2510633386,2026-06-12 14:00:00,223.690,223.750,225.190,78.5
2510633386,2026-06-12 14:30:00,225.640,225.610,227.020,76.5
2510633386,2026-06-12 15:00:00,225.980,225.840,227.240,80.5
2510633386,2026-06-12 15:30:00,225.890,225.840,227.240,77.5
2510633386,2026-06-12 16:00:00,226.040,226.020,227.380,82.5
2510633386,2026-06-12 16:30:00,226.920,226.860,228.260,68
2510633386,2026-06-12 17:00:00,225.920,225.900,227.240,78
2510633386,2026-06-12 17:30:00,226.030,226.000,227.370,69.5
2510633386,2026-06-12 18:00:00,226.350,226.270,227.740,66.5
2510633386,2026-06-12 18:30:00,226.500,226.360,227.850,62
2510633386,2026-06-12 19:00:00,226.880,226.760,228.400,55.5
2510633386,2026-06-12 19:30:00,226.550,226.460,228.030,65.5
2510633390,2026-06-12 11:30:00,240.640,241.730,240.340,18.32
2510633390,2026-06-12 12:00:00,238.510,239.770,238.450,11.68
2510633390,2026-06-12 12:30:00,235.350,236.650,235.350,13.76
2510633390,2026-06-12 13:00:00,232.720,234.090,232.680,8.48
2510633390,2026-06-12 13:30:00,235.470,236.830,235.230,20.96
2510633390,2026-06-12 14:00:00,234.410,235.750,234.170,20
2510633390,2026-06-12 14:30:00,236.370,237.600,236.240,19.36
2510633390,2026-06-12 15:00:00,236.580,237.880,236.610,19.6
2510633390,2026-06-12 15:30:00,236.520,237.700,236.310,19.44
2510633390,2026-06-12 16:00:00,236.800,238.050,236.710,16.72
2510633390,2026-06-12 16:30:00,237.570,238.830,237.530,20
2510633390,2026-06-12 17:00:00,236.530,237.780,236.340,20.16
2510633390,2026-06-12 17:30:00,236.640,237.960,236.470,21.52
2510633390,2026-06-12 18:00:00,236.980,238.340,236.830,19.04
2510633390,2026-06-12 18:30:00,237.040,238.620,237.120,15.68
2510633390,2026-06-12 19:00:00,237.520,239.020,237.460,15.6
2510633390,2026-06-12 19:30:00,236.990,238.510,237.030,7.28
2510633391,2026-06-12 11:30:00,124.550,124.330,124.090,16.7
2510633391,2026-06-12 12:00:00,124.810,124.590,124.310,10.5
2510633391,2026-06-12 12:30:00,122.660,122.360,122.150,8.8
2510633391,2026-06-12 13:00:00,122.810,122.580,122.290,11.1
2510633391,2026-06-12 13:30:00,122.530,122.390,122.040,18.5
2510633391,2026-06-12 14:02:00,121.680,121.390,121.090,18.4
2510633391,2026-06-12 14:30:00,125.090,124.820,124.490,18.1
2510633391,2026-06-12 15:00:00,122.970,122.870,122.540,18.4
2510633391,2026-06-12 15:30:00,122.730,122.490,122.250,20
2510633391,2026-06-12 16:00:00,123.230,122.970,122.690,17
2510633391,2026-06-12 16:30:00,124.150,123.950,123.730,17.6
2510633391,2026-06-12 17:00:00,125.850,125.550,125.380,13.2
2510633391,2026-06-12 17:30:00,124.450,124.000,123.890,0
2510633391,2026-06-12 18:00:00,125.280,124.750,124.620,0
2510633391,2026-06-12 18:30:00,124.510,123.980,123.850,0
2510633391,2026-06-12 19:00:00,124.830,124.180,124.130,0
2510633391,2026-06-12 19:30:00,122.730,122.100,122.040,0
2510633393,2026-06-12 11:30:00,232.700,233.350,233.110,843
2510633393,2026-06-12 12:00:00,233.200,233.770,233.760,903.6
2510633393,2026-06-12 12:30:00,230.710,231.140,231.150,889.2
2510633393,2026-06-12 13:00:00,232.620,233.150,233.140,905.4
2510633393,2026-06-12 13:31:00,232.370,232.860,232.750,846.6
2510633393,2026-06-12 14:00:00,231.730,232.230,232.080,882.6
2510633393,2026-06-12 14:30:00,233.930,234.510,234.300,837.6
2510633393,2026-06-12 15:00:00,234.030,234.670,234.340,840
2510633393,2026-06-12 15:30:00,234.090,234.730,234.350,891.6
2510633393,2026-06-12 16:00:00,234.570,235.310,234.800,863.4
2510633393,2026-06-12 16:30:00,235.800,236.520,235.990,790.2
2510633393,2026-06-12 17:00:00,237.460,238.170,237.570,764.4
2510633393,2026-06-12 17:30:00,236.380,237.220,236.730,748.8
2510633393,2026-06-12 18:00:00,237.260,238.250,237.550,752.4
2510633393,2026-06-12 18:30:00,237.910,238.760,238.210,744.6
2510633393,2026-06-12 19:00:00,233.770,234.660,234.190,873.6
2510633393,2026-06-12 19:30:00,233.320,234.320,233.730,825
2510633395,2026-06-12 11:30:00,236.850,238.000,236.640,13.56
2510633395,2026-06-12 12:00:00,236.710,237.920,236.530,14.96
2510633395,2026-06-12 12:30:00,232.370,233.510,232.120,14.16
2510633395,2026-06-12 13:00:00,233.210,234.390,233.030,13.72
2510633395,2026-06-12 13:30:00,232.850,234.010,232.870,14.36
2510633395,2026-06-12 14:00:00,231.390,232.590,231.340,12.96
2510633395,2026-06-12 14:30:00,238.120,239.240,237.530,15.04
2510633395,2026-06-12 15:00:00,233.700,234.720,233.510,15.48
2510633395,2026-06-12 15:30:00,232.830,234.190,232.560,20.24
2510633395,2026-06-12 16:00:00,234.320,235.540,234.060,22.2
2510633395,2026-06-12 16:30:00,235.710,236.680,235.460,14.96
2510633395,2026-06-12 17:00:00,238.980,240.000,238.590,12.8
2510633395,2026-06-12 17:30:00,235.870,237.130,236.190,9.48
2510633395,2026-06-12 18:00:00,237.460,238.700,237.560,11.56
2510633395,2026-06-12 18:30:00,235.860,237.270,236.110,16
2510633395,2026-06-12 19:00:00,236.360,237.830,236.510,13.04
2510633395,2026-06-12 19:30:00,232.470,233.810,232.570,15.32
2510633396,2026-06-12 11:30:00,236.840,236.180,236.400,270
2510633396,2026-06-12 12:00:00,236.410,235.760,235.880,245.6
2510633396,2026-06-12 12:30:00,232.040,231.280,231.440,278
2510633396,2026-06-12 13:00:00,232.960,232.240,232.360,260.8
2510633396,2026-06-12 13:30:00,232.610,232.100,232.120,259.2
2510633396,2026-06-12 14:00:00,231.200,230.610,230.480,288.4
2510633396,2026-06-12 14:30:00,237.850,236.970,237.300,297.6
2510633396,2026-06-12 15:00:00,233.430,232.960,233.020,297.2
2510633396,2026-06-12 15:30:00,232.730,232.020,232.220,273.2
2510633396,2026-06-12 16:00:00,234.020,233.460,233.440,284.8
2510633396,2026-06-12 16:30:00,235.600,235.050,235.210,237.2
2510633396,2026-06-12 17:00:00,238.960,238.150,238.400,190
2510633396,2026-06-12 17:30:00,236.060,235.250,235.370,219.6
2510633396,2026-06-12 18:00:00,237.760,236.790,236.900,218.4
2510633396,2026-06-12 18:30:00,236.250,235.270,235.350,217.6
2510633396,2026-06-12 19:00:00,236.680,235.560,235.760,220
2510633396,2026-06-12 19:30:00,232.760,231.710,231.950,189.2
2510633397,2026-06-12 11:30:00,247.410,245.870,246.130,107.28
2510633397,2026-06-12 12:00:00,245.580,244.090,244.330,97.68
2510633397,2026-06-12 12:31:00,242.140,240.690,240.670,50.4
2510633397,2026-06-12 13:00:00,240.010,238.390,238.450,68.16
2510633397,2026-06-12 13:30:00,242.730,240.980,241.180,85.68
2510633397,2026-06-12 14:00:00,241.620,239.950,240.100,97.68
2510633397,2026-06-12 14:30:00,243.510,241.970,242.010,92.88
2510633397,2026-06-12 15:00:00,243.950,242.540,242.510,55.44
2510633397,2026-06-12 15:30:00,243.680,242.350,242.420,60.24
2510633397,2026-06-12 16:00:00,244.030,242.630,242.650,32.16
2510633397,2026-06-12 16:30:00,245.080,243.630,243.720,49.44
2510633397,2026-06-12 17:00:00,243.950,242.400,242.530,45.84
2510633397,2026-06-12 17:30:00,243.670,241.970,242.110,196.08
2510633397,2026-06-12 18:00:00,244.410,242.810,242.850,62.88
2510633397,2026-06-12 18:30:00,244.530,242.960,243.000,74.4
2510633397,2026-06-12 19:00:00,245.050,243.430,243.450,30.24
2510633397,2026-06-12 19:30:00,244.690,243.090,243.120,22.08
2510633399,2026-06-12 11:30:00,230.270,230.390,231.320,199.8
2510633399,2026-06-12 12:00:00,234.210,234.520,235.290,155.4
2510633399,2026-06-12 12:30:00,227.670,227.700,228.610,133.2
2510633399,2026-06-12 13:00:00,228.220,228.300,229.210,153.6
2510633399,2026-06-12 13:30:00,228.870,228.920,229.820,146.4
2510633399,2026-06-12 14:00:00,227.490,227.580,228.530,159.6
2510633399,2026-06-12 14:30:00,230.270,230.260,231.400,178.8
2510633399,2026-06-12 15:00:00,230.450,230.370,231.450,176.4
2510633399,2026-06-12 15:30:00,229.480,229.360,230.590,186
2510633399,2026-06-12 16:00:00,230.280,230.250,231.350,185.4
2510633399,2026-06-12 16:30:00,231.680,231.710,232.800,213.6
2510633399,2026-06-12 17:00:00,230.240,230.520,231.390,228
2510633399,2026-06-12 17:30:00,230.460,230.480,231.650,181.2
2510633399,2026-06-12 18:00:00,230.560,230.750,231.940,203.4
2510633399,2026-06-12 18:30:00,231.890,231.910,233.160,196.2
2510633399,2026-06-12 19:00:00,231.710,231.860,233.170,213.6
2510633399,2026-06-12 19:30:00,231.840,231.710,233.150,193.8
2510633400,2026-06-12 11:32:00,230.830,231.850,230.630,39.2
2510633400,2026-06-12 12:00:00,234.650,235.440,234.410,39.2
2510633400,2026-06-12 12:30:00,227.920,228.770,227.730,32
2510633400,2026-06-12 13:00:00,228.410,229.370,228.300,32
2510633400,2026-06-12 13:30:00,229.240,230.160,229.220,52.8
2510633400,2026-06-12 14:00:00,227.660,228.670,227.560,55.2
2510633400,2026-06-12 14:30:00,230.320,231.460,230.300,56.8
2510633400,2026-06-12 15:00:00,230.470,231.490,230.410,48
2510633400,2026-06-12 15:30:00,229.650,230.860,229.730,50.4
2510633400,2026-06-12 16:02:00,230.350,231.440,230.310,93.6
2510633400,2026-06-12 16:30:00,232.150,233.250,232.100,74.4
2510633400,2026-06-12 17:01:00,230.760,231.750,230.560,69.6
2510633400,2026-06-12 17:30:00,230.630,231.810,230.520,42.4
2510633400,2026-06-12 18:00:00,230.930,232.160,230.680,70.4
2510633400,2026-06-12 18:30:00,232.160,233.440,232.130,73.6
2510633400,2026-06-12 19:00:00,232.190,233.490,232.040,68
2510633400,2026-06-12 19:30:00,231.910,233.310,231.960,68.8
2510633402,2026-06-12 11:30:00,233.160,233.430,235.170,13.2
2510633402,2026-06-12 12:00:00,232.850,232.790,234.660,12.9
2510633402,2026-06-12 12:30:00,230.000,230.020,231.830,6.6
2510633402,2026-06-12 13:00:00,229.720,229.650,231.530,8.4
2510633402,2026-06-12 13:30:00,225.780,225.810,227.820,9.6
2510633402,2026-06-12 14:00:00,224.260,224.310,226.030,12.6
2510633402,2026-06-12 14:30:00,229.430,229.440,231.420,12.6
2510633402,2026-06-12 15:00:00,230.960,231.070,233.080,12.9
2510633402,2026-06-12 15:30:00,229.670,229.780,231.670,12.3
2510633402,2026-06-12 16:00:00,230.450,230.340,232.310,12
2510633402,2026-06-12 16:30:00,232.280,232.220,234.160,14.1
2510633402,2026-06-12 17:00:00,234.190,234.090,236.060,12.6
2510633402,2026-06-12 17:30:00,230.880,230.910,232.870,3
2510633402,2026-06-12 18:00:00,231.010,230.830,232.880,4.5
2510633402,2026-06-12 18:30:00,230.920,230.830,233.020,5.1
2510633402,2026-06-12 19:00:00,231.540,231.420,233.720,5.1
2510633402,2026-06-12 19:30:00,231.120,231.090,233.200,5.4
2510633406,2026-06-12 11:30:00,230.530,230.600,231.530,0.24
2510633406,2026-06-12 12:00:00,234.500,234.570,235.390,0.24
2510633406,2026-06-12 12:30:00,227.900,227.930,228.840,0.24
2510633406,2026-06-12 13:00:00,228.550,228.540,229.460,0.24
2510633406,2026-06-12 13:30:00,229.340,229.310,230.220,0.24
2510633406,2026-06-12 14:00:00,227.970,227.940,228.980,0.24
2510633406,2026-06-12 14:30:00,230.470,230.550,231.700,0.24
2510633406,2026-06-12 15:00:00,230.570,230.540,231.620,0.24
2510633406,2026-06-12 15:30:00,229.540,229.420,230.680,0.24
2510633406,2026-06-12 16:00:00,230.470,230.370,231.590,2.58
2510633406,2026-06-12 16:30:00,232.250,232.140,233.350,2.34
2510633406,2026-06-12 17:00:00,230.490,230.660,231.650,0.6
2510633406,2026-06-12 17:30:00,230.930,230.910,232.080,0.48
2510633406,2026-06-12 18:00:00,230.700,230.770,232.080,0.48
2510633406,2026-06-12 18:30:00,232.280,232.250,233.570,0.48
2510633406,2026-06-12 19:00:00,232.090,232.210,233.500,7.32
2510633406,2026-06-12 19:30:00,232.090,232.030,233.470,7.32
2510633410,2026-06-12 11:31:00,230.630,230.800,231.660,16.56
2510633410,2026-06-12 12:00:00,234.460,234.550,235.360,11.88
2510633410,2026-06-12 12:30:00,227.910,227.960,228.800,11.46
2510633410,2026-06-12 13:00:00,228.530,228.590,229.480,12.18
2510633410,2026-06-12 13:30:00,229.280,229.280,230.200,30.96
2510633410,2026-06-12 14:00:00,227.810,227.790,228.780,40.86
2510633410,2026-06-12 14:30:00,230.460,230.490,231.660,42.96
2510633410,2026-06-12 15:00:00,230.500,230.560,231.590,32.28
2510633410,2026-06-12 15:30:00,229.580,229.540,230.720,10.92
2510633410,2026-06-12 16:00:00,230.480,230.330,231.520,39.06
2510633410,2026-06-12 16:30:00,231.970,232.050,233.190,33.18
2510633410,2026-06-12 17:00:00,230.280,230.650,231.490,16.32
2510633410,2026-06-12 17:30:00,230.720,230.820,231.940,14.52
2510633410,2026-06-12 18:00:00,230.610,230.820,232.000,12.84
2510633410,2026-06-12 18:30:00,232.210,232.310,233.490,11.28
2510633410,2026-06-12 19:00:00,231.980,232.300,233.460,11.22
2510633410,2026-06-12 19:30:00,231.950,232.090,233.390,8.82
2510633411,2026-06-12 11:30:00,229.320,228.160,228.190,854.4
2510633411,2026-06-12 12:00:00,233.240,232.330,232.380,732
2510633411,2026-06-12 12:30:00,226.400,225.470,225.480,745.6
2510633411,2026-06-12 13:01:00,226.290,225.290,225.180,994.4
2510633411,2026-06-12 13:30:00,227.450,226.480,226.260,986.4
2510633411,2026-06-12 14:00:00,225.960,224.850,224.660,982.4
2510633411,2026-06-12 14:30:00,228.550,227.370,227.220,1034.4
2510633411,2026-06-12 15:00:00,228.680,227.550,227.440,843.2
2510633411,2026-06-12 15:30:00,228.390,227.240,227.010,998.4
2510633411,2026-06-12 16:00:00,228.730,227.630,227.520,988.8
2510633411,2026-06-12 16:30:00,230.510,229.450,229.340,864.8
2510633411,2026-06-12 17:00:00,229.490,228.410,228.540,726.4
2510633411,2026-06-12 17:30:00,228.670,227.450,227.390,942.4
2510633411,2026-06-12 18:00:00,228.850,227.410,227.510,1096.8
2510633411,2026-06-12 18:30:00,230.130,228.870,228.710,1016
2510633411,2026-06-12 19:00:00,230.110,228.690,228.690,1002.4
2510633411,2026-06-12 19:30:00,230.210,228.910,228.760,943.2
2510814977,2026-06-12 11:30:00,234.200,235.770,234.060,6.4
2510814977,2026-06-12 12:00:00,232.360,234.140,232.430,5.2
2510814977,2026-06-12 12:30:00,230.620,232.120,230.560,5.6
2510814977,2026-06-12 13:00:00,226.460,228.080,226.450,6
2510814977,2026-06-12 13:30:00,225.830,227.550,225.800,18
2510814977,2026-06-12 14:00:00,224.060,225.900,224.010,9.2
2510814977,2026-06-12 14:30:00,229.910,231.640,229.780,7.2
2510814977,2026-06-12 15:00:00,230.770,232.740,230.560,6.8
2510814977,2026-06-12 15:30:00,229.380,231.010,229.200,8
2510814977,2026-06-12 16:00:00,230.250,231.940,230.330,7.2
2510814977,2026-06-12 16:30:00,232.340,233.990,232.280,6.4
2510814977,2026-06-12 17:00:00,233.860,235.550,233.750,7.2
2510814977,2026-06-12 17:30:00,231.020,232.800,231.000,6
2510814977,2026-06-12 18:00:00,230.660,232.540,230.810,6.8
2510814977,2026-06-12 18:30:00,230.610,232.610,230.620,5.6
2510814977,2026-06-12 19:00:00,231.520,233.610,231.550,6
2510814977,2026-06-12 19:30:00,230.930,232.830,230.890,6.4
2610026952,2026-06-12 11:30:00,230.220,230.770,230.180,725.4
2610026952,2026-06-12 12:00:00,232.660,233.110,232.760,453.6
2610026952,2026-06-12 12:30:00,230.220,230.700,230.110,395.6
2610026952,2026-06-12 13:00:00,229.940,230.530,230.040,426.2
2610026952,2026-06-12 13:30:00,229.490,229.920,229.560,443.6
2610026952,2026-06-12 14:00:00,228.700,229.280,228.760,389.4
2610026952,2026-06-12 14:30:00,234.000,234.470,233.870,463.4
2610026952,2026-06-12 15:00:00,231.140,231.740,231.310,343.4
2610026952,2026-06-12 15:30:00,233.230,234.010,233.200,14
2610026952,2026-06-12 16:00:00,234.370,235.220,234.410,13.8
2610026952,2026-06-12 16:30:00,236.120,236.820,236.210,14.2
2610026952,2026-06-12 17:00:00,239.120,240.020,239.240,12.8
2610026952,2026-06-12 17:30:00,236.300,237.340,236.470,1.8
2610026952,2026-06-12 18:00:00,237.530,238.680,237.690,1.6
2610026952,2026-06-12 18:30:00,236.310,237.490,236.450,1.6
2610026952,2026-06-12 19:00:00,236.710,237.920,236.740,1.6
2610026952,2026-06-12 19:30:00,232.540,233.730,232.540,1.6
2610026953,2026-06-12 11:30:00,234.870,234.200,234.880,74.2
2610026953,2026-06-12 12:00:00,234.950,234.180,234.760,54.6
2610026953,2026-06-12 12:30:00,233.260,232.550,232.900,53.2
2610026953,2026-06-12 13:00:00,234.780,234.010,234.480,52.5
2610026953,2026-06-12 13:30:00,234.240,233.610,234.110,119.7
2610026953,2026-06-12 14:00:00,233.850,233.210,233.750,119
2610026953,2026-06-12 14:30:00,235.930,235.340,235.860,92.4
2610026953,2026-06-12 15:00:00,236.030,235.500,236.100,105.7
2610026953,2026-06-12 15:30:00,235.810,235.310,235.970,95.9
2610026953,2026-06-12 16:00:00,236.190,235.760,236.460,105.7
2610026953,2026-06-12 16:30:00,237.660,237.250,237.950,95.2
2610026953,2026-06-12 17:00:00,238.610,238.210,239.010,102.2
2610026953,2026-06-12 17:30:00,238.130,237.550,238.360,89.6
2610026953,2026-06-12 18:00:00,239.100,238.490,239.410,69.3
2610026953,2026-06-12 18:30:00,239.720,239.120,240.040,72.8
2610026953,2026-06-12 19:00:00,235.710,235.160,235.980,79.1
2610026953,2026-06-12 19:30:00,235.360,234.700,235.700,52.5
2610026963,2026-06-12 11:30:00,237.750,237.580,238.470,-1.8
2610026963,2026-06-12 12:00:00,237.450,237.250,238.210,-4.5
2610026963,2026-06-12 12:30:00,232.990,232.830,233.830,0
2610026963,2026-06-12 13:00:00,233.960,233.720,234.800,-1.5
2610026963,2026-06-12 13:30:00,233.790,233.500,234.420,0.6
2610026963,2026-06-12 14:00:00,232.280,231.930,232.970,-0.3
2610026963,2026-06-12 14:30:00,238.570,238.600,239.550,27.3
2610026963,2026-06-12 15:00:00,234.520,234.240,235.080,0
2610026963,2026-06-12 15:30:00,233.520,233.400,234.330,3
2610026963,2026-06-12 16:00:00,235.230,234.950,235.920,-1.8
2610026963,2026-06-12 16:30:00,236.400,236.140,236.980,12.6
2610026963,2026-06-12 17:00:00,239.590,239.390,240.410,5.7
2610026963,2026-06-12 17:30:00,236.630,236.260,237.460,5.7
2610026963,2026-06-12 18:00:00,238.040,237.660,238.990,18.9
2610026963,2026-06-12 18:30:00,236.630,236.160,237.570,31.5
2610026963,2026-06-12 19:00:00,237.000,236.700,238.080,29.7
2610026963,2026-06-12 19:30:00,233.030,232.740,234.110,30
2610026966,2026-06-12 11:30:00,235.130,234.260,234.010,150
2610026966,2026-06-12 12:00:00,234.820,234.070,233.890,147.36
2610026966,2026-06-12 12:30:00,233.110,232.560,232.380,162.48
2610026966,2026-06-12 13:00:00,231.150,230.660,230.620,171.36
2610026966,2026-06-12 13:30:00,230.720,230.240,230.110,190.08
2610026966,2026-06-12 14:00:00,229.450,229.080,229.160,176.4
2610026966,2026-06-12 14:30:00,232.610,232.510,232.530,191.28
2610026966,2026-06-12 15:00:00,233.180,232.680,232.940,169.92
2610026966,2026-06-12 15:30:00,232.940,232.540,232.870,188.88
2610026966,2026-06-12 16:00:00,232.240,231.880,232.400,149.04
2610026966,2026-06-12 16:30:00,232.870,232.630,233.000,133.2
2610026966,2026-06-12 17:00:00,231.730,231.200,231.590,117.12
2610026966,2026-06-12 17:30:00,230.980,230.900,231.390,82.56
2610026966,2026-06-12 18:00:00,230.760,230.780,231.080,77.04
2610026966,2026-06-12 18:30:00,230.020,230.160,230.430,61.2
2610026966,2026-06-12 19:00:00,230.860,230.910,231.180,33.12
2610026966,2026-06-12 19:30:00,230.950,230.860,231.110,8.4
2610026976,2026-06-12 11:30:00,237.130,236.990,238.060,32.88
2610026976,2026-06-12 12:00:00,236.850,236.720,237.950,28.14
2610026976,2026-06-12 12:30:00,232.910,232.770,233.590,27
2610026976,2026-06-12 13:02:00,233.360,233.250,234.440,31.38
2610026976,2026-06-12 13:30:00,233.140,232.820,234.030,30.78
2610026976,2026-06-12 14:00:00,231.750,231.390,232.530,34.2
2610026976,2026-06-12 14:30:00,238.110,238.100,239.230,37.08
2610026976,2026-06-12 15:00:00,233.970,233.500,234.730,39.72
2610026976,2026-06-12 15:30:00,232.990,232.870,234.030,38.04
2610026976,2026-06-12 16:00:00,234.520,234.230,235.370,39.06
2610026976,2026-06-12 16:30:00,236.030,235.600,236.620,37.38
2610026976,2026-06-12 17:00:00,238.940,238.710,240.000,41.1
2610026976,2026-06-12 17:30:00,235.830,235.400,236.940,35.34
2610026976,2026-06-12 18:00:00,237.500,237.040,238.500,28.5
2610026976,2026-06-12 18:30:00,235.960,235.460,237.140,24.66
2610026976,2026-06-12 19:00:00,236.540,236.150,237.860,20.46
2610026976,2026-06-12 19:30:00,232.490,232.320,233.860,18.84
2610026977,2026-06-12 11:30:00,246.920,246.140,245.770,2.22
2610026977,2026-06-12 12:00:00,246.880,246.300,245.970,0
2610026977,2026-06-12 12:30:00,244.650,244.210,244.090,3.15
2610026977,2026-06-12 13:00:00,242.760,242.410,242.200,3.18
2610026977,2026-06-12 13:30:00,242.400,242.080,241.790,2.34
2610026977,2026-06-12 14:00:00,240.650,240.870,241.020,3.12
2610026977,2026-06-12 14:30:00,244.060,244.670,244.410,2.16
2610026977,2026-06-12 15:00:00,244.360,244.660,244.810,2.16
2610026977,2026-06-12 15:30:00,244.420,244.830,245.040,2.16
2610026977,2026-06-12 16:00:00,244.270,243.700,244.120,2.22
2610026977,2026-06-12 16:30:00,244.530,244.080,244.420,2.22
2610026977,2026-06-12 17:01:00,243.500,242.980,243.430,2.22
2610026977,2026-06-12 17:30:00,242.410,242.290,242.590,2.19
2610026977,2026-06-12 18:00:00,242.070,241.980,242.280,2.22
2610026977,2026-06-12 18:30:00,241.450,241.300,241.550,10.26
2610026977,2026-06-12 19:00:00,241.860,241.660,241.810,12.33
2610026977,2026-06-12 19:30:00,241.870,241.550,241.730,12.69
2610126451,2026-06-12 11:30:00,237.230,238.000,237.200,8.7
2610126451,2026-06-12 12:00:00,237.110,237.910,237.110,6.9
2610126451,2026-06-12 12:31:00,232.730,233.500,232.650,5.4
2610126451,2026-06-12 13:00:00,233.850,234.790,233.930,9.6
2610126451,2026-06-12 13:30:00,233.530,234.250,233.560,7.8
2610126451,2026-06-12 14:00:00,232.370,233.250,232.390,4.5
2610126451,2026-06-12 14:30:00,238.580,239.430,238.480,5.1
2610126451,2026-06-12 15:00:00,234.010,234.870,234.210,2.7
2610126451,2026-06-12 15:30:00,233.630,234.320,233.580,3.3
2610126451,2026-06-12 16:00:00,234.720,235.520,234.780,3.3
2610126451,2026-06-12 16:30:00,236.450,237.140,236.530,2.4
2610126451,2026-06-12 17:00:00,239.850,240.690,239.790,10.5
2610126451,2026-06-12 17:30:00,236.380,237.340,236.520,4.5
2610126451,2026-06-12 18:00:00,237.570,238.660,237.740,7.8
2610126451,2026-06-12 18:30:00,236.330,237.490,236.480,5.4
2610126451,2026-06-12 19:00:00,236.770,237.960,236.800,5.1
2610126451,2026-06-12 19:30:00,232.610,233.750,232.580,7.5
2610159557,2026-06-12 11:30:00,241.630,240.390,240.470,1.8
2610159557,2026-06-12 12:00:00,239.710,238.450,238.400,1.8
2610159557,2026-06-12 12:30:00,236.970,235.730,235.590,1.8
2610159557,2026-06-12 13:00:00,234.050,232.630,232.570,1.8
2610159557,2026-06-12 13:30:00,236.900,235.420,235.450,1.8
2610159557,2026-06-12 14:00:00,235.760,234.260,234.330,1.8
2610159557,2026-06-12 14:30:00,237.780,236.500,236.300,0.6
2610159557,2026-06-12 15:00:00,238.050,236.750,236.630,0.6
2610159557,2026-06-12 15:30:00,237.600,236.300,236.260,0.6
2610159557,2026-06-12 16:00:00,237.960,236.690,236.660,0.6
2610159557,2026-06-12 16:30:00,238.960,237.680,237.570,0.6
2610159557,2026-06-12 17:00:00,237.780,236.430,236.440,0.6
2610159557,2026-06-12 17:30:00,238.030,236.680,236.610,0.6
2610159557,2026-06-12 18:00:00,238.230,236.880,236.780,0.6
2610159557,2026-06-12 18:30:00,238.380,237.000,236.830,0.6
2610159557,2026-06-12 19:00:00,238.940,237.480,237.330,2.4
2610159557,2026-06-12 19:30:00,238.530,237.050,236.950,2.4
2610170786,2026-06-12 11:30:00,240.580,240.750,241.910,7.5
2610170786,2026-06-12 12:00:00,238.550,238.570,239.860,7.5
2610170786,2026-06-12 12:30:00,235.840,235.800,237.180,6.5
2610170786,2026-06-12 13:00:00,233.010,233.010,234.420,9.5
2610170786,2026-06-12 13:30:00,235.650,235.740,237.180,5
2610170786,2026-06-12 14:00:00,234.560,234.550,236.050,12.5
2610170786,2026-06-12 14:30:00,240.960,240.900,242.350,6.5
2610170786,2026-06-12 15:00:00,236.920,236.780,238.170,19
2610170786,2026-06-12 15:30:00,236.470,236.430,237.780,12.5
2610170786,2026-06-12 16:00:00,237.180,237.180,238.480,7
2610170786,2026-06-12 16:30:00,238.020,238.000,239.310,10
2610170786,2026-06-12 17:00:00,236.630,236.630,238.030,7
2610170786,2026-06-12 17:30:00,236.930,236.910,238.360,8
2610170786,2026-06-12 18:00:00,236.800,236.760,238.300,7
2610170786,2026-06-12 18:30:00,237.330,237.220,238.710,9.5
2610170786,2026-06-12 19:00:00,237.730,237.650,239.270,8.5
2610170786,2026-06-12 19:30:00,237.240,237.210,238.770,8
