METER_NO,DATE,HSN,START_TIME,END_TIME,PG_START,BT_START,CD_START,TD_START,VC_START,PG_END,BT_END,CD_END,TD_END,VC_END
2246006313,2026-05-29,8800,2026-05-29 00:00:00,2026-05-30 00:00:00,520.978,288.925,107.971,124.082,71.316,523.792,290.493,108.608,124.689,71.672
2310396105,2026-05-29,160,2026-05-29 00:00:00,2026-05-30 00:00:00,17955.869,11232.760,4295.410,2427.690,5129.670,17998.439,11258.160,4306.130,2434.140,5143.980
2310396106,2026-05-29,400,2026-05-29 00:00:00,2026-05-30 00:00:00,7404.570,4438.970,1775.690,1189.910,1371.760,7417.470,4446.070,1778.690,1192.700,1374.450
2310396107,2026-05-29,3000,2026-05-29 00:00:00,2026-05-30 00:01:00,1094.990,801.440,130.860,162.680,308.060,1097.270,803.070,131.400,162.780,308.690
2310396108,2026-05-29,40,2026-05-29 00:00:00,2026-05-30 00:00:00,3209.210,1728.070,704.890,776.240,490.260,3213.440,1730.630,705.520,777.280,491.080
2310396110,2026-05-29,160,2026-05-29 00:00:00,2026-05-30 00:00:00,17298.779,10109.050,3908.010,3281.710,5804.760,17336.850,10130.890,3918.620,3287.330,5818.030
2310396111,2026-05-29,160,2026-05-29 00:00:00,2026-05-30 00:00:00,7663.910,4335.890,1691.610,1636.400,4051.200,7687.490,4348.670,1696.460,1642.350,4063.280
2410121326,2026-05-29,200,2026-05-29 00:00:00,2026-05-30 00:00:00,898.760,583.790,251.590,63.380,200.670,904.830,587.680,253.360,63.790,202.180
2410121353,2026-05-29,160,2026-05-29 00:00:00,2026-05-30 00:00:00,353.540,245.950,93.380,14.200,64.290,355.610,247.440,93.890,14.270,64.630
2410121371,2026-05-29,160,2026-05-29 00:00:00,2026-05-30 00:00:00,429.240,265.340,93.450,70.440,52.280,431.510,266.710,94.040,70.760,52.530
2410121424,2026-05-29,120,2026-05-29 00:00:00,2026-05-30 00:00:00,33.820,21.640,8.020,4.150,1.430,33.930,21.700,8.040,4.180,1.430
2410121454,2026-05-29,160,2026-05-29 00:00:00,2026-05-30 00:00:00,1365.730,835.620,297.250,232.850,214.360,1374.020,841.140,299.170,233.710,216.120
2410121457,2026-05-29,160,2026-05-29 00:00:00,2026-05-30 00:00:00,427.290,277.470,109.800,40.000,41.370,434.840,282.330,112.270,40.230,42.690
2410121574,2026-05-29,160,2026-05-29 00:00:00,2026-05-30 00:00:00,3482.700,2518.080,815.430,149.170,303.800,3498.160,2529.550,818.920,149.680,305.280
2410131378,2026-05-29,200,2026-05-29 00:00:00,2026-05-30 00:00:00,853.220,566.930,244.380,41.900,202.310,862.970,572.760,246.760,43.430,204.380
2410131383,2026-05-29,400,2026-05-29 00:00:00,2026-05-30 00:00:00,812.020,532.800,172.210,107.000,28.900,814.290,534.480,172.610,107.180,29.020
2410131384,2026-05-29,200,2026-05-29 00:00:00,2026-05-30 00:00:00,7808.880,4448.500,1551.920,1808.450,1570.480,7833.540,4462.000,1557.240,1814.290,1577.560
2410131387,2026-05-29,600,2026-05-29 00:00:00,2026-05-30 00:00:00,351.340,216.060,82.590,52.680,32.190,352.820,217.010,83.000,52.800,32.640
2410131547,2026-05-29,1,2026-05-29 00:00:00,2026-05-30 00:00:00,50909.820,33453.309,12062.990,5393.510,8036.100,50909.820,33453.309,12062.990,5393.510,8036.100
2410320615,2026-05-29,700,2026-05-29 00:00:00,2026-05-30 00:00:00,10745.900,6603.370,2618.720,1523.800,2631.510,10796.170,6634.070,2629.980,1532.110,2644.090
2410883988,2026-05-29,100,2026-05-29 00:00:00,2026-05-30 00:00:00,15.580,9.150,2.590,3.830,2.830,15.820,9.270,2.640,3.900,2.840
2410883991,2026-05-29,100,2026-05-29 00:00:00,2026-05-30 00:00:00,2307.330,1377.420,517.970,411.930,207.510,2310.930,1379.360,519.200,412.370,207.950
2410883993,2026-05-29,60,2026-05-29 00:00:00,2026-05-30 00:00:00,1565.850,678.500,299.890,587.450,31.630,1578.120,684.270,302.860,590.990,31.980
2410883994,2026-05-29,320,2026-05-29 00:00:00,2026-05-30 00:00:00,79.430,35.290,16.190,27.940,3.100,79.570,35.350,16.230,27.980,3.100
2410932742,2026-05-29,240,2026-05-29 00:02:00,2026-05-30 00:00:00,14325.540,8359.900,2659.770,3305.870,3522.390,14378.760,8389.240,2671.340,3318.170,3536.500
2411087432,2026-05-29,40,2026-05-29 00:00:00,2026-05-30 00:00:00,2286.500,1427.540,659.650,199.300,517.700,2300.110,1436.170,663.040,200.900,519.780
2411087433,2026-05-29,500,2026-05-29 00:01:00,2026-05-30 00:00:00,364.170,211.330,80.610,72.210,7.980,366.030,212.440,81.200,72.380,8.120
2411290205,2026-05-29,240,2026-05-29 00:00:00,2026-05-30 00:00:00,7276.950,4876.210,2137.330,263.410,2580.190,7291.140,4886.250,2140.910,263.970,2585.900
2510014481,2026-05-29,80,2026-05-29 00:00:00,2026-05-30 00:00:00,11494.140,6671.660,2198.180,2624.290,4284.220,11496.320,6672.840,2198.640,2624.830,4284.480
2510014482,2026-05-29,40,2026-05-29 00:00:00,2026-05-30 00:00:00,864.480,601.800,237.080,25.590,54.670,867.660,603.870,238.120,25.650,54.740
2510014483,2026-05-29,300,2026-05-29 00:00:00,2026-05-30 00:00:00,136.730,76.560,30.720,29.430,0.000,137.510,77.010,30.920,29.570,0.000
2510014484,2026-05-29,160,2026-05-29 00:00:00,2026-05-30 00:00:00,7216.630,4074.080,1593.430,1549.110,871.370,7230.690,4084.030,1597.040,1549.610,872.750
2510178139,2026-05-29,300,2026-05-29 00:00:00,2026-05-30 00:00:00,266.430,161.260,62.680,42.490,41.250,269.250,163.030,63.350,42.860,41.540
2510178141,2026-05-29,40,2026-05-29 00:00:00,2026-05-30 00:00:00,304.230,225.150,73.020,6.060,65.330,309.560,228.950,74.490,6.110,68.580
2510203103,2026-05-29,400,2026-05-29 00:00:00,2026-05-30 00:00:00,759.850,441.140,165.820,152.880,27.570,773.960,449.020,169.690,155.230,27.720
2510203104,2026-05-29,160,2026-05-29 00:00:00,2026-05-30 00:00:00,1726.350,1017.360,404.130,304.850,171.340,1741.120,1026.160,409.270,305.680,173.880
2510203105,2026-05-29,100,2026-05-29 00:00:00,2026-05-30 00:00:00,1688.530,1177.470,475.930,35.120,390.320,1697.490,1183.280,478.800,35.400,392.320
2510203106,2026-05-29,100,2026-05-29 00:00:00,2026-05-30 00:00:00,66.140,31.250,11.790,23.090,0.310,66.520,31.420,11.840,23.250,0.310
2510203108,2026-05-29,80,2026-05-29 00:00:00,2026-05-30 00:00:00,2181.400,1208.060,476.950,496.370,387.230,2196.310,1216.310,480.570,499.420,389.020
2510203109,2026-05-29,300,2026-05-29 00:00:00,2026-05-30 00:00:00,826.110,517.180,241.830,67.090,320.160,829.610,519.230,243.120,67.240,321.250
2510203111,2026-05-29,40,2026-05-29 00:00:00,2026-05-30 00:00:00,1886.210,1243.570,521.660,120.970,525.010,1905.700,1254.250,525.970,125.470,530.760
2510203113,2026-05-29,160,2026-05-29 00:00:00,2026-05-30 00:00:00,1918.560,1223.240,468.260,227.050,65.880,1944.420,1239.930,473.650,230.840,67.200
2510203114,2026-05-29,120,2026-05-29 00:00:00,2026-05-30 00:00:00,901.430,564.630,223.350,113.430,154.010,913.440,571.850,227.820,113.750,156.590
2510203115,2026-05-29,40,2026-05-29 00:00:00,2026-05-30 00:00:00,1464.550,938.890,341.710,183.940,327.390,1476.260,945.640,345.020,185.590,328.320
2510203117,2026-05-29,80,2026-05-29 00:00:00,2026-05-30 00:00:00,1205.210,637.720,277.150,290.330,186.120,1209.920,640.210,278.040,291.660,187.090
2510203118,2026-05-29,640,2026-05-29 00:00:00,2026-05-30 00:00:00,62.260,37.440,15.340,9.480,26.090,63.670,38.260,15.680,9.720,26.100
2510203119,2026-05-29,40,2026-05-29 00:00:00,2026-05-30 00:00:00,285.780,195.250,78.100,12.420,132.540,296.170,202.940,80.600,12.630,135.930
2510203120,2026-05-29,160,2026-05-29 00:00:00,2026-05-30 00:00:00,2516.440,1530.890,571.090,414.450,540.650,2533.620,1541.700,574.970,416.950,544.150
2510203121,2026-05-29,100,2026-05-29 00:00:00,2026-05-30 00:00:00,771.070,431.970,175.210,163.870,50.470,776.890,435.520,176.690,164.670,50.610
2510203122,2026-05-29,40,2026-05-29 00:00:00,2026-05-30 00:00:00,596.770,380.030,183.170,33.550,435.570,600.820,382.570,184.530,33.710,438.730
2510203123,2026-05-29,40,2026-05-29 00:00:00,2026-05-30 00:00:00,1442.570,971.650,412.760,58.150,468.400,1456.090,979.200,415.980,60.900,472.550
2510203124,2026-05-29,800,2026-05-29 00:00:00,2026-05-30 00:00:00,502.630,354.270,119.170,29.180,142.220,507.870,358.100,120.530,29.220,143.470
2510203125,2026-05-29,160,2026-05-29 00:00:00,2026-05-30 00:00:00,96.410,59.280,19.900,17.220,5.180,97.380,59.770,20.050,17.550,5.180
2510203127,2026-05-29,40,2026-05-29 00:00:00,2026-05-30 00:00:00,293.110,197.000,79.420,16.680,32.110,301.010,202.090,82.130,16.790,34.040
2510203128,2026-05-29,500,2026-05-29 00:00:00,2026-05-30 00:00:00,4709.990,2456.540,828.040,1425.410,154.200,4736.890,2469.880,833.590,1433.410,155.620
2510203133,2026-05-29,40,2026-05-29 00:00:00,2026-05-30 00:00:00,433.480,300.960,98.610,33.900,70.560,434.940,302.010,98.950,33.960,71.010
2510203134,2026-05-29,320,2026-05-29 00:00:00,2026-05-30 00:00:00,119.520,70.260,28.730,20.530,6.060,119.710,70.360,28.770,20.570,6.060
2510224049,2026-05-29,1,2026-05-29 00:00:00,2026-05-30 00:02:00,42270.059,16378.170,9242.420,16649.471,92.710,42373.398,16418.170,9260.320,16694.910,93.910
2510224167,2026-05-29,1,2026-05-29 00:00:00,2026-05-30 00:00:00,13738.390,5457.810,2543.100,5737.470,122.040,13787.030,5481.050,2554.090,5751.870,123.440
2510317505,2026-05-29,1,2026-05-29 00:00:00,2026-05-30 00:00:00,7499.430,3180.590,1718.500,2600.320,0.210,7562.150,3205.650,1732.730,2623.760,0.210
2510317537,2026-05-29,1,2026-05-29 00:00:00,2026-05-30 00:00:00,8080.610,4641.220,1533.280,1906.100,0.000,8125.950,4665.940,1543.030,1916.980,0.000
2510389559,2026-05-29,1,2026-05-29 00:00:00,2026-05-30 00:00:00,34.810,18.580,14.320,1.910,29.580,34.810,18.580,14.320,1.910,29.580
2510389643,2026-05-29,1,2026-05-29 00:00:00,2026-05-30 00:00:00,29713.000,10477.510,5439.300,13796.180,21.220,29836.230,10516.690,5460.490,13859.040,21.230
2510389931,2026-05-29,1,2026-05-29 00:00:00,2026-05-30 00:00:00,20592.670,7852.820,4625.400,8114.440,0.010,20683.670,7884.570,4643.930,8155.160,0.010
2510633381,2026-05-29,320,2026-05-29 00:00:00,2026-05-30 00:00:00,80.050,49.500,17.770,12.780,3.530,81.830,50.630,18.220,12.980,3.560
2510633383,2026-05-29,40,2026-05-29 00:00:00,2026-05-30 00:00:00,620.950,459.580,147.040,14.320,10.170,634.080,469.780,149.850,14.430,10.720
2510633385,2026-05-29,60,2026-05-29 00:00:00,2026-05-30 00:00:00,659.040,290.580,131.450,237.000,17.960,664.330,293.040,132.490,238.790,18.240
2510633386,2026-05-29,500,2026-05-29 00:03:00,2026-05-30 00:00:00,157.030,90.630,36.140,30.250,30.850,160.020,92.310,36.840,30.860,30.850
2510633390,2026-05-29,80,2026-05-29 00:00:00,2026-05-30 00:00:00,624.530,372.210,146.740,105.560,154.940,631.050,376.260,149.140,105.640,156.460
2510633391,2026-05-29,100,2026-05-29 00:03:00,2026-05-30 00:00:00,79.720,61.300,18.400,0.020,1.440,81.430,62.620,18.780,0.020,1.470
2510633393,2026-05-29,600,2026-05-29 00:01:00,2026-05-30 00:00:00,3087.810,1805.620,625.370,656.820,612.280,3117.880,1822.390,631.310,664.170,619.160
2510633395,2026-05-29,40,2026-05-29 00:01:00,2026-05-30 00:00:00,818.140,451.200,181.360,185.580,52.300,826.500,455.900,183.220,187.370,52.510
2510633396,2026-05-29,400,2026-05-29 00:00:00,2026-05-30 00:00:00,329.190,222.120,75.240,31.820,62.960,332.100,224.120,76.090,31.880,63.290
2510633397,2026-05-29,240,2026-05-29 00:00:00,2026-05-30 00:00:00,181.770,120.970,46.370,14.410,61.230,186.690,123.960,48.160,14.560,64.750
2510633399,2026-05-29,600,2026-05-29 00:00:00,2026-05-30 00:00:00,392.420,223.730,83.640,85.040,7.870,397.620,226.630,84.980,86.000,8.890
2510633400,2026-05-29,800,2026-05-29 00:00:00,2026-05-30 00:00:00,200.550,123.500,41.720,35.320,3.830,201.470,124.020,41.940,35.500,3.830
2510633402,2026-05-29,300,2026-05-29 00:00:00,2026-05-30 00:00:00,60.340,35.030,13.780,11.510,3.670,60.920,35.370,13.930,11.610,3.680
2510633406,2026-05-29,60,2026-05-29 00:00:00,2026-05-30 00:00:00,231.020,91.950,42.820,96.250,2.000,231.840,92.340,43.000,96.490,2.030
2510633410,2026-05-29,60,2026-05-29 00:00:00,2026-05-30 00:00:00,608.780,390.560,138.980,79.230,100.380,614.540,394.420,140.250,79.860,100.610
2510633411,2026-05-29,800,2026-05-29 00:00:00,2026-05-30 00:00:00,1517.950,874.110,351.170,292.660,490.270,1541.490,887.130,356.360,297.990,500.480
2510814977,2026-05-29,400,2026-05-29 00:00:00,2026-05-30 00:00:00,12.550,7.600,2.900,2.040,0.750,12.830,7.760,2.950,2.110,0.750
2610026952,2026-05-29,200,2026-05-29 00:00:00,2026-05-30 00:00:00,1397.240,898.470,367.140,131.620,660.590,1423.000,916.420,374.920,131.650,673.510
2610026953,2026-05-29,700,2026-05-29 00:00:00,2026-05-30 00:00:00,24.400,15.890,5.640,2.860,3.290,24.970,16.260,5.780,2.910,3.320
2610026963,2026-05-29,300,2026-05-29 00:01:00,2026-05-30 00:00:00,134.090,79.970,32.210,21.900,14.710,140.460,83.680,33.950,22.820,15.170
2610026966,2026-05-29,240,2026-05-29 00:00:00,2026-05-30 00:01:00,217.800,154.710,54.580,8.490,48.830,224.830,159.720,56.350,8.750,50.650
2610026976,2026-05-29,60,2026-05-29 00:00:00,2026-05-30 00:00:00,465.110,294.670,105.160,65.270,60.740,474.080,300.490,107.150,66.430,61.320
2610026977,2026-05-29,30,2026-05-29 00:00:00,2026-05-30 00:00:00,160.930,65.890,27.000,68.030,26.130,165.400,67.600,27.920,69.870,27.020
2610126451,2026-05-29,300,2026-05-29 00:00:00,2026-05-30 00:00:00,55.600,38.800,14.380,2.410,48.110,56.030,39.050,14.490,2.480,48.170
2610170786,2026-05-29,500,2026-05-29 00:00:00,2026-05-30 00:03:00,1.730,1.140,0.390,0.190,0.100,2.060,1.330,0.490,0.240,0.120
2246006313,2026-05-30,8800,2026-05-30 00:00:00,2026-05-31 00:00:00,523.792,290.493,108.608,124.689,71.672,526.633,292.012,109.327,125.293,72.041
2310396105,2026-05-30,160,2026-05-30 00:00:00,2026-05-31 00:00:00,17998.439,11258.160,4306.130,2434.140,5143.980,18024.711,11275.540,4312.350,2436.820,5153.110
2310396106,2026-05-30,400,2026-05-30 00:00:00,2026-05-31 00:00:00,7417.470,4446.070,1778.690,1192.700,1374.450,7429.210,4452.740,1781.650,1194.810,1376.790
2310396107,2026-05-30,3000,2026-05-30 00:01:00,2026-05-31 00:00:00,1097.270,803.070,131.400,162.780,308.690,1098.910,804.360,131.680,162.860,309.020
2310396108,2026-05-30,40,2026-05-30 00:00:00,2026-05-31 00:00:00,3213.440,1730.630,705.520,777.280,491.080,3217.430,1733.110,706.000,778.310,491.800
2310396110,2026-05-30,160,2026-05-30 00:00:00,2026-05-31 00:00:00,17336.850,10130.890,3918.620,3287.330,5818.030,17376.061,10153.350,3929.680,3293.020,5832.050
2310396111,2026-05-30,160,2026-05-30 00:00:00,2026-05-31 00:00:00,7687.490,4348.670,1696.460,1642.350,4063.280,7711.980,4362.100,1701.270,1648.600,4075.750
2410121326,2026-05-30,200,2026-05-30 00:00:00,2026-05-31 00:00:00,904.830,587.680,253.360,63.790,202.180,909.920,590.970,254.750,64.200,203.410
2410121353,2026-05-30,160,2026-05-30 00:00:00,2026-05-31 00:00:00,355.610,247.440,93.890,14.270,64.630,359.300,250.170,94.790,14.340,65.710
2410121371,2026-05-30,160,2026-05-30 00:00:00,2026-05-31 00:00:00,431.510,266.710,94.040,70.760,52.530,434.300,268.560,94.540,71.190,52.810
2410121424,2026-05-30,120,2026-05-30 00:00:00,2026-05-31 00:00:00,33.930,21.700,8.040,4.180,1.430,34.040,21.760,8.070,4.200,1.430
2410121454,2026-05-30,160,2026-05-30 00:00:00,2026-05-31 00:00:00,1374.020,841.140,299.170,233.710,216.120,1377.710,843.100,300.040,234.560,216.720
2410121457,2026-05-30,160,2026-05-30 00:00:00,2026-05-31 00:00:00,434.840,282.330,112.270,40.230,42.690,442.520,287.290,114.330,40.890,43.770
2410121574,2026-05-30,160,2026-05-30 00:00:00,2026-05-31 00:00:00,3498.160,2529.550,818.920,149.680,305.280,3512.580,2540.180,822.240,150.150,306.540
2410131378,2026-05-30,200,2026-05-30 00:00:00,2026-05-31 00:00:00,862.970,572.760,246.760,43.430,204.380,872.780,578.540,249.230,44.990,206.550
2410131383,2026-05-30,400,2026-05-30 00:00:00,2026-05-31 00:00:00,814.290,534.480,172.610,107.180,29.020,816.910,536.340,173.190,107.370,29.280
2410131384,2026-05-30,200,2026-05-30 00:00:00,2026-05-31 00:00:00,7833.540,4462.000,1557.240,1814.290,1577.560,7856.810,4474.930,1562.050,1819.820,1583.270
2410131387,2026-05-30,600,2026-05-30 00:00:00,2026-05-31 00:00:00,352.820,217.010,83.000,52.800,32.640,353.520,217.410,83.160,52.940,32.640
2410131547,2026-05-30,1,2026-05-30 00:00:00,2026-05-31 00:00:00,50909.820,33453.309,12062.990,5393.510,8036.100,50909.820,33453.309,12062.990,5393.510,8036.100
2410320615,2026-05-30,700,2026-05-30 00:00:00,2026-05-31 00:00:00,10796.170,6634.070,2629.980,1532.110,2644.090,10849.560,6666.370,2642.320,1540.850,2657.580
2410883988,2026-05-30,100,2026-05-30 00:00:00,2026-05-31 00:00:00,15.820,9.270,2.640,3.900,2.840,16.060,9.390,2.690,3.970,2.840
2410883991,2026-05-30,100,2026-05-30 00:00:00,2026-05-31 00:00:00,2310.930,1379.360,519.200,412.370,207.950,2314.980,1381.990,520.160,412.820,208.290
2410883993,2026-05-30,60,2026-05-30 00:00:00,2026-05-31 00:00:00,1578.120,684.270,302.860,590.990,31.980,1588.990,689.290,305.180,594.520,32.160
2410883994,2026-05-30,320,2026-05-30 00:00:00,2026-05-31 00:00:00,79.570,35.350,16.230,27.980,3.100,79.780,35.440,16.290,28.040,3.100
2410932742,2026-05-30,240,2026-05-30 00:00:00,2026-05-31 00:00:00,14378.760,8389.240,2671.340,3318.170,3536.500,14423.230,8412.750,2680.760,3329.710,3549.090
2411087432,2026-05-30,40,2026-05-30 00:00:00,2026-05-31 00:01:00,2300.110,1436.170,663.040,200.900,519.780,2313.130,1443.780,666.820,202.510,521.600
2411087433,2026-05-30,500,2026-05-30 00:00:00,2026-05-31 00:00:00,366.030,212.440,81.200,72.380,8.120,368.040,213.650,81.820,72.550,8.260
2411290205,2026-05-30,240,2026-05-30 00:00:00,2026-05-31 00:00:00,7291.140,4886.250,2140.910,263.970,2585.900,7306.420,4897.360,2144.510,264.530,2592.000
2510014481,2026-05-30,80,2026-05-30 00:00:00,2026-05-31 00:00:00,11496.320,6672.840,2198.640,2624.830,4284.480,11498.510,6674.020,2199.100,2625.370,4284.760
2510014482,2026-05-30,40,2026-05-30 00:00:00,2026-05-31 00:00:00,867.660,603.870,238.120,25.650,54.740,870.280,605.700,238.880,25.690,54.830
2510014483,2026-05-30,300,2026-05-30 00:00:00,2026-05-31 00:00:00,137.510,77.010,30.920,29.570,0.000,138.370,77.520,31.130,29.700,0.000
2510014484,2026-05-30,160,2026-05-30 00:00:00,2026-05-31 00:00:00,7230.690,4084.030,1597.040,1549.610,872.750,7244.400,4093.420,1600.800,1550.170,874.270
2510178139,2026-05-30,300,2026-05-30 00:00:00,2026-05-31 00:00:00,269.250,163.030,63.350,42.860,41.540,271.730,164.490,64.000,43.230,41.790
2510178141,2026-05-30,40,2026-05-30 00:00:00,2026-05-31 00:03:00,309.560,228.950,74.490,6.110,68.580,309.770,229.070,74.530,6.160,68.580
2510203103,2026-05-30,400,2026-05-30 00:00:00,2026-05-31 00:00:00,773.960,449.020,169.690,155.230,27.720,788.060,457.060,173.350,157.640,28.140
2510203104,2026-05-30,160,2026-05-30 00:00:00,2026-05-31 00:00:00,1741.120,1026.160,409.270,305.680,173.880,1754.800,1035.240,413.100,306.450,176.240
2510203105,2026-05-30,100,2026-05-30 00:00:00,2026-05-31 00:00:00,1697.490,1183.280,478.800,35.400,392.320,1706.060,1189.270,481.080,35.700,394.610
2510203106,2026-05-30,100,2026-05-30 00:00:00,2026-05-31 00:00:00,66.520,31.420,11.840,23.250,0.310,66.850,31.560,11.900,23.390,0.310
2510203108,2026-05-30,80,2026-05-30 00:00:00,2026-05-31 00:00:00,2196.310,1216.310,480.570,499.420,389.020,2211.180,1224.420,484.430,502.320,390.680
2510203109,2026-05-30,300,2026-05-30 00:00:00,2026-05-31 00:00:00,829.610,519.230,243.120,67.240,321.250,834.340,521.810,245.110,67.420,322.310
2510203111,2026-05-30,40,2026-05-30 00:00:00,2026-05-31 00:00:00,1905.700,1254.250,525.970,125.470,530.760,1926.250,1265.650,530.630,129.960,536.730
2510203113,2026-05-30,160,2026-05-30 00:00:00,2026-05-31 00:00:00,1944.420,1239.930,473.650,230.840,67.200,1972.350,1258.090,479.770,234.470,68.930
2510203114,2026-05-30,120,2026-05-30 00:00:00,2026-05-31 00:00:00,913.440,571.850,227.820,113.750,156.590,924.060,579.200,230.890,113.960,158.950
2510203115,2026-05-30,40,2026-05-30 00:00:00,2026-05-31 00:02:00,1476.260,945.640,345.020,185.590,328.320,1486.850,952.030,347.880,186.940,329.650
2510203117,2026-05-30,80,2026-05-30 00:00:00,2026-05-31 00:00:00,1209.920,640.210,278.040,291.660,187.090,1213.880,642.140,278.830,292.910,188.020
2510203118,2026-05-30,640,2026-05-30 00:00:00,2026-05-31 00:00:00,63.670,38.260,15.680,9.720,26.100,65.090,39.100,16.010,9.980,26.130
2510203119,2026-05-30,40,2026-05-30 00:00:00,2026-05-31 00:00:00,296.170,202.940,80.600,12.630,135.930,311.980,212.320,86.030,13.620,141.920
2510203120,2026-05-30,160,2026-05-30 00:00:00,2026-05-31 00:00:00,2533.620,1541.700,574.970,416.950,544.150,2544.280,1547.550,577.230,419.490,546.840
2510203121,2026-05-30,100,2026-05-30 00:00:00,2026-05-31 00:00:00,776.890,435.520,176.690,164.670,50.610,782.620,438.840,178.360,165.400,50.820
2510203122,2026-05-30,40,2026-05-30 00:00:00,2026-05-31 00:00:00,600.820,382.570,184.530,33.710,438.730,604.250,384.760,185.560,33.930,441.590
2510203123,2026-05-30,40,2026-05-30 00:00:00,2026-05-31 00:00:00,1456.090,979.200,415.980,60.900,472.550,1470.000,987.020,419.340,63.640,477.010
2510203124,2026-05-30,800,2026-05-30 00:00:00,2026-05-31 00:00:00,507.870,358.100,120.530,29.220,143.470,511.730,360.840,121.560,29.330,144.560
2510203125,2026-05-30,160,2026-05-30 00:00:00,2026-05-31 00:00:00,97.380,59.770,20.050,17.550,5.180,98.300,60.250,20.210,17.830,5.180
2510203127,2026-05-30,40,2026-05-30 00:00:00,2026-05-31 00:00:00,301.010,202.090,82.130,16.790,34.040,307.090,206.740,83.470,16.870,35.570
2510203128,2026-05-30,500,2026-05-30 00:00:00,2026-05-31 00:00:00,4736.890,2469.880,833.590,1433.410,155.620,4764.500,2483.470,839.220,1441.800,157.280
2510203133,2026-05-30,40,2026-05-30 00:00:00,2026-05-31 00:00:00,434.940,302.010,98.950,33.960,71.010,435.160,302.130,99.000,34.020,71.010
2510203134,2026-05-30,320,2026-05-30 00:00:00,2026-05-31 00:00:00,119.710,70.360,28.770,20.570,6.060,119.900,70.460,28.810,20.620,6.060
2510224049,2026-05-30,1,2026-05-30 00:02:00,2026-05-31 00:00:00,42373.398,16418.170,9260.320,16694.910,93.910,42468.840,16451.670,9277.020,16740.141,93.910
2510224167,2026-05-30,1,2026-05-30 00:00:00,2026-05-31 00:00:00,13787.030,5481.050,2554.090,5751.870,123.440,13829.850,5499.680,2564.590,5765.580,123.440
2510317505,2026-05-30,1,2026-05-30 00:00:00,2026-05-31 00:00:00,7562.150,3205.650,1732.730,2623.760,0.210,7625.040,3230.770,1747.070,2647.190,0.210
2510317537,2026-05-30,1,2026-05-30 00:00:00,2026-05-31 00:00:00,8125.950,4665.940,1543.030,1916.980,0.000,8171.210,4690.730,1552.930,1927.540,0.000
2510389559,2026-05-30,1,2026-05-30 00:00:00,2026-05-31 00:00:00,34.810,18.580,14.320,1.910,29.580,34.810,18.580,14.320,1.910,29.580
2510389643,2026-05-30,1,2026-05-30 00:00:00,2026-05-31 00:01:00,29836.230,10516.690,5460.490,13859.040,21.230,29964.420,10557.770,5481.760,13924.870,21.270
2510389931,2026-05-30,1,2026-05-30 00:00:00,2026-05-31 00:00:00,20683.670,7884.570,4643.930,8155.160,0.010,20773.961,7916.300,4662.510,8195.140,0.010
2510633381,2026-05-30,320,2026-05-30 00:00:00,2026-05-31 00:00:00,81.830,50.630,18.220,12.980,3.560,83.330,51.580,18.580,13.160,3.600
2510633383,2026-05-30,40,2026-05-30 00:00:00,2026-05-31 00:00:00,634.080,469.780,149.850,14.430,10.720,634.560,470.050,149.950,14.550,10.720
2510633385,2026-05-30,60,2026-05-30 00:00:00,2026-05-31 00:00:00,664.330,293.040,132.490,238.790,18.240,669.000,294.950,133.530,240.510,18.480
2510633386,2026-05-30,500,2026-05-30 00:00:00,2026-05-31 00:03:00,160.020,92.310,36.840,30.860,30.850,163.210,94.050,37.590,31.560,30.850
2510633390,2026-05-30,80,2026-05-30 00:00:00,2026-05-31 00:03:00,631.050,376.260,149.140,105.640,156.460,637.350,380.240,151.330,105.780,158.030
2510633391,2026-05-30,100,2026-05-30 00:00:00,2026-05-31 00:00:00,81.430,62.620,18.780,0.020,1.470,81.440,62.630,18.780,0.020,1.470
2510633393,2026-05-30,600,2026-05-30 00:00:00,2026-05-31 00:01:00,3117.880,1822.390,631.310,664.170,619.160,3150.340,1840.000,638.210,672.120,626.780
2510633395,2026-05-30,40,2026-05-30 00:00:00,2026-05-31 00:04:00,826.500,455.900,183.220,187.370,52.510,835.080,460.490,185.420,189.170,52.760
2510633396,2026-05-30,400,2026-05-30 00:00:00,2026-05-31 00:00:00,332.100,224.120,76.090,31.880,63.290,334.950,225.920,76.950,32.080,63.610
2510633397,2026-05-30,240,2026-05-30 00:00:00,2026-05-31 00:00:00,186.690,123.960,48.160,14.560,64.750,190.390,126.630,49.050,14.700,67.370
2510633399,2026-05-30,600,2026-05-30 00:00:00,2026-05-31 00:00:00,397.620,226.630,84.980,86.000,8.890,402.800,229.460,86.420,86.910,9.840
2510633400,2026-05-30,800,2026-05-30 00:00:00,2026-05-31 00:00:00,201.470,124.020,41.940,35.500,3.830,202.310,124.500,42.130,35.660,3.830
2510633402,2026-05-30,300,2026-05-30 00:00:00,2026-05-31 00:00:00,60.920,35.370,13.930,11.610,3.680,61.540,35.730,14.100,11.700,3.680
2510633406,2026-05-30,60,2026-05-30 00:00:00,2026-05-31 00:00:00,231.840,92.340,43.000,96.490,2.030,232.560,92.650,43.180,96.720,2.030
2510633410,2026-05-30,60,2026-05-30 00:00:00,2026-05-31 00:00:00,614.540,394.420,140.250,79.860,100.610,620.760,398.280,142.060,80.400,100.980
2510633411,2026-05-30,800,2026-05-30 00:00:00,2026-05-31 00:00:00,1541.490,887.130,356.360,297.990,500.480,1565.250,899.690,362.220,303.330,510.370
2510814977,2026-05-30,400,2026-05-30 00:00:00,2026-05-31 00:00:00,12.830,7.760,2.950,2.110,0.750,13.130,7.930,3.020,2.160,0.760
2610026952,2026-05-30,200,2026-05-30 00:00:00,2026-05-31 00:00:00,1423.000,916.420,374.920,131.650,673.510,1456.000,940.730,380.090,135.170,690.540
2610026953,2026-05-30,700,2026-05-30 00:00:00,2026-05-31 00:00:00,24.970,16.260,5.780,2.910,3.320,25.530,16.620,5.940,2.960,3.370
2610026963,2026-05-30,300,2026-05-30 00:00:00,2026-05-31 00:00:00,140.460,83.680,33.950,22.820,15.170,144.270,85.620,34.680,23.960,15.930
2610026966,2026-05-30,240,2026-05-30 00:01:00,2026-05-31 00:00:00,224.830,159.720,56.350,8.750,50.650,231.270,164.470,57.830,8.950,52.410
2610026976,2026-05-30,60,2026-05-30 00:00:00,2026-05-31 00:00:00,474.080,300.490,107.150,66.430,61.320,479.970,303.830,108.910,67.210,61.660
2610026977,2026-05-30,30,2026-05-30 00:00:00,2026-05-31 00:00:00,165.400,67.600,27.920,69.870,27.020,169.690,69.250,28.760,71.680,27.870
2610126451,2026-05-30,300,2026-05-30 00:00:00,2026-05-31 00:00:00,56.030,39.050,14.490,2.480,48.170,56.450,39.310,14.580,2.540,48.240
2610170786,2026-05-30,500,2026-05-30 00:03:00,2026-05-31 00:00:00,2.060,1.330,0.490,0.240,0.120,2.330,1.480,0.560,0.280,0.150
2246006313,2026-05-31,8800,2026-05-31 00:00:00,2026-06-01 00:00:00,526.633,292.012,109.327,125.293,72.041,528.714,293.641,109.327,125.745,72.174
2310396105,2026-05-31,160,2026-05-31 00:00:00,2026-06-01 00:00:00,18024.711,11275.540,4312.350,2436.820,5153.110,18030.840,11280.650,4312.350,2437.830,5154.460
2310396106,2026-05-31,400,2026-05-31 00:00:00,2026-06-01 00:00:00,7429.210,4452.740,1781.650,1194.810,1376.790,7435.360,4458.560,1781.650,1195.140,1378.310
2310396107,2026-05-31,3000,2026-05-31 00:00:00,2026-06-01 00:00:00,1098.910,804.360,131.680,162.860,309.020,1099.220,804.610,131.680,162.920,309.030
2310396108,2026-05-31,40,2026-05-31 00:00:00,2026-06-01 00:00:00,3217.430,1733.110,706.000,778.310,491.800,3221.860,1736.500,706.000,779.340,492.720
2310396110,2026-05-31,160,2026-05-31 00:00:00,2026-06-01 00:00:00,17376.061,10153.350,3929.680,3293.020,5832.050,17392.230,10165.190,3929.680,3297.350,5836.240
2310396111,2026-05-31,160,2026-05-31 00:00:00,2026-06-01 00:00:00,7711.980,4362.100,1701.270,1648.600,4075.750,7727.100,4373.330,1701.270,1652.480,4083.810
2410121326,2026-05-31,200,2026-05-31 00:00:00,2026-06-01 00:00:00,909.920,590.970,254.750,64.200,203.410,911.760,592.370,254.750,64.640,203.560
2410121353,2026-05-31,160,2026-05-31 00:00:00,2026-06-01 00:00:00,359.300,250.170,94.790,14.340,65.710,360.770,251.570,94.790,14.410,66.190
2410121371,2026-05-31,160,2026-05-31 00:00:00,2026-06-01 00:00:00,434.300,268.560,94.540,71.190,52.810,434.780,268.920,94.540,71.300,52.810
2410121424,2026-05-31,120,2026-05-31 00:00:00,2026-06-01 00:00:00,34.040,21.760,8.070,4.200,1.430,34.150,21.840,8.070,4.230,1.430
2410121454,2026-05-31,160,2026-05-31 00:00:00,2026-06-01 00:00:00,1377.710,843.100,300.040,234.560,216.720,1381.460,846.010,300.040,235.400,217.310
2410121457,2026-05-31,160,2026-05-31 00:00:00,2026-06-01 00:00:00,442.520,287.290,114.330,40.890,43.770,443.870,288.390,114.330,41.130,43.810
2410121574,2026-05-31,160,2026-05-31 00:00:00,2026-06-01 00:00:00,3512.580,2540.180,822.240,150.150,306.540,3518.650,2545.760,822.240,150.640,306.540
2410131378,2026-05-31,200,2026-05-31 00:00:00,2026-06-01 00:00:00,872.780,578.540,249.230,44.990,206.550,879.880,584.120,249.230,46.510,208.570
2410131383,2026-05-31,400,2026-05-31 00:00:00,2026-06-01 00:00:00,816.910,536.340,173.190,107.370,29.280,817.510,536.770,173.190,107.540,29.280
2410131384,2026-05-31,200,2026-05-31 00:00:00,2026-06-01 00:00:00,7856.810,4474.930,1562.050,1819.820,1583.270,7860.960,4476.180,1562.050,1822.720,1584.050
2410131387,2026-05-31,600,2026-05-31 00:00:00,2026-06-01 00:00:00,353.520,217.410,83.160,52.940,32.640,353.950,217.720,83.160,53.060,32.650
2410131547,2026-05-31,1,2026-05-31 00:00:00,2026-06-01 00:00:00,50909.820,33453.309,12062.990,5393.510,8036.100,50909.820,33453.309,12062.990,5393.510,8036.100
2410320615,2026-05-31,700,2026-05-31 00:00:00,2026-06-01 00:00:00,10849.560,6666.370,2642.320,1540.850,2657.580,10861.960,6672.160,2642.320,1547.470,2658.910
2410883988,2026-05-31,100,2026-05-31 00:00:00,2026-06-01 00:00:00,16.060,9.390,2.690,3.970,2.840,16.290,9.560,2.690,4.040,2.840
2410883990,2026-05-31,60,2026-05-31 09:14:00,2026-06-01 00:00:00,2913.270,1663.450,623.710,626.100,875.360,2913.550,1663.690,623.710,626.140,875.370
2410883991,2026-05-31,100,2026-05-31 00:00:00,2026-06-01 00:00:00,2314.980,1381.990,520.160,412.820,208.290,2319.840,1386.330,520.160,413.330,208.700
2410883993,2026-05-31,60,2026-05-31 00:00:00,2026-06-01 00:00:00,1588.990,689.290,305.180,594.520,32.160,1599.620,696.430,305.180,598.000,32.280
2410883994,2026-05-31,320,2026-05-31 00:00:00,2026-06-01 00:00:00,79.780,35.440,16.290,28.040,3.100,80.010,35.580,16.290,28.140,3.100
2410932742,2026-05-31,240,2026-05-31 00:00:00,2026-06-01 00:00:00,14423.230,8412.750,2680.760,3329.710,3549.090,14465.200,8444.870,2680.760,3339.560,3560.650
2411087432,2026-05-31,40,2026-05-31 00:01:00,2026-06-01 00:00:00,2313.130,1443.780,666.820,202.510,521.600,2319.720,1448.760,666.820,204.130,521.700
2411087433,2026-05-31,500,2026-05-31 00:00:00,2026-06-01 00:00:00,368.040,213.650,81.820,72.550,8.260,369.490,214.920,81.820,72.740,8.310
2411290205,2026-05-31,240,2026-05-31 00:00:00,2026-06-01 00:02:00,7306.420,4897.360,2144.510,264.530,2592.000,7310.190,4900.580,2144.510,265.090,2594.110
2510014481,2026-05-31,80,2026-05-31 00:00:00,2026-06-01 00:00:00,11498.510,6674.020,2199.100,2625.370,4284.760,11500.670,6675.650,2199.100,2625.910,4285.030
2510014482,2026-05-31,40,2026-05-31 00:00:00,2026-06-01 00:03:00,870.280,605.700,238.880,25.690,54.830,870.710,606.050,238.880,25.770,54.840
2510014483,2026-05-31,300,2026-05-31 00:00:00,2026-06-01 00:00:00,138.370,77.520,31.130,29.700,0.000,138.870,77.900,31.130,29.830,0.000
2510014484,2026-05-31,160,2026-05-31 00:00:00,2026-06-01 00:00:00,7244.400,4093.420,1600.800,1550.170,874.270,7245.740,4094.370,1600.800,1550.550,874.270
2510178139,2026-05-31,300,2026-05-31 00:00:00,2026-06-01 00:03:00,271.730,164.490,64.000,43.230,41.790,273.830,166.170,64.000,43.650,41.880
2510178141,2026-05-31,40,2026-05-31 00:03:00,2026-06-01 00:00:00,309.770,229.070,74.530,6.160,68.580,309.970,229.220,74.530,6.210,68.580
2510203103,2026-05-31,400,2026-05-31 00:00:00,2026-06-01 00:00:00,788.060,457.060,173.350,157.640,28.140,797.340,464.600,173.350,159.370,28.150
2510203104,2026-05-31,160,2026-05-31 00:00:00,2026-06-01 00:02:00,1754.800,1035.240,413.100,306.450,176.240,1757.240,1037.070,413.100,307.060,176.250
2510203105,2026-05-31,100,2026-05-31 00:00:00,2026-06-01 00:00:00,1706.060,1189.270,481.080,35.700,394.610,1709.120,1192.230,481.080,35.800,395.340
2510203106,2026-05-31,100,2026-05-31 00:00:00,2026-06-01 00:00:00,66.850,31.560,11.900,23.390,0.310,67.190,31.750,11.900,23.530,0.310
2510203108,2026-05-31,80,2026-05-31 00:00:00,2026-06-01 00:00:00,2211.180,1224.420,484.430,502.320,390.680,2225.480,1235.860,484.430,505.180,392.720
2510203109,2026-05-31,300,2026-05-31 00:00:00,2026-06-01 00:00:00,834.340,521.810,245.110,67.420,322.310,837.050,524.370,245.110,67.570,323.170
2510203111,2026-05-31,40,2026-05-31 00:00:00,2026-06-01 00:02:00,1926.250,1265.650,530.630,129.960,536.730,1946.860,1281.720,530.630,134.500,542.720
2510203113,2026-05-31,160,2026-05-31 00:00:00,2026-06-01 00:00:00,1972.350,1258.090,479.770,234.470,68.930,1980.490,1263.650,479.770,237.060,68.930
2510203114,2026-05-31,120,2026-05-31 00:00:00,2026-06-01 00:03:00,924.060,579.200,230.890,113.960,158.950,924.520,579.560,230.890,114.050,158.960
2510203115,2026-05-31,40,2026-05-31 00:02:00,2026-06-01 00:03:00,1486.850,952.030,347.880,186.940,329.650,1495.450,959.860,347.880,187.700,331.070
2510203117,2026-05-31,80,2026-05-31 00:00:00,2026-06-01 00:00:00,1213.880,642.140,278.830,292.910,188.020,1217.450,644.590,278.830,294.030,188.040
2510203118,2026-05-31,640,2026-05-31 00:00:00,2026-06-01 00:00:00,65.090,39.100,16.010,9.980,26.130,65.370,39.210,16.010,10.140,26.130
2510203119,2026-05-31,40,2026-05-31 00:00:00,2026-06-01 00:00:00,311.980,212.320,86.030,13.620,141.920,325.460,224.090,86.030,15.330,147.590
2510203120,2026-05-31,160,2026-05-31 00:00:00,2026-06-01 00:00:00,2544.280,1547.550,577.230,419.490,546.840,2555.180,1555.950,577.230,421.990,549.520
2510203121,2026-05-31,100,2026-05-31 00:00:00,2026-06-01 00:03:00,782.620,438.840,178.360,165.400,50.820,786.850,442.340,178.360,166.140,50.930
2510203122,2026-05-31,40,2026-05-31 00:00:00,2026-06-01 00:00:00,604.250,384.760,185.560,33.930,441.590,605.740,385.930,185.560,34.240,442.490
2510203123,2026-05-31,40,2026-05-31 00:00:00,2026-06-01 00:00:00,1470.000,987.020,419.340,63.640,477.010,1484.170,998.310,419.340,66.510,481.460
2510203124,2026-05-31,800,2026-05-31 00:00:00,2026-06-01 00:03:00,511.730,360.840,121.560,29.330,144.560,517.100,366.000,121.560,29.530,145.810
2510203125,2026-05-31,160,2026-05-31 00:00:00,2026-06-01 00:03:00,98.300,60.250,20.210,17.830,5.180,99.030,60.720,20.210,18.100,5.180
2510203127,2026-05-31,40,2026-05-31 00:00:00,2026-06-01 00:00:00,307.090,206.740,83.470,16.870,35.570,307.430,206.990,83.470,16.950,35.570
2510203128,2026-05-31,500,2026-05-31 00:00:00,2026-06-01 00:00:00,4764.500,2483.470,839.220,1441.800,157.280,4792.290,2503.030,839.220,1450.030,158.990
2510203133,2026-05-31,40,2026-05-31 00:00:00,2026-06-01 00:00:00,435.160,302.130,99.000,34.020,71.010,435.370,302.290,99.000,34.070,71.010
2510203134,2026-05-31,320,2026-05-31 00:00:00,2026-06-01 00:00:00,119.900,70.460,28.810,20.620,6.060,120.080,70.590,28.810,20.670,6.060
2510224049,2026-05-31,1,2026-05-31 00:00:00,2026-06-01 00:03:00,42468.840,16451.670,9277.020,16740.141,93.910,42566.422,16503.670,9277.020,16785.730,94.360
2510224167,2026-05-31,1,2026-05-31 00:00:00,2026-06-01 00:00:00,13829.850,5499.680,2564.590,5765.580,123.440,13870.320,5526.710,2564.590,5779.010,123.440
2510317505,2026-05-31,1,2026-05-31 00:00:00,2026-06-01 00:00:00,7625.040,3230.770,1747.070,2647.190,0.210,7682.900,3265.400,1747.070,2670.410,0.210
2510317537,2026-05-31,1,2026-05-31 00:00:00,2026-06-01 00:03:00,8171.210,4690.730,1552.930,1927.540,0.000,8215.480,4724.340,1552.930,1938.200,0.000
2510389559,2026-05-31,1,2026-05-31 00:00:00,2026-06-01 00:00:00,34.810,18.580,14.320,1.910,29.580,34.810,18.580,14.320,1.910,29.580
2510389643,2026-05-31,1,2026-05-31 00:01:00,2026-06-01 00:00:00,29964.420,10557.770,5481.760,13924.870,21.270,30090.850,10619.140,5481.760,13989.940,21.290
2510389931,2026-05-31,1,2026-05-31 00:00:00,2026-06-01 00:03:00,20773.961,7916.300,4662.510,8195.140,0.010,20864.830,7966.630,4662.510,8235.690,0.010
2510633381,2026-05-31,320,2026-05-31 00:00:00,2026-06-01 00:00:00,83.330,51.580,18.580,13.160,3.600,84.180,52.260,18.580,13.330,3.600
2510633383,2026-05-31,40,2026-05-31 00:00:00,2026-06-01 00:04:00,634.560,470.050,149.950,14.550,10.720,635.020,470.390,149.950,14.660,10.720
2510633385,2026-05-31,60,2026-05-31 00:00:00,2026-06-01 00:00:00,669.000,294.950,133.530,240.510,18.480,672.580,296.970,133.530,242.070,18.590
2510633386,2026-05-31,500,2026-05-31 00:03:00,2026-06-01 00:00:00,163.210,94.050,37.590,31.560,30.850,164.280,94.570,37.590,32.120,30.850
2510633390,2026-05-31,80,2026-05-31 00:03:00,2026-06-01 00:03:00,637.350,380.240,151.330,105.780,158.030,640.150,382.860,151.330,105.950,158.780
2510633391,2026-05-31,100,2026-05-31 00:00:00,2026-06-01 00:00:00,81.440,62.630,18.780,0.020,1.470,81.450,62.640,18.780,0.030,1.470
2510633393,2026-05-31,600,2026-05-31 00:01:00,2026-06-01 00:03:00,3150.340,1840.000,638.210,672.120,626.780,3175.110,1857.880,638.210,679.020,632.050
2510633395,2026-05-31,40,2026-05-31 00:04:00,2026-06-01 00:00:00,835.080,460.490,185.420,189.170,52.760,843.390,467.070,185.420,190.900,53.040
2510633396,2026-05-31,400,2026-05-31 00:00:00,2026-06-01 00:00:00,334.950,225.920,76.950,32.080,63.610,338.370,228.950,76.950,32.470,64.010
2510633397,2026-05-31,240,2026-05-31 00:00:00,2026-06-01 00:00:00,190.390,126.630,49.050,14.700,67.370,190.770,126.870,49.050,14.850,67.370
2510633399,2026-05-31,600,2026-05-31 00:00:00,2026-06-01 00:00:00,402.800,229.460,86.420,86.910,9.840,406.970,232.840,86.420,87.690,10.780
2510633400,2026-05-31,800,2026-05-31 00:00:00,2026-06-01 00:03:00,202.310,124.500,42.130,35.660,3.830,203.020,125.060,42.130,35.830,3.830
2510633402,2026-05-31,300,2026-05-31 00:00:00,2026-06-01 00:03:00,61.540,35.730,14.100,11.700,3.680,62.000,36.110,14.100,11.790,3.690
2510633406,2026-05-31,60,2026-05-31 00:00:00,2026-06-01 00:00:00,232.560,92.650,43.180,96.720,2.030,233.250,93.110,43.180,96.950,2.030
2510633410,2026-05-31,60,2026-05-31 00:00:00,2026-06-01 00:00:00,620.760,398.280,142.060,80.400,100.980,625.030,402.010,142.060,80.950,101.310
2510633411,2026-05-31,800,2026-05-31 00:00:00,2026-06-01 00:03:00,1565.250,899.690,362.220,303.330,510.370,1581.990,912.660,362.220,307.110,517.030
2510814977,2026-05-31,400,2026-05-31 00:00:00,2026-06-01 00:00:00,13.130,7.930,3.020,2.160,0.760,13.490,8.250,3.020,2.200,0.770
2610026952,2026-05-31,200,2026-05-31 00:00:00,2026-06-01 00:00:00,1456.000,940.730,380.090,135.170,690.540,1457.280,941.970,380.090,135.210,690.570
2610026953,2026-05-31,700,2026-05-31 00:00:00,2026-06-01 00:00:00,25.530,16.620,5.940,2.960,3.370,26.210,17.230,5.940,3.030,3.410
2610026963,2026-05-31,300,2026-05-31 00:00:00,2026-06-01 00:04:00,144.270,85.620,34.680,23.960,15.930,146.180,86.910,34.680,24.580,15.960
2610026966,2026-05-31,240,2026-05-31 00:00:00,2026-06-01 00:00:00,231.270,164.470,57.830,8.950,52.410,232.980,165.970,57.830,9.170,53.010
2610026976,2026-05-31,60,2026-05-31 00:00:00,2026-06-01 00:00:00,479.970,303.830,108.910,67.210,61.660,486.800,309.750,108.910,68.120,62.230
2610026977,2026-05-31,30,2026-05-31 00:00:00,2026-06-01 00:00:00,169.690,69.250,28.760,71.680,27.870,173.780,71.510,28.760,73.500,28.390
2610126451,2026-05-31,300,2026-05-31 00:00:00,2026-06-01 00:00:00,56.450,39.310,14.580,2.540,48.240,56.750,39.550,14.580,2.600,48.290
2610170786,2026-05-31,500,2026-05-31 00:00:00,2026-06-01 00:00:00,2.330,1.480,0.560,0.280,0.150,2.620,1.750,0.560,0.310,0.170
2246006313,2026-06-29,8800,2026-06-29 00:00:00,2026-06-30 00:00:00,614.530,342.590,126.565,145.375,81.981,617.916,344.423,127.334,146.158,82.271
2310396105,2026-06-29,160,2026-06-29 00:00:00,2026-06-30 00:00:00,19051.311,11943.770,4564.460,2543.070,5514.740,19065.590,11953.650,4567.960,2543.970,5519.570
2310396106,2026-06-29,400,2026-06-29 00:00:00,2026-06-30 00:00:00,7748.660,4639.200,1853.550,1255.890,1446.190,7757.950,4645.170,1856.350,1256.430,1448.630
2310396107,2026-06-29,3000,2026-06-29 00:00:00,2026-06-30 00:00:00,1149.600,842.940,138.510,168.130,320.300,1151.830,844.660,138.930,168.230,321.020
2310396108,2026-06-29,40,2026-06-29 00:00:00,2026-06-30 00:01:00,3352.800,1810.940,728.920,812.940,522.120,3357.170,1813.110,729.900,814.150,523.090
2310396110,2026-06-29,160,2026-06-29 00:00:00,2026-06-30 00:00:00,18406.490,10755.420,4185.150,3465.910,6334.200,18439.080,10774.610,4195.480,3468.980,6350.020
2310396111,2026-06-29,160,2026-06-29 00:00:00,2026-06-30 00:02:00,8514.580,4806.030,1868.350,1840.190,4419.880,8535.380,4817.440,1875.280,1842.650,4429.710
2410121326,2026-06-29,200,2026-06-29 00:00:00,2026-06-30 00:00:00,1071.910,697.850,299.430,74.620,239.380,1077.940,701.670,301.290,74.970,241.050
2410121353,2026-06-29,160,2026-06-29 00:00:00,2026-06-30 00:00:00,436.560,303.100,117.040,16.400,84.300,441.370,305.890,119.000,16.470,86.150
2410121371,2026-06-29,160,2026-06-29 00:00:00,2026-06-30 00:00:00,495.650,308.830,109.550,77.260,59.420,497.660,310.240,110.030,77.380,59.730
2410121424,2026-06-29,120,2026-06-29 00:00:00,2026-06-30 00:00:00,40.140,25.060,9.630,5.450,1.520,40.250,25.120,9.650,5.470,1.520
2410121440,2026-06-29,120,2026-06-29 00:00:00,2026-06-30 00:00:00,2.230,1.310,0.430,0.480,0.150,2.350,1.380,0.450,0.510,0.150
2410121454,2026-06-29,160,2026-06-29 00:00:00,2026-06-30 00:01:00,1576.980,976.020,341.050,259.910,250.340,1585.100,981.510,342.830,260.760,251.960
2410121457,2026-06-29,160,2026-06-29 00:00:00,2026-06-30 00:00:00,639.100,415.960,171.390,51.740,78.700,650.240,422.620,175.490,52.130,80.940
2410121574,2026-06-29,160,2026-06-29 00:00:00,2026-06-30 00:00:00,3909.100,2826.300,912.690,170.110,339.740,3922.220,2835.640,915.920,170.650,340.780
2410131378,2026-06-29,200,2026-06-29 00:00:00,2026-06-30 00:00:00,1148.760,746.900,319.130,82.720,265.750,1159.360,753.130,322.260,83.960,267.930
2410131383,2026-06-29,400,2026-06-29 00:02:00,2026-06-30 00:00:00,877.310,577.280,186.200,113.830,34.520,879.650,578.920,186.700,114.020,34.750
2410131384,2026-06-29,200,2026-06-29 00:00:00,2026-06-30 00:00:00,8410.430,4787.670,1675.260,1947.490,1716.980,8431.490,4799.840,1680.120,1951.520,1722.390
2410131387,2026-06-29,600,2026-06-29 00:00:00,2026-06-30 00:00:00,395.340,244.360,93.180,57.790,37.760,397.030,245.410,93.690,57.920,37.910
2410131547,2026-06-29,1,2026-06-29 00:00:00,2026-06-30 00:00:00,50909.820,33453.309,12062.990,5393.510,8036.100,50909.820,33453.309,12062.990,5393.510,8036.100
2410320615,2026-06-29,700,2026-06-29 00:00:00,2026-06-30 00:00:00,12068.330,7402.280,2939.830,1726.210,2960.700,12106.620,7426.400,2951.200,1729.010,2971.720
2410883988,2026-06-29,100,2026-06-29 00:00:00,2026-06-30 00:00:00,20.130,11.160,3.090,5.860,3.070,20.260,11.220,3.100,5.930,3.080
2410883990,2026-06-29,60,2026-06-29 00:00:00,2026-06-30 00:00:00,2930.720,1675.260,626.830,628.620,878.620,2931.530,1675.780,627.020,628.730,878.720
2410883991,2026-06-29,100,2026-06-29 00:00:00,2026-06-30 00:00:00,2435.450,1460.460,546.650,428.330,223.660,2438.800,1462.510,547.440,428.840,224.040
2410883993,2026-06-29,60,2026-06-29 00:00:00,2026-06-30 00:00:00,1972.690,889.280,373.790,709.610,44.360,1985.510,895.810,375.950,713.740,44.920
2410883994,2026-06-29,320,2026-06-29 00:00:00,2026-06-30 00:00:00,86.420,38.300,17.460,30.650,3.210,86.630,38.380,17.500,30.740,3.220
2410932742,2026-06-29,240,2026-06-29 00:00:00,2026-06-30 00:02:00,15939.730,9296.430,2956.200,3687.090,3949.010,15991.720,9324.760,2967.390,3699.560,3963.490
2411087432,2026-06-29,40,2026-06-29 00:00:00,2026-06-30 00:00:00,2647.140,1664.840,742.380,239.910,578.390,2660.010,1672.800,746.090,241.110,582.000
2411087433,2026-06-29,500,2026-06-29 00:00:00,2026-06-30 00:00:00,438.340,258.100,97.190,83.040,10.330,439.920,259.040,97.640,83.220,10.350
2411290205,2026-06-29,240,2026-06-29 00:00:00,2026-06-30 00:00:00,7827.010,5266.650,2278.110,282.240,2785.860,7851.920,5284.370,2284.690,282.850,2793.940
2510014481,2026-06-29,80,2026-06-29 00:00:00,2026-06-30 00:00:00,12594.910,7323.820,2420.330,2850.740,4720.330,12635.070,7346.400,2428.950,2859.720,4735.380
2510014482,2026-06-29,40,2026-06-29 00:00:00,2026-06-30 00:00:00,1005.270,696.750,280.600,27.910,67.290,1008.760,698.970,281.800,27.990,67.380
2510014483,2026-06-29,300,2026-06-29 00:06:00,2026-06-30 00:00:00,162.820,92.620,36.410,33.780,0.000,163.670,93.140,36.630,33.890,0.000
2510014484,2026-06-29,160,2026-06-29 00:00:00,2026-06-30 00:00:00,7703.630,4378.220,1710.600,1614.800,934.450,7722.810,4389.570,1715.930,1617.300,936.920
2510178139,2026-06-29,300,2026-06-29 00:05:00,2026-06-30 00:00:00,433.190,257.830,97.820,77.530,74.910,437.690,260.380,99.170,78.130,75.680
2510178141,2026-06-29,40,2026-06-29 00:00:00,2026-06-30 00:00:00,406.270,301.850,96.830,7.580,102.970,411.910,306.210,98.070,7.620,106.290
2510203103,2026-06-29,400,2026-06-29 00:02:00,2026-06-30 00:00:00,1170.940,684.190,258.900,227.840,34.570,1182.780,691.620,262.200,228.960,34.940
2510203104,2026-06-29,160,2026-06-29 00:00:00,2026-06-30 00:00:00,2120.440,1260.760,499.610,360.070,252.890,2132.060,1268.140,502.710,361.200,255.630
2510203105,2026-06-29,100,2026-06-29 00:00:00,2026-06-30 00:00:00,1890.200,1317.410,532.120,40.660,441.810,1897.660,1322.240,534.490,40.910,443.640
2510203106,2026-06-29,100,2026-06-29 00:00:00,2026-06-30 00:00:00,76.500,35.860,13.120,27.500,0.360,76.830,36.000,13.170,27.650,0.360
2510203107,2026-06-29,600,2026-06-29 00:00:00,2026-06-30 00:00:00,27.580,17.740,5.350,4.490,3.810,32.260,20.230,6.530,5.500,5.760
2510203108,2026-06-29,80,2026-06-29 00:00:00,2026-06-30 00:00:00,2660.450,1485.540,582.180,592.720,453.170,2673.910,1492.770,585.540,595.590,455.390
2510203109,2026-06-29,300,2026-06-29 00:00:00,2026-06-30 00:00:00,1009.480,632.550,302.970,73.950,356.110,1014.990,635.840,304.880,74.260,357.250
2510203111,2026-06-29,40,2026-06-29 00:00:00,2026-06-30 00:00:00,2497.990,1600.030,643.450,254.510,699.810,2518.070,1611.170,648.040,258.850,705.670
2510203113,2026-06-29,160,2026-06-29 00:00:00,2026-06-30 00:00:00,2683.080,1714.280,643.000,325.790,126.370,2688.870,1717.330,644.610,326.920,126.380
2510203114,2026-06-29,120,2026-06-29 00:10:00,2026-06-30 00:00:00,1214.900,761.560,302.370,150.960,226.990,1224.560,767.880,305.100,151.570,229.480
2510203115,2026-06-29,40,2026-06-29 00:07:00,2026-06-30 00:00:00,1820.400,1170.430,431.740,218.210,362.770,1829.120,1176.090,433.940,219.080,363.590
2510203117,2026-06-29,80,2026-06-29 00:02:00,2026-06-30 00:00:00,1337.670,709.300,300.950,327.410,212.070,1342.930,711.940,302.390,328.600,213.060
2510203118,2026-06-29,640,2026-06-29 00:00:00,2026-06-30 00:00:00,96.850,56.760,22.790,17.290,26.310,98.110,57.510,23.140,17.450,26.320
2510203119,2026-06-29,40,2026-06-29 00:00:00,2026-06-30 00:00:00,452.520,305.250,117.920,29.330,178.690,455.180,306.910,118.490,29.770,178.930
2510203120,2026-06-29,160,2026-06-29 00:00:00,2026-06-30 00:00:00,3023.320,1854.150,676.630,492.530,649.570,3039.840,1864.280,680.300,495.250,653.680
2510203121,2026-06-29,100,2026-06-29 00:00:00,2026-06-30 00:00:00,945.730,545.110,214.900,185.710,56.510,950.470,547.940,215.940,186.580,56.620
2510203122,2026-06-29,40,2026-06-29 00:00:00,2026-06-30 00:00:00,690.910,439.680,212.410,38.820,504.580,694.190,441.740,213.510,38.930,507.080
2510203123,2026-06-29,40,2026-06-29 00:00:00,2026-06-30 00:00:00,1863.920,1233.000,510.830,120.080,597.890,1879.240,1242.260,515.350,121.610,602.400
2510203124,2026-06-29,800,2026-06-29 00:06:00,2026-06-30 00:00:00,688.020,486.490,167.510,34.010,193.390,693.080,490.200,168.810,34.070,194.550
2510203125,2026-06-29,160,2026-06-29 00:00:00,2026-06-30 00:02:00,120.960,73.230,23.450,24.270,5.360,121.610,73.540,23.570,24.490,5.360
2510203126,2026-06-29,2.5102e+09,2026-06-29 00:06:00,2026-06-30 00:00:00,0.330,0.140,0.030,0.150,0.010,0.460,0.190,0.050,0.220,0.020
2510203127,2026-06-29,40,2026-06-29 00:08:00,2026-06-30 00:00:00,493.960,330.530,143.530,19.890,77.460,501.940,335.820,146.130,19.980,79.520
2510203128,2026-06-29,500,2026-06-29 00:00:00,2026-06-30 00:00:00,5582.560,2921.030,979.830,1681.690,212.040,5609.600,2934.710,985.310,1689.570,213.490
2510203133,2026-06-29,40,2026-06-29 00:00:00,2026-06-30 00:00:00,497.360,342.580,118.020,36.750,82.600,499.690,344.030,118.720,36.930,82.920
2510203134,2026-06-29,320,2026-06-29 00:00:00,2026-06-30 00:00:00,125.430,73.640,29.780,22.000,6.060,125.620,73.750,29.820,22.050,6.060
2510224049,2026-06-29,1,2026-06-29 00:00:00,2026-06-30 00:02:00,45336.180,17578.570,9698.530,18059.061,111.550,45433.422,17612.660,9715.450,18105.301,111.550
2510224167,2026-06-29,1,2026-06-29 00:00:00,2026-06-30 00:00:00,15393.490,6307.190,2891.470,6194.810,253.180,15463.890,6334.360,2905.770,6223.750,253.240
2510317505,2026-06-29,1,2026-06-29 00:00:00,2026-06-30 00:01:00,9422.000,4015.960,2094.050,3311.980,0.220,9495.960,4043.400,2108.830,3343.720,0.220
2510317537,2026-06-29,1,2026-06-29 00:00:00,2026-06-30 00:00:00,9470.770,5446.260,1793.360,2231.140,0.000,9487.760,5455.470,1794.460,2237.820,3.770
2510389559,2026-06-29,1,2026-06-29 00:00:00,2026-06-30 00:00:00,34.810,18.580,14.320,1.910,29.580,35.270,19.030,14.320,1.910,29.830
2510389643,2026-06-29,1,2026-06-29 00:04:00,2026-06-30 00:00:00,33963.711,11953.260,6028.160,15982.290,21.660,34103.410,11997.180,6051.060,16055.160,21.760
2510389931,2026-06-29,1,2026-06-29 00:09:00,2026-06-30 00:00:00,23390.250,8926.620,5103.770,9359.850,0.010,23477.689,8957.730,5121.710,9398.250,0.010
2510633381,2026-06-29,320,2026-06-29 00:00:00,2026-06-30 00:00:00,124.590,78.390,27.590,18.600,5.660,125.950,79.220,27.930,18.780,5.660
2510633383,2026-06-29,40,2026-06-29 00:07:00,2026-06-30 00:00:00,917.030,685.120,213.940,17.960,23.160,930.280,695.490,216.710,18.070,23.670
2510633385,2026-06-29,60,2026-06-29 00:02:00,2026-06-30 00:00:00,828.810,373.220,162.640,292.950,27.030,833.970,375.540,163.570,294.840,27.300
2510633386,2026-06-29,500,2026-06-29 00:00:00,2026-06-30 00:00:00,234.790,134.220,52.680,47.870,30.890,237.150,135.630,53.330,48.180,30.890
2510633390,2026-06-29,80,2026-06-29 00:00:00,2026-06-30 00:00:00,854.940,518.020,200.360,136.550,214.810,857.600,519.710,201.220,136.650,215.120
2510633391,2026-06-29,100,2026-06-29 00:07:00,2026-06-30 00:00:00,117.600,90.470,27.060,0.070,2.150,119.540,92.000,27.460,0.070,2.170
2510633393,2026-06-29,600,2026-06-29 00:00:00,2026-06-30 00:01:00,3889.100,2270.130,780.000,838.970,796.630,3912.590,2283.380,785.410,843.800,802.470
2510633395,2026-06-29,40,2026-06-29 00:02:00,2026-06-30 00:00:00,1081.630,606.560,236.790,238.260,58.800,1088.160,610.120,238.350,239.670,58.950
2510633396,2026-06-29,400,2026-06-29 00:00:00,2026-06-30 00:00:00,466.620,315.420,112.190,39.010,91.840,469.680,317.500,113.050,39.120,92.290
2510633397,2026-06-29,240,2026-06-29 00:00:00,2026-06-30 00:00:00,281.550,183.760,77.170,20.620,88.390,286.380,186.430,79.070,20.870,89.850
2510633399,2026-06-29,600,2026-06-29 00:08:00,2026-06-30 00:00:00,570.280,327.930,122.750,119.590,33.070,576.470,331.280,124.290,120.900,33.690
2510633400,2026-06-29,800,2026-06-29 00:08:00,2026-06-30 00:00:00,240.380,146.800,49.770,43.790,3.950,242.980,148.310,50.450,44.210,3.950
2510633402,2026-06-29,300,2026-06-29 00:07:00,2026-06-30 00:00:00,78.280,46.070,17.940,14.260,3.930,78.950,46.420,18.170,14.350,3.940
2510633406,2026-06-29,60,2026-06-29 00:00:00,2026-06-30 00:04:00,261.300,108.150,49.180,103.970,5.170,262.510,108.610,49.420,104.470,5.170
2510633410,2026-06-29,60,2026-06-29 00:06:00,2026-06-30 00:00:00,779.190,509.080,175.750,94.350,108.740,784.120,512.300,176.900,94.910,108.960
2510633411,2026-06-29,800,2026-06-29 00:00:00,2026-06-30 00:03:00,2301.530,1319.610,503.330,478.590,802.110,2329.280,1334.510,509.430,485.330,811.730
2510814977,2026-06-29,400,2026-06-29 00:00:00,2026-06-30 00:00:00,23.530,14.430,5.180,3.910,1.220,23.870,14.630,5.270,3.960,1.220
2610026952,2026-06-29,200,2026-06-29 00:11:00,2026-06-30 00:00:00,2095.260,1367.110,586.530,141.610,1005.010,2129.560,1388.230,599.630,141.690,1022.850
2610026953,2026-06-29,700,2026-06-29 00:00:00,2026-06-30 00:00:00,89.860,55.660,20.120,14.070,12.540,93.630,58.040,21.270,14.310,13.120
2610026963,2026-06-29,300,2026-06-29 00:00:00,2026-06-30 00:00:00,206.250,114.780,47.670,43.790,21.800,207.510,115.340,47.860,44.300,21.900
2610026966,2026-06-29,240,2026-06-29 00:00:00,2026-06-30 00:00:00,417.760,299.650,102.670,15.430,95.120,424.650,304.110,104.870,15.660,96.590
2610026976,2026-06-29,60,2026-06-29 00:00:00,2026-06-30 00:00:00,730.440,470.550,160.720,99.160,88.900,737.930,475.480,162.380,100.070,89.210
2610026977,2026-06-29,30,2026-06-29 00:00:00,2026-06-30 00:00:00,291.360,119.990,47.920,123.440,49.390,295.120,121.340,48.650,125.120,49.980
2610126451,2026-06-29,300,2026-06-29 00:00:00,2026-06-30 00:00:00,71.020,48.400,17.800,4.820,50.040,71.460,48.650,17.910,4.890,50.110
2610159557,2026-06-29,600,2026-06-29 00:08:00,2026-06-30 00:00:00,1.470,0.610,0.290,0.560,0.040,1.540,0.640,0.300,0.580,0.040
2610170786,2026-06-29,500,2026-06-29 00:00:00,2026-06-30 00:00:00,11.710,7.520,2.860,1.320,0.930,12.020,7.700,2.950,1.350,0.960
2246006313,2026-06-30,8800,2026-06-30 00:00:00,2026-07-01 00:00:00,617.916,344.423,127.334,146.158,82.271,621.383,346.290,128.121,146.971,82.556
2310396105,2026-06-30,160,2026-06-30 00:00:00,2026-07-01 00:00:00,19065.590,11953.650,4567.960,2543.970,5519.570,19075.369,11960.040,4570.480,2544.840,5522.560
2310396106,2026-06-30,400,2026-06-30 00:00:00,2026-07-01 00:15:00,7757.950,4645.170,1856.350,1256.430,1448.630,7761.310,4647.430,1857.110,1256.770,1449.410
2310396107,2026-06-30,3000,2026-06-30 00:00:00,2026-07-01 00:00:00,1151.830,844.660,138.930,168.230,321.020,1154.860,847.010,139.200,168.650,321.800
2310396108,2026-06-30,40,2026-06-30 00:01:00,2026-07-01 00:00:00,3357.170,1813.110,729.900,814.150,523.090,3361.990,1815.450,731.190,815.340,524.250
2310396110,2026-06-30,160,2026-06-30 00:00:00,2026-07-01 00:00:00,18439.080,10774.610,4195.480,3468.980,6350.020,18475.820,10795.860,4204.550,3475.400,6367.290
2310396111,2026-06-30,160,2026-06-30 00:02:00,2026-07-01 00:00:00,8535.380,4817.440,1875.280,1842.650,4429.710,8569.710,4836.370,1882.430,1850.890,4444.660
2410121326,2026-06-30,200,2026-06-30 00:00:00,2026-07-01 00:00:00,1077.940,701.670,301.290,74.970,241.050,1085.000,706.410,303.330,75.240,243.020
2410121353,2026-06-30,160,2026-06-30 00:00:00,2026-07-01 00:00:00,441.370,305.890,119.000,16.470,86.150,445.140,308.370,120.230,16.530,86.720
2410121371,2026-06-30,160,2026-06-30 00:00:00,2026-07-01 00:00:00,497.660,310.240,110.030,77.380,59.730,498.750,310.960,110.310,77.470,59.980
2410121424,2026-06-30,120,2026-06-30 00:00:00,2026-07-01 00:00:00,40.250,25.120,9.650,5.470,1.520,40.350,25.170,9.670,5.500,1.520
2410121440,2026-06-30,120,2026-06-30 00:00:00,2026-07-01 00:02:00,2.350,1.380,0.450,0.510,0.150,2.710,1.640,0.520,0.540,0.280
2410121454,2026-06-30,160,2026-06-30 00:01:00,2026-07-01 00:00:00,1585.100,981.510,342.830,260.760,251.960,1592.760,986.810,344.470,261.470,253.500
2410121457,2026-06-30,160,2026-06-30 00:00:00,2026-07-01 00:00:00,650.240,422.620,175.490,52.130,80.940,658.350,427.610,178.300,52.430,82.460
2410121574,2026-06-30,160,2026-06-30 00:00:00,2026-07-01 00:00:00,3922.220,2835.640,915.920,170.650,340.780,3934.290,2844.480,918.590,171.210,341.720
2410131378,2026-06-30,200,2026-06-30 00:00:00,2026-07-01 00:00:00,1159.360,753.130,322.260,83.960,267.930,1169.770,759.390,325.320,85.050,270.020
2410131383,2026-06-30,400,2026-06-30 00:00:00,2026-07-01 00:00:00,879.650,578.920,186.700,114.020,34.750,881.820,580.410,187.180,114.220,34.960
2410131384,2026-06-30,200,2026-06-30 00:00:00,2026-07-01 00:00:00,8431.490,4799.840,1680.120,1951.520,1722.390,8454.810,4812.660,1685.190,1956.960,1728.360
2410131387,2026-06-30,600,2026-06-30 00:00:00,2026-07-01 00:00:00,397.030,245.410,93.690,57.920,37.910,399.080,246.750,94.220,58.100,38.120
2410131547,2026-06-30,1,2026-06-30 00:00:00,2026-07-01 00:02:00,50909.820,33453.309,12062.990,5393.510,8036.100,50909.820,33453.309,12062.990,5393.510,8036.100
2410320615,2026-06-30,700,2026-06-30 00:00:00,2026-07-01 00:00:00,12106.620,7426.400,2951.200,1729.010,2971.720,12152.070,7453.640,2962.850,1735.570,2983.590
2410883988,2026-06-30,100,2026-06-30 00:00:00,2026-07-01 00:03:00,20.260,11.220,3.100,5.930,3.080,20.400,11.260,3.120,6.000,3.080
2410883990,2026-06-30,60,2026-06-30 00:00:00,2026-07-01 00:03:00,2931.530,1675.780,627.020,628.730,878.720,2932.000,1676.100,627.100,628.780,878.840
2410883991,2026-06-30,100,2026-06-30 00:00:00,2026-07-01 00:00:00,2438.800,1462.510,547.440,428.840,224.040,2441.410,1464.010,548.040,429.360,224.460
2410883993,2026-06-30,60,2026-06-30 00:00:00,2026-07-01 00:00:00,1985.510,895.810,375.950,713.740,44.920,1997.690,901.560,378.270,717.840,45.310
2410883994,2026-06-30,320,2026-06-30 00:00:00,2026-07-01 00:00:00,86.630,38.380,17.500,30.740,3.220,86.850,38.460,17.550,30.840,3.220
2410932742,2026-06-30,240,2026-06-30 00:02:00,2026-07-01 00:01:00,15991.720,9324.760,2967.390,3699.560,3963.490,16022.830,9338.960,2973.580,3710.280,3973.210
2411087432,2026-06-30,40,2026-06-30 00:00:00,2026-07-01 00:00:00,2660.010,1672.800,746.090,241.110,582.000,2671.370,1680.610,748.670,242.070,584.740
2411087433,2026-06-30,500,2026-06-30 00:00:00,2026-07-01 00:00:00,439.920,259.040,97.640,83.220,10.350,441.450,259.980,98.070,83.400,10.400
2411290205,2026-06-30,240,2026-06-30 00:00:00,2026-07-01 00:00:00,7851.920,5284.370,2284.690,282.850,2793.940,7875.960,5301.160,2291.340,283.450,2802.180
2510014481,2026-06-30,80,2026-06-30 00:00:00,2026-07-01 00:00:00,12635.070,7346.400,2428.950,2859.720,4735.380,12672.680,7366.780,2436.940,2868.950,4747.970
2510014482,2026-06-30,40,2026-06-30 00:00:00,2026-07-01 00:00:00,1008.760,698.970,281.800,27.990,67.380,1017.420,704.510,284.850,28.050,68.320
2510014483,2026-06-30,300,2026-06-30 00:00:00,2026-07-01 00:04:00,163.670,93.140,36.630,33.890,0.000,164.500,93.650,36.800,34.040,0.000
2510014484,2026-06-30,160,2026-06-30 00:00:00,2026-07-01 00:00:00,7722.810,4389.570,1715.930,1617.300,936.920,7748.230,4403.100,1721.040,1624.080,940.260
2510178139,2026-06-30,300,2026-06-30 00:00:00,2026-07-01 00:03:00,437.690,260.380,99.170,78.130,75.680,442.110,262.840,100.310,78.950,76.410
2510178141,2026-06-30,40,2026-06-30 00:00:00,2026-07-01 00:03:00,411.910,306.210,98.070,7.620,106.290,417.630,310.610,99.340,7.670,109.630
2510203103,2026-06-30,400,2026-06-30 00:00:00,2026-07-01 00:00:00,1182.780,691.620,262.200,228.960,34.940,1196.890,699.860,265.430,231.590,35.160
2510203104,2026-06-30,160,2026-06-30 00:00:00,2026-07-01 00:00:00,2132.060,1268.140,502.710,361.200,255.630,2144.990,1275.870,505.840,363.270,258.300
2510203105,2026-06-30,100,2026-06-30 00:00:00,2026-07-01 00:00:00,1897.660,1322.240,534.490,40.910,443.640,1905.810,1327.500,537.210,41.080,445.480
2510203106,2026-06-30,100,2026-06-30 00:00:00,2026-07-01 00:00:00,76.830,36.000,13.170,27.650,0.360,77.120,36.120,13.210,27.780,0.360
2510203107,2026-06-30,600,2026-06-30 00:00:00,2026-07-01 00:00:00,32.260,20.230,6.530,5.500,5.760,34.640,21.620,6.990,6.020,6.430
2510203108,2026-06-30,80,2026-06-30 00:00:00,2026-07-01 00:00:00,2673.910,1492.770,585.540,595.590,455.390,2686.010,1499.280,588.900,597.820,456.900
2510203109,2026-06-30,300,2026-06-30 00:00:00,2026-07-01 00:03:00,1014.990,635.840,304.880,74.260,357.250,1020.560,639.180,306.790,74.590,358.370
2510203111,2026-06-30,40,2026-06-30 00:00:00,2026-07-01 00:00:00,2518.070,1611.170,648.040,258.850,705.670,2537.640,1622.360,652.660,262.610,711.270
2510203113,2026-06-30,160,2026-06-30 00:00:00,2026-07-01 00:00:00,2688.870,1717.330,644.610,326.920,126.380,2699.030,1723.440,646.950,328.630,126.520
2510203114,2026-06-30,120,2026-06-30 00:00:00,2026-07-01 00:03:00,1224.560,767.880,305.100,151.570,229.480,1235.480,774.530,307.780,153.160,231.770
2510203115,2026-06-30,40,2026-06-30 00:00:00,2026-07-01 00:03:00,1829.120,1176.090,433.940,219.080,363.590,1838.890,1182.490,436.460,219.930,365.110
2510203117,2026-06-30,80,2026-06-30 00:00:00,2026-07-01 00:00:00,1342.930,711.940,302.390,328.600,213.060,1348.810,715.260,303.680,329.860,214.060
2510203118,2026-06-30,640,2026-06-30 00:00:00,2026-07-01 00:00:00,98.110,57.510,23.140,17.450,26.320,99.800,58.460,23.490,17.840,26.330
2510203119,2026-06-30,40,2026-06-30 00:00:00,2026-07-01 00:00:00,455.180,306.910,118.490,29.770,178.930,457.560,308.460,118.920,30.160,179.170
2510203120,2026-06-30,160,2026-06-30 00:00:00,2026-07-01 00:00:00,3039.840,1864.280,680.300,495.250,653.680,3054.930,1873.730,683.660,497.520,657.730
2510203121,2026-06-30,100,2026-06-30 00:00:00,2026-07-01 00:00:00,950.470,547.940,215.940,186.580,56.620,957.180,552.290,217.340,187.550,56.890
2510203122,2026-06-30,40,2026-06-30 00:00:00,2026-07-01 00:00:00,694.190,441.740,213.510,38.930,507.080,697.740,443.920,214.770,39.040,509.960
2510203123,2026-06-30,40,2026-06-30 00:00:00,2026-07-01 00:00:00,1879.240,1242.260,515.350,121.610,602.400,1894.100,1251.510,519.570,123.000,606.670
2510203124,2026-06-30,800,2026-06-30 00:00:00,2026-07-01 00:03:00,693.080,490.200,168.810,34.070,194.550,697.160,493.200,169.820,34.130,195.390
2510203125,2026-06-30,160,2026-06-30 00:02:00,2026-07-01 00:03:00,121.610,73.540,23.570,24.490,5.360,122.270,73.860,23.690,24.710,5.360
2510203126,2026-06-30,2.5102e+09,2026-06-30 00:00:00,2026-07-01 00:03:00,0.460,0.190,0.050,0.220,0.020,0.600,0.240,0.070,0.290,0.030
2510203127,2026-06-30,40,2026-06-30 00:00:00,2026-07-01 00:03:00,501.940,335.820,146.130,19.980,79.520,510.400,341.970,148.340,20.070,82.540
2510203128,2026-06-30,500,2026-06-30 00:00:00,2026-07-01 00:00:00,5609.600,2934.710,985.310,1689.570,213.490,5637.060,2948.410,990.750,1697.880,214.980
2510203133,2026-06-30,40,2026-06-30 00:00:00,2026-07-01 00:00:00,499.690,344.030,118.720,36.930,82.920,502.780,345.930,119.820,37.020,83.270
2510203134,2026-06-30,320,2026-06-30 00:00:00,2026-07-01 00:03:00,125.620,73.750,29.820,22.050,6.060,125.810,73.850,29.860,22.100,6.060
2510224049,2026-06-30,1,2026-06-30 00:02:00,2026-07-01 00:03:00,45433.422,17612.660,9715.450,18105.301,111.550,45530.160,17646.660,9732.280,18151.211,111.550
2510224167,2026-06-30,1,2026-06-30 00:00:00,2026-07-01 00:00:00,15463.890,6334.360,2905.770,6223.750,253.240,15563.640,6367.230,2924.580,6271.810,253.240
2510317505,2026-06-30,1,2026-06-30 00:01:00,2026-07-01 00:00:00,9495.960,4043.400,2108.830,3343.720,0.220,9620.780,4087.730,2134.430,3398.610,0.220
2510317537,2026-06-30,1,2026-06-30 00:00:00,2026-07-01 00:03:00,9487.760,5455.470,1794.460,2237.820,3.770,9487.760,5455.470,1794.460,2237.820,10.500
2510389559,2026-06-30,1,2026-06-30 00:00:00,2026-07-01 00:01:00,35.270,19.030,14.320,1.910,29.830,35.270,19.030,14.320,1.910,29.830
2510389643,2026-06-30,1,2026-06-30 00:00:00,2026-07-01 00:03:00,34103.410,11997.180,6051.060,16055.160,21.760,34244.949,12042.150,6073.270,16129.520,21.770
2510389931,2026-06-30,1,2026-06-30 00:00:00,2026-07-01 00:03:00,23477.689,8957.730,5121.710,9398.250,0.010,23566.439,8988.800,5139.650,9437.990,0.010
2510633381,2026-06-30,320,2026-06-30 00:00:00,2026-07-01 00:00:00,125.950,79.220,27.930,18.780,5.660,127.100,79.930,28.210,18.950,5.660
2510633383,2026-06-30,40,2026-06-30 00:00:00,2026-07-01 00:04:00,930.280,695.490,216.710,18.070,23.670,942.160,704.580,219.370,18.190,23.980
2510633385,2026-06-30,60,2026-06-30 00:00:00,2026-07-01 00:00:00,833.970,375.540,163.570,294.840,27.300,839.340,378.150,164.550,296.630,27.550
2510633386,2026-06-30,500,2026-06-30 00:00:00,2026-07-01 00:02:00,237.150,135.630,53.330,48.180,30.890,240.130,137.260,53.980,48.880,30.890
2510633390,2026-06-30,80,2026-06-30 00:00:00,2026-07-01 00:03:00,857.600,519.710,201.220,136.650,215.120,861.160,521.920,202.500,136.730,215.700
2510633391,2026-06-30,100,2026-06-30 00:00:00,2026-07-01 00:00:00,119.540,92.000,27.460,0.070,2.170,121.560,93.560,27.920,0.080,2.180
2510633393,2026-06-30,600,2026-06-30 00:01:00,2026-07-01 00:01:00,3912.590,2283.380,785.410,843.800,802.470,3942.110,2299.630,791.830,850.650,810.030
2510633395,2026-06-30,40,2026-06-30 00:00:00,2026-07-01 00:03:00,1088.160,610.120,238.350,239.670,58.950,1094.600,613.860,239.670,241.060,59.050
2510633396,2026-06-30,400,2026-06-30 00:00:00,2026-07-01 00:03:00,469.680,317.500,113.050,39.120,92.290,471.980,319.030,113.720,39.220,92.660
2510633397,2026-06-30,240,2026-06-30 00:00:00,2026-07-01 00:03:00,286.380,186.430,79.070,20.870,89.850,290.490,188.960,80.480,21.050,90.990
2510633399,2026-06-30,600,2026-06-30 00:00:00,2026-07-01 00:03:00,576.470,331.280,124.290,120.900,33.690,582.830,334.800,125.910,122.110,34.250
2510633400,2026-06-30,800,2026-06-30 00:00:00,2026-07-01 00:01:00,242.980,148.310,50.450,44.210,3.950,245.830,149.960,51.130,44.730,3.950
2510633402,2026-06-30,300,2026-06-30 00:00:00,2026-07-01 00:00:00,78.950,46.420,18.170,14.350,3.940,79.570,46.790,18.330,14.440,3.940
2510633406,2026-06-30,60,2026-06-30 00:04:00,2026-07-01 00:03:00,262.510,108.610,49.420,104.470,5.170,264.190,109.170,49.740,105.270,5.170
2510633410,2026-06-30,60,2026-06-30 00:00:00,2026-07-01 00:03:00,784.120,512.300,176.900,94.910,108.960,788.990,515.780,177.920,95.280,109.170
2510633411,2026-06-30,800,2026-06-30 00:03:00,2026-07-01 00:02:00,2329.280,1334.510,509.430,485.330,811.730,2357.250,1349.300,515.640,492.300,821.470
2510814977,2026-06-30,400,2026-06-30 00:00:00,2026-07-01 00:03:00,23.870,14.630,5.270,3.960,1.220,24.180,14.820,5.340,4.020,1.230
2610026952,2026-06-30,200,2026-06-30 00:00:00,2026-07-01 00:03:00,2129.560,1388.230,599.630,141.690,1022.850,2131.050,1389.190,600.040,141.820,1023.960
2610026953,2026-06-30,700,2026-06-30 00:00:00,2026-07-01 00:03:00,93.630,58.040,21.270,14.310,13.120,98.300,60.870,22.460,14.970,13.790
2610026963,2026-06-30,300,2026-06-30 00:00:00,2026-07-01 00:03:00,207.510,115.340,47.860,44.300,21.900,209.680,116.250,48.650,44.770,22.020
2610026966,2026-06-30,240,2026-06-30 00:00:00,2026-07-01 00:00:00,424.650,304.110,104.870,15.660,96.590,432.550,309.530,107.130,15.870,98.250
2610026976,2026-06-30,60,2026-06-30 00:00:00,2026-07-01 00:00:00,737.930,475.480,162.380,100.070,89.210,745.110,480.090,164.080,100.920,89.460
2610026977,2026-06-30,30,2026-06-30 00:00:00,2026-07-01 00:00:00,295.120,121.340,48.650,125.120,49.980,299.460,123.160,49.370,126.930,50.780
2610126451,2026-06-30,300,2026-06-30 00:00:00,2026-07-01 00:03:00,71.460,48.650,17.910,4.890,50.110,71.880,48.900,18.010,4.960,50.220
2610159557,2026-06-30,600,2026-06-30 00:00:00,2026-07-01 00:03:00,1.540,0.640,0.300,0.580,0.040,1.640,0.690,0.330,0.610,0.040
2610170786,2026-06-30,500,2026-06-30 00:00:00,2026-07-01 00:03:00,12.020,7.700,2.950,1.350,0.960,12.290,7.870,3.030,1.380,0.980
2246006313,2026-07-01,8800,2026-07-01 00:00:00,2026-07-02 00:00:00,621.383,346.290,128.121,146.971,82.556,624.948,348.245,128.914,147.788,82.868
2310396105,2026-07-01,160,2026-07-01 00:00:00,2026-07-02 00:00:00,19075.369,11960.040,4570.480,2544.840,5522.560,19100.480,11976.840,4577.970,2545.660,5531.740
2310396106,2026-07-01,400,2026-07-01 00:15:00,2026-07-02 00:00:00,7761.310,4647.430,1857.110,1256.770,1449.410,7771.830,4653.570,1860.170,1258.090,1452.130
2310396107,2026-07-01,3000,2026-07-01 00:00:00,2026-07-02 00:00:00,1154.860,847.010,139.200,168.650,321.800,1156.780,848.530,139.450,168.800,322.180
2310396108,2026-07-01,40,2026-07-01 00:00:00,2026-07-02 00:00:00,3361.990,1815.450,731.190,815.340,524.250,3366.920,1818.900,731.660,816.350,525.410
2310396110,2026-07-01,160,2026-07-01 00:00:00,2026-07-02 00:00:00,18475.820,10795.860,4204.550,3475.400,6367.290,18512.730,10816.770,4213.820,3482.140,6385.560
2310396111,2026-07-01,160,2026-07-01 00:00:00,2026-07-02 00:01:00,8569.710,4836.370,1882.430,1850.890,4444.660,8604.870,4855.130,1890.450,1859.280,4459.610
2410121326,2026-07-01,200,2026-07-01 00:00:00,2026-07-02 00:00:00,1085.000,706.410,303.330,75.240,243.020,1090.930,710.240,305.090,75.590,244.750
2410121353,2026-07-01,160,2026-07-01 00:00:00,2026-07-02 00:00:00,445.140,308.370,120.230,16.530,86.720,448.540,310.770,121.160,16.590,87.650
2410121371,2026-07-01,160,2026-07-01 00:00:00,2026-07-02 00:01:00,498.750,310.960,110.310,77.470,59.980,499.750,311.620,110.540,77.570,60.160
2410121424,2026-07-01,120,2026-07-01 00:00:00,2026-07-02 00:01:00,40.350,25.170,9.670,5.500,1.520,40.480,25.240,9.710,5.520,1.520
2410121440,2026-07-01,120,2026-07-01 00:02:00,2026-07-02 00:00:00,2.710,1.640,0.520,0.540,0.280,2.830,1.710,0.540,0.570,0.280
2410121454,2026-07-01,160,2026-07-01 00:00:00,2026-07-02 00:00:00,1592.760,986.810,344.470,261.470,253.500,1600.110,991.740,346.180,262.180,255.080
2410121457,2026-07-01,160,2026-07-01 00:00:00,2026-07-02 00:00:00,658.350,427.610,178.300,52.430,82.460,665.480,432.690,180.020,52.760,83.430
2410121574,2026-07-01,160,2026-07-01 00:00:00,2026-07-02 00:00:00,3934.290,2844.480,918.590,171.210,341.720,3946.010,2852.980,921.240,171.790,342.350
2410131378,2026-07-01,200,2026-07-01 00:00:00,2026-07-02 00:00:00,1169.770,759.390,325.320,85.050,270.020,1180.420,765.620,328.460,86.330,272.270
2410131383,2026-07-01,400,2026-07-01 00:00:00,2026-07-02 00:00:00,881.820,580.410,187.180,114.220,34.960,884.030,581.900,187.720,114.410,35.170
2410131384,2026-07-01,200,2026-07-01 00:00:00,2026-07-02 00:00:00,8454.810,4812.660,1685.190,1956.960,1728.360,8476.850,4824.260,1690.080,1962.500,1733.760
2410131387,2026-07-01,600,2026-07-01 00:00:00,2026-07-02 00:00:00,399.080,246.750,94.220,58.100,38.120,402.390,249.100,94.950,58.320,38.970
2410131547,2026-07-01,1,2026-07-01 00:02:00,2026-07-02 00:00:00,50909.820,33453.309,12062.990,5393.510,8036.100,50909.820,33453.309,12062.990,5393.510,8036.100
2410320615,2026-07-01,700,2026-07-01 00:00:00,2026-07-02 00:00:00,12152.070,7453.640,2962.850,1735.570,2983.590,12200.350,7482.880,2975.580,1741.880,2996.880
2410883988,2026-07-01,100,2026-07-01 00:03:00,2026-07-02 00:00:00,20.400,11.260,3.120,6.000,3.080,20.540,11.320,3.150,6.070,3.090
2410883990,2026-07-01,60,2026-07-01 00:03:00,2026-07-02 00:02:00,2932.000,1676.100,627.100,628.780,878.840,2932.770,1676.680,627.230,628.840,878.940
2410883991,2026-07-01,100,2026-07-01 00:00:00,2026-07-02 00:00:00,2441.410,1464.010,548.040,429.360,224.460,2444.450,1465.840,548.740,429.860,224.840
2410883993,2026-07-01,60,2026-07-01 00:00:00,2026-07-02 00:00:00,1997.690,901.560,378.270,717.840,45.310,2010.930,908.030,381.010,721.880,45.670
2410883994,2026-07-01,320,2026-07-01 00:00:00,2026-07-02 00:00:00,86.850,38.460,17.550,30.840,3.220,87.070,38.540,17.590,30.930,3.220
2410932742,2026-07-01,240,2026-07-01 00:01:00,2026-07-02 00:00:00,16022.830,9338.960,2973.580,3710.280,3973.210,16068.030,9364.080,2984.240,3719.690,3985.390
2411087432,2026-07-01,40,2026-07-01 00:00:00,2026-07-02 00:00:00,2671.370,1680.610,748.670,242.070,584.740,2683.930,1688.340,752.200,243.380,588.120
2411087433,2026-07-01,500,2026-07-01 00:00:00,2026-07-02 00:00:00,441.450,259.980,98.070,83.400,10.400,442.720,260.730,98.430,83.550,10.410
2411290205,2026-07-01,240,2026-07-01 00:00:00,2026-07-02 00:00:00,7875.960,5301.160,2291.340,283.450,2802.180,7904.200,5321.190,2298.970,284.030,2809.770
2510014481,2026-07-01,80,2026-07-01 00:00:00,2026-07-02 00:00:00,12672.680,7366.780,2436.940,2868.950,4747.970,12712.820,7388.890,2445.960,2877.950,4760.930
2510014482,2026-07-01,40,2026-07-01 00:00:00,2026-07-02 00:00:00,1017.420,704.510,284.850,28.050,68.320,1021.470,707.090,286.240,28.120,68.410
2510014483,2026-07-01,300,2026-07-01 00:04:00,2026-07-02 00:02:00,164.500,93.650,36.800,34.040,0.000,165.270,94.120,36.970,34.160,0.000
2510014484,2026-07-01,160,2026-07-01 00:00:00,2026-07-02 00:01:00,7748.230,4403.100,1721.040,1624.080,940.260,7773.460,4416.550,1726.230,1630.660,943.510
2510178139,2026-07-01,300,2026-07-01 00:03:00,2026-07-02 00:01:00,442.110,262.840,100.310,78.950,76.410,448.400,266.520,101.690,80.190,77.990
2510178141,2026-07-01,40,2026-07-01 00:03:00,2026-07-02 00:04:00,417.630,310.610,99.340,7.670,109.630,423.350,315.100,100.520,7.710,112.940
2510203103,2026-07-01,400,2026-07-01 00:00:00,2026-07-02 00:00:00,1196.890,699.860,265.430,231.590,35.160,1211.280,708.160,268.890,234.220,35.320
2510203104,2026-07-01,160,2026-07-01 00:00:00,2026-07-02 00:00:00,2144.990,1275.870,505.840,363.270,258.300,2157.740,1284.280,507.810,365.640,261.120
2510203105,2026-07-01,100,2026-07-01 00:00:00,2026-07-02 00:00:00,1905.810,1327.500,537.210,41.080,445.480,1912.730,1332.600,538.910,41.210,447.110
2510203106,2026-07-01,100,2026-07-01 00:00:00,2026-07-02 00:00:00,77.120,36.120,13.210,27.780,0.360,77.400,36.240,13.240,27.910,0.360
2510203107,2026-07-01,600,2026-07-01 00:00:00,2026-07-02 00:00:00,34.640,21.620,6.990,6.020,6.430,37.130,23.080,7.640,6.400,6.970
2510203108,2026-07-01,80,2026-07-01 00:00:00,2026-07-02 00:00:00,2686.010,1499.280,588.900,597.820,456.900,2699.500,1506.370,592.540,600.580,458.210
2510203109,2026-07-01,300,2026-07-01 00:03:00,2026-07-02 00:00:00,1020.560,639.180,306.790,74.590,358.370,1028.290,643.840,309.530,74.910,359.730
2510203111,2026-07-01,40,2026-07-01 00:00:00,2026-07-02 00:00:00,2537.640,1622.360,652.660,262.610,711.270,2557.900,1633.580,657.340,266.980,717.060
2510203113,2026-07-01,160,2026-07-01 00:00:00,2026-07-02 00:00:00,2699.030,1723.440,646.950,328.630,126.520,2724.670,1739.060,653.840,331.770,128.850
2510203114,2026-07-01,120,2026-07-01 00:03:00,2026-07-02 00:01:00,1235.480,774.530,307.780,153.160,231.770,1246.030,781.650,309.450,154.920,234.100
2510203115,2026-07-01,40,2026-07-01 00:03:00,2026-07-02 00:00:00,1838.890,1182.490,436.460,219.930,365.110,1848.330,1188.770,438.870,220.680,366.060
2510203117,2026-07-01,80,2026-07-01 00:00:00,2026-07-02 00:00:00,1348.810,715.260,303.680,329.860,214.060,1352.890,717.260,304.590,331.030,214.970
2510203118,2026-07-01,640,2026-07-01 00:00:00,2026-07-02 00:00:00,99.800,58.460,23.490,17.840,26.330,101.380,59.290,23.810,18.270,26.340
2510203119,2026-07-01,40,2026-07-01 00:00:00,2026-07-02 00:00:00,457.560,308.460,118.920,30.160,179.170,460.400,310.110,119.730,30.550,179.530
2510203120,2026-07-01,160,2026-07-01 00:00:00,2026-07-02 00:00:00,3054.930,1873.730,683.660,497.520,657.730,3071.390,1883.710,687.610,500.070,662.250
2510203121,2026-07-01,100,2026-07-01 00:00:00,2026-07-02 00:02:00,957.180,552.290,217.340,187.550,56.890,964.830,556.730,219.600,188.490,57.210
2510203122,2026-07-01,40,2026-07-01 00:00:00,2026-07-02 00:00:00,697.740,443.920,214.770,39.040,509.960,701.250,446.080,216.000,39.160,512.770
2510203123,2026-07-01,40,2026-07-01 00:00:00,2026-07-02 00:00:00,1894.100,1251.510,519.570,123.000,606.670,1909.340,1260.650,523.990,124.690,611.260
2510203124,2026-07-01,800,2026-07-01 00:03:00,2026-07-02 00:02:00,697.160,493.200,169.820,34.130,195.390,702.660,497.010,171.440,34.190,196.990
2510203125,2026-07-01,160,2026-07-01 00:03:00,2026-07-02 00:02:00,122.270,73.860,23.690,24.710,5.360,122.890,74.160,23.810,24.910,5.360
2510203126,2026-07-01,100,2026-07-01 00:03:00,2026-07-02 00:01:00,0.600,0.240,0.070,0.290,0.030,0.740,0.290,0.090,0.350,0.040
2510203127,2026-07-01,40,2026-07-01 00:03:00,2026-07-02 00:01:00,510.400,341.970,148.340,20.070,82.540,517.100,346.960,149.970,20.160,84.960
2510203128,2026-07-01,500,2026-07-01 00:00:00,2026-07-02 00:00:00,5637.060,2948.410,990.750,1697.880,214.980,5664.650,2962.270,996.320,1706.050,216.480
2510203133,2026-07-01,40,2026-07-01 00:00:00,2026-07-02 00:00:00,502.780,345.930,119.820,37.020,83.270,505.400,347.470,120.830,37.090,83.590
2510203134,2026-07-01,320,2026-07-01 00:03:00,2026-07-02 00:00:00,125.810,73.850,29.860,22.100,6.060,126.000,73.950,29.900,22.150,6.060
2510224049,2026-07-01,1,2026-07-01 00:03:00,2026-07-02 00:04:00,45530.160,17646.660,9732.280,18151.211,111.550,45626.828,17680.680,9749.320,18196.830,111.550
2510224167,2026-07-01,1,2026-07-01 00:00:00,2026-07-02 00:00:00,15563.640,6367.230,2924.580,6271.810,253.240,15648.070,6396.570,2943.390,6308.100,253.240
2510317505,2026-07-01,1,2026-07-01 00:00:00,2026-07-02 00:00:00,9620.780,4087.730,2134.430,3398.610,0.220,9758.610,4143.900,2163.580,3451.120,0.220
2510317537,2026-07-01,1,2026-07-01 00:03:00,2026-07-02 00:00:00,9487.760,5455.470,1794.460,2237.820,10.500,9487.760,5455.470,1794.460,2237.820,17.450
2510389559,2026-07-01,1,2026-07-01 00:01:00,2026-07-02 00:00:00,35.270,19.030,14.320,1.910,29.830,35.270,19.030,14.320,1.910,29.830
2510389643,2026-07-01,1,2026-07-01 00:03:00,2026-07-02 00:00:00,34244.949,12042.150,6073.270,16129.520,21.770,34393.629,12090.010,6094.990,16208.620,21.800
2510389931,2026-07-01,1,2026-07-01 00:03:00,2026-07-02 00:02:00,23566.439,8988.800,5139.650,9437.990,0.010,23653.039,9019.420,5156.910,9476.700,0.010
2510633381,2026-07-01,320,2026-07-01 00:00:00,2026-07-02 00:00:00,127.100,79.930,28.210,18.950,5.660,128.320,80.680,28.500,19.120,5.660
2510633383,2026-07-01,40,2026-07-01 00:04:00,2026-07-02 00:01:00,942.160,704.580,219.370,18.190,23.980,954.720,714.290,222.100,18.320,24.300
2510633385,2026-07-01,60,2026-07-01 00:00:00,2026-07-02 00:00:00,839.340,378.150,164.550,296.630,27.550,844.790,380.920,165.420,298.440,27.860
2510633386,2026-07-01,500,2026-07-01 00:02:00,2026-07-02 00:01:00,240.130,137.260,53.980,48.880,30.890,243.230,138.980,54.640,49.600,30.890
2510633389,2026-07-01,500,2026-07-01 00:00:00,2026-07-02 00:00:00,0.030,0.010,0.010,0.000,0.000,0.150,0.080,0.060,0.000,0.000
2510633390,2026-07-01,80,2026-07-01 00:03:00,2026-07-02 00:01:00,861.160,521.920,202.500,136.730,215.700,863.920,523.710,203.400,136.800,215.960
2510633391,2026-07-01,100,2026-07-01 00:00:00,2026-07-02 00:04:00,121.560,93.560,27.920,0.080,2.180,124.290,95.690,28.520,0.080,2.220
2510633393,2026-07-01,600,2026-07-01 00:01:00,2026-07-02 00:00:00,3942.110,2299.630,791.830,850.650,810.030,3971.440,2316.020,798.160,857.250,816.990
2510633395,2026-07-01,40,2026-07-01 00:03:00,2026-07-02 00:02:00,1094.600,613.860,239.670,241.060,59.050,1100.410,616.820,241.260,242.320,59.120
2510633396,2026-07-01,400,2026-07-01 00:03:00,2026-07-02 00:02:00,471.980,319.030,113.720,39.220,92.660,476.830,322.450,115.030,39.330,93.490
2510633397,2026-07-01,240,2026-07-01 00:03:00,2026-07-02 00:01:00,290.490,188.960,80.480,21.050,90.990,294.640,191.350,82.100,21.180,92.470
2510633399,2026-07-01,600,2026-07-01 00:03:00,2026-07-02 00:01:00,582.830,334.800,125.910,122.110,34.250,589.690,338.630,127.650,123.390,34.610
2510633400,2026-07-01,800,2026-07-01 00:01:00,2026-07-02 00:03:00,245.830,149.960,51.130,44.730,3.950,248.450,151.390,51.740,45.300,3.950
2510633402,2026-07-01,300,2026-07-01 00:00:00,2026-07-02 00:01:00,79.570,46.790,18.330,14.440,3.940,80.250,47.180,18.530,14.530,3.940
2510633406,2026-07-01,60,2026-07-01 00:03:00,2026-07-02 00:00:00,264.190,109.170,49.740,105.270,5.170,265.600,109.660,50.050,105.880,5.170
2510633410,2026-07-01,60,2026-07-01 00:03:00,2026-07-02 00:02:00,788.990,515.780,177.920,95.280,109.170,794.420,519.650,179.100,95.670,109.330
2510633411,2026-07-01,800,2026-07-01 00:02:00,2026-07-02 00:00:00,2357.250,1349.300,515.640,492.300,821.470,2386.130,1365.100,521.820,499.200,831.590
2510814977,2026-07-01,400,2026-07-01 00:03:00,2026-07-02 00:00:00,24.180,14.820,5.340,4.020,1.230,24.530,15.030,5.420,4.070,1.250
2610026952,2026-07-01,200,2026-07-01 00:03:00,2026-07-02 00:02:00,2131.050,1389.190,600.040,141.820,1023.960,2155.350,1407.660,605.710,141.970,1035.950
2610026953,2026-07-01,700,2026-07-01 00:03:00,2026-07-02 00:03:00,98.300,60.870,22.460,14.970,13.790,102.510,63.390,23.560,15.550,14.340
2610026963,2026-07-01,300,2026-07-01 00:03:00,2026-07-02 00:02:00,209.680,116.250,48.650,44.770,22.020,211.000,116.790,48.920,45.280,22.130
2610026966,2026-07-01,240,2026-07-01 00:00:00,2026-07-02 00:00:00,432.550,309.530,107.130,15.870,98.250,440.270,315.090,109.080,16.090,100.040
2610026976,2026-07-01,60,2026-07-01 00:00:00,2026-07-02 00:02:00,745.110,480.090,164.080,100.920,89.460,753.480,485.340,166.130,102.000,89.840
2610026977,2026-07-01,30,2026-07-01 00:00:00,2026-07-02 00:00:00,299.460,123.160,49.370,126.930,50.780,303.650,124.800,50.010,128.840,51.540
2610126451,2026-07-01,300,2026-07-01 00:03:00,2026-07-02 00:02:00,71.880,48.900,18.010,4.960,50.220,72.340,49.180,18.110,5.040,50.320
2610159557,2026-07-01,600,2026-07-01 00:03:00,2026-07-02 00:02:00,1.640,0.690,0.330,0.610,0.040,1.750,0.750,0.360,0.630,0.040
2610170786,2026-07-01,500,2026-07-01 00:03:00,2026-07-02 00:02:00,12.290,7.870,3.030,1.380,0.980,12.590,8.040,3.130,1.400,1.010
