METER_NO,DATE,PMAX_KW
2246006313,2026-01-01,0.92
2310396104,2026-01-01,0.1
2310396105,2026-01-01,23.84
2310396106,2026-01-01,29.2
2310396107,2026-01-01,21
2310396108,2026-01-01,21.32
2310396110,2026-01-01,76.32
2310396111,2026-01-01,6.88
2410121326,2026-01-01,4.2
2410121353,2026-01-01,2.72
2410121371,2026-01-01,3.36
2410121424,2026-01-01,0
2410121454,2026-01-01,24.16
2410121574,2026-01-01,4.96
2410131378,2026-01-01,2
2410131383,2026-01-01,14.8
2410131384,2026-01-01,155.8
2410131387,2026-01-01,13.2
2410131547,2026-01-01,3.09
2410320615,2026-01-01,119
2410883990,2026-01-01,46.68
2410883991,2026-01-01,10.9
2410883993,2026-01-01,36.12
2410883994,2026-01-01,7.36
2411087432,2026-01-01,1.4
2411087433,2026-01-01,8.5
2411290205,2026-01-01,20.64
2510014481,2026-01-01,8
2510014482,2026-01-01,1.16
2510014483,2026-01-01,12
2510014484,2026-01-01,18.72
2510178139,2026-01-01,26.1
2510178140,2026-01-01,42.1
2510203103,2026-01-01,55.2
2510203104,2026-01-01,39.2
2510203105,2026-01-01,1.1
2510203106,2026-01-01,2.2
2510203108,2026-01-01,35.2
2510203109,2026-01-01,11.2
2510203111,2026-01-01,0.28
2510203113,2026-01-01,23.84
2510203114,2026-01-01,7.08
2510203115,2026-01-01,17.64
2510203116,2026-01-01,18.9
2510203117,2026-01-01,41.76
2510203119,2026-01-01,0
2510203120,2026-01-01,37.6
2510203121,2026-01-01,22.6
2510203122,2026-01-01,1.16
2510203123,2026-01-01,0.72
2510203127,2026-01-01,0.96
2510203128,2026-01-01,567
2510203131,2026-01-01,0
2510203132,2026-01-01,17.64
2510203133,2026-01-01,0.92
2510203134,2026-01-01,2.24
2510224049,2026-01-01,32.22
2510317537,2026-01-01,1.72
2510389559,2026-01-01,0
2510389643,2026-01-01,14.61
2510389931,2026-01-01,12.87
2510633385,2026-01-01,20.46
2510633393,2026-01-01,394.2
2510633397,2026-01-01,0
2510633399,2026-01-01,31.2
2510633410,2026-01-01,9.18
2510633411,2026-01-01,42.4
2246006313,2026-01-02,1.04
2310396104,2026-01-02,0
2310396105,2026-01-02,24.32
2310396106,2026-01-02,320
2310396107,2026-01-02,510
2310396108,2026-01-02,34.08
2310396110,2026-01-02,265.92
2310396111,2026-01-02,113.28
2410121326,2026-01-02,4.2
2410121353,2026-01-02,85.92
2410121371,2026-01-02,3.52
2410121424,2026-01-02,0
2410121454,2026-01-02,27.36
2410121574,2026-01-02,106.4
2410131378,2026-01-02,78.8
2410131383,2026-01-02,38.8
2410131384,2026-01-02,218.4
2410131387,2026-01-02,42.6
2410131547,2026-01-02,4.64
2410320615,2026-01-02,1722.7
2410883990,2026-01-02,45.72
2410883991,2026-01-02,13.8
2410883993,2026-01-02,36.18
2410883994,2026-01-02,9.92
2411087432,2026-01-02,1.48
2411087433,2026-01-02,9
2411290205,2026-01-02,681.84
2510014481,2026-01-02,12.64
2510014482,2026-01-02,1.04
2510014483,2026-01-02,10.8
2510014484,2026-01-02,28
2510178139,2026-01-02,12.9
2510178140,2026-01-02,40.74
2510203103,2026-01-02,64
2510203104,2026-01-02,33.92
2510203105,2026-01-02,1.1
2510203106,2026-01-02,1.2
2510203108,2026-01-02,74.8
2510203109,2026-01-02,24.64
2510203111,2026-01-02,41.52
2510203113,2026-01-02,71.36
2510203114,2026-01-02,10.8
2510203115,2026-01-02,16.48
2510203116,2026-01-02,26.1
2510203117,2026-01-02,37.12
2510203119,2026-01-02,0
2510203120,2026-01-02,31.04
2510203121,2026-01-02,23.2
2510203122,2026-01-02,1.44
2510203123,2026-01-02,42.76
2510203127,2026-01-02,2
2510203128,2026-01-02,556
2510203131,2026-01-02,0
2510203132,2026-01-02,20.8
2510203133,2026-01-02,0.8
2510203134,2026-01-02,3.2
2510224049,2026-01-02,40.75
2510317537,2026-01-02,3.1
2510389559,2026-01-02,0
2510389643,2026-01-02,19.02
2510389931,2026-01-02,12.83
2510633385,2026-01-02,24.3
2510633393,2026-01-02,389.4
2510633395,2026-01-02,0.16
2510633397,2026-01-02,17.28
2510633399,2026-01-02,31.2
2510633410,2026-01-02,12.06
2510633411,2026-01-02,68.8
2246006313,2026-01-03,1.08
2310396104,2026-01-03,0.02
2310396105,2026-01-03,21.28
2310396106,2026-01-03,321.6
2310396107,2026-01-03,600
2310396108,2026-01-03,22.96
2310396110,2026-01-03,244.32
2310396111,2026-01-03,126.08
2410121326,2026-01-03,4.2
2410121353,2026-01-03,63.84
2410121371,2026-01-03,2.08
2410121424,2026-01-03,0
2410121454,2026-01-03,49.6
2410121574,2026-01-03,118.72
2410131378,2026-01-03,88.4
2410131383,2026-01-03,36.4
2410131384,2026-01-03,233.8
2410131387,2026-01-03,43.8
2410131547,2026-01-03,4.55
2410320615,2026-01-03,1752.1
2410883990,2026-01-03,46.62
2410883991,2026-01-03,19.3
2410883993,2026-01-03,36.18
2410883994,2026-01-03,4.8
2411087432,2026-01-03,1.84
2411087433,2026-01-03,18
2411290205,2026-01-03,717.36
2510014481,2026-01-03,15.04
2510014482,2026-01-03,1.08
2510014483,2026-01-03,12
2510014484,2026-01-03,14.88
2510178139,2026-01-03,18.6
2510178140,2026-01-03,35.4
2510203103,2026-01-03,51.6
2510203104,2026-01-03,37.6
2510203105,2026-01-03,5.8
2510203106,2026-01-03,2.6
2510203108,2026-01-03,68.8
2510203109,2026-01-03,5.92
2510203111,2026-01-03,41.36
2510203113,2026-01-03,51.84
2510203114,2026-01-03,11.88
2510203115,2026-01-03,34
2510203116,2026-01-03,29.4
2510203117,2026-01-03,40.64
2510203119,2026-01-03,0
2510203120,2026-01-03,31.52
2510203121,2026-01-03,22
2510203122,2026-01-03,1.48
2510203123,2026-01-03,41.36
2510203127,2026-01-03,1
2510203128,2026-01-03,577.5
2510203132,2026-01-03,29.16
2510203133,2026-01-03,0.96
2510203134,2026-01-03,16.96
2510224049,2026-01-03,35.89
2510317537,2026-01-03,2.07
2510389559,2026-01-03,0
2510389643,2026-01-03,14.6
2510389931,2026-01-03,12.86
2510633385,2026-01-03,18
2510633393,2026-01-03,411
2510633395,2026-01-03,3.36
2510633397,2026-01-03,14.4
2510633399,2026-01-03,24
2510633410,2026-01-03,10.14
2510633411,2026-01-03,64.8
2246006313,2026-01-04,1.8
2310396104,2026-01-04,1.5
2310396105,2026-01-04,26.56
2310396106,2026-01-04,293.6
2310396107,2026-01-04,1041
2310396108,2026-01-04,33.28
2310396110,2026-01-04,177.44
2310396111,2026-01-04,97.44
2410121326,2026-01-04,8.2
2410121353,2026-01-04,2.88
2410121371,2026-01-04,2.08
2410121424,2026-01-04,0
2410121454,2026-01-04,27.36
2410121574,2026-01-04,9.6
2410131378,2026-01-04,3
2410131383,2026-01-04,14
2410131384,2026-01-04,218.4
2410131387,2026-01-04,13.2
2410131547,2026-01-04,2.8
2410320615,2026-01-04,791
2410883990,2026-01-04,68.7
2410883991,2026-01-04,19.5
2410883993,2026-01-04,36.3
2411087432,2026-01-04,2.04
2411087433,2026-01-04,9.5
2411290205,2026-01-04,108.96
2510014481,2026-01-04,10.48
2510014482,2026-01-04,1.2
2510014483,2026-01-04,9.3
2510014484,2026-01-04,17.6
2510178139,2026-01-04,10.5
2510178140,2026-01-04,45.94
2510178141,2026-01-04,0
2510203103,2026-01-04,68
2510203104,2026-01-04,42.88
2510203105,2026-01-04,1.1
2510203106,2026-01-04,2.5
2510203108,2026-01-04,60.72
2510203111,2026-01-04,0.2
2510203113,2026-01-04,17.28
2510203114,2026-01-04,13.68
2510203115,2026-01-04,16.04
2510203116,2026-01-04,33
2510203117,2026-01-04,39.04
2510203119,2026-01-04,0
2510203120,2026-01-04,30.4
2510203121,2026-01-04,24.7
2510203122,2026-01-04,2.52
2510203123,2026-01-04,0.76
2510203125,2026-01-04,0
2510203127,2026-01-04,1.16
2510203128,2026-01-04,586.5
2510203129,2026-01-04,0
2510203132,2026-01-04,21.56
2510203133,2026-01-04,1.48
2510203134,2026-01-04,3.84
2510224049,2026-01-04,31.65
2510317537,2026-01-04,1.91
2510389559,2026-01-04,0
2510389643,2026-01-04,14.9
2510389931,2026-01-04,12.85
2510633383,2026-01-04,0
2510633385,2026-01-04,18.84
2510633393,2026-01-04,390
2510633395,2026-01-04,0.2
2510633397,2026-01-04,14.64
2510633399,2026-01-04,25.2
2510633410,2026-01-04,12.6
2510633411,2026-01-04,64.8
2246006313,2026-01-05,1.52
2310396104,2026-01-05,0.02
2310396105,2026-01-05,331.52
2310396106,2026-01-05,295.2
2310396107,2026-01-05,1677
2310396108,2026-01-05,36.76
2310396110,2026-01-05,333.6
2310396111,2026-01-05,237.76
2410121326,2026-01-05,44.2
2410121353,2026-01-05,42.88
2410121371,2026-01-05,3.52
2410121424,2026-01-05,0.24
2410121454,2026-01-05,25.76
2410121457,2026-01-05,26.24
2410121574,2026-01-05,108.96
2410131378,2026-01-05,80.8
2410131383,2026-01-05,39.6
2410131384,2026-01-05,252.6
2410131387,2026-01-05,28.8
2410131547,2026-01-05,3.09
2410320615,2026-01-05,1603
2410883990,2026-01-05,62.4
2410883991,2026-01-05,22.6
2410883993,2026-01-05,38.64
2410883994,2026-01-05,6.08
2411087432,2026-01-05,20.8
2411087433,2026-01-05,9
2411290205,2026-01-05,936.72
2510014481,2026-01-05,158.56
2510014482,2026-01-05,5.08
2510014483,2026-01-05,17.1
2510014484,2026-01-05,192.32
2510178139,2026-01-05,16.2
2510178140,2026-01-05,53.58
2510178141,2026-01-05,3.2
2510203103,2026-01-05,81.6
2510203104,2026-01-05,62.72
2510203105,2026-01-05,118.9
2510203106,2026-01-05,1.2
2510203108,2026-01-05,47.92
2510203109,2026-01-05,53.12
2510203111,2026-01-05,43.56
2510203113,2026-01-05,72.32
2510203114,2026-01-05,34.2
2510203115,2026-01-05,28.48
2510203116,2026-01-05,31.2
2510203117,2026-01-05,41.44
2510203119,2026-01-05,0
2510203120,2026-01-05,101.28
2510203121,2026-01-05,22.9
2510203122,2026-01-05,11.56
2510203123,2026-01-05,45.8
2510203127,2026-01-05,5.48
2510203128,2026-01-05,575
2510203132,2026-01-05,26.88
2510203133,2026-01-05,5.44
2510203134,2026-01-05,2.24
2510224049,2026-01-05,32.34
2510317537,2026-01-05,1.79
2510389559,2026-01-05,0
2510389643,2026-01-05,16.31
2510389931,2026-01-05,12.87
2510633383,2026-01-05,4.32
2510633385,2026-01-05,22.8
2510633393,2026-01-05,548.4
2510633397,2026-01-05,17.52
2510633399,2026-01-05,24.6
2510633410,2026-01-05,15.48
2510633411,2026-01-05,73.6
2246006313,2026-01-06,1.32
2310396104,2026-01-06,0
2310396105,2026-01-06,366.24
2310396106,2026-01-06,309.2
2310396107,2026-01-06,1887
2310396108,2026-01-06,31.04
2310396110,2026-01-06,273.12
2310396111,2026-01-06,193.28
2410121326,2026-01-06,59.8
2410121353,2026-01-06,60.8
2410121371,2026-01-06,4.32
2410121424,2026-01-06,0.36
2410121454,2026-01-06,25.76
2410121457,2026-01-06,20.48
2410121574,2026-01-06,102.56
2410131378,2026-01-06,84
2410131383,2026-01-06,28.4
2410131384,2026-01-06,232.4
2410131387,2026-01-06,79.8
2410131547,2026-01-06,10.9
2410320615,2026-01-06,1688.4
2410883990,2026-01-06,66.3
2410883991,2026-01-06,18.4
2410883993,2026-01-06,35.7
2410883994,2026-01-06,8
2411087432,2026-01-06,17.44
2411087433,2026-01-06,8.5
2411290205,2026-01-06,732.48
2510014481,2026-01-06,233.76
2510014482,2026-01-06,4.96
2510014483,2026-01-06,13.8
2510014484,2026-01-06,170.24
2510178139,2026-01-06,15.6
2510178140,2026-01-06,51.6
2510178141,2026-01-06,5
2510203103,2026-01-06,48.4
2510203104,2026-01-06,40
2510203105,2026-01-06,131.4
2510203106,2026-01-06,2.1
2510203108,2026-01-06,40.56
2510203109,2026-01-06,44.96
2510203111,2026-01-06,43.48
2510203113,2026-01-06,74.56
2510203114,2026-01-06,14.64
2510203115,2026-01-06,24.48
2510203116,2026-01-06,40.5
2510203117,2026-01-06,40.4
2510203119,2026-01-06,0
2510203120,2026-01-06,104.96
2510203121,2026-01-06,25
2510203122,2026-01-06,11.2
2510203123,2026-01-06,34.56
2510203127,2026-01-06,7.72
2510203128,2026-01-06,607
2510203132,2026-01-06,32.76
2510203133,2026-01-06,7
2510203134,2026-01-06,3.84
2510224049,2026-01-06,32.34
2510317537,2026-01-06,2.12
2510389559,2026-01-06,0
2510389643,2026-01-06,15.37
2510389931,2026-01-06,12.89
2510633383,2026-01-06,4.68
2510633385,2026-01-06,19.26
2510633393,2026-01-06,571.2
2510633397,2026-01-06,12.24
2510633399,2026-01-06,24
2510633410,2026-01-06,23.58
2510633411,2026-01-06,84.8
2246006313,2026-01-07,1.28
2310396104,2026-01-07,0.18
2310396105,2026-01-07,337.76
2310396106,2026-01-07,306.4
2310396107,2026-01-07,1803
2310396108,2026-01-07,34
2310396110,2026-01-07,283.2
2310396111,2026-01-07,165.28
2410121326,2026-01-07,36.6
2410121353,2026-01-07,64.16
2410121371,2026-01-07,3.04
2410121424,2026-01-07,1.2
2410121454,2026-01-07,20
2410121457,2026-01-07,15.68
2410121574,2026-01-07,109.76
2410131378,2026-01-07,87.4
2410131383,2026-01-07,40.4
2410131384,2026-01-07,242.4
2410131387,2026-01-07,63
2410131547,2026-01-07,5.26
2410320615,2026-01-07,1693.3
2410883990,2026-01-07,57
2410883991,2026-01-07,17.9
2410883993,2026-01-07,37.92
2410883994,2026-01-07,8
2410932742,2026-01-07,260.4
2411087432,2026-01-07,17.04
2411087433,2026-01-07,8.5
2411290205,2026-01-07,723.84
2510014481,2026-01-07,225.36
2510014482,2026-01-07,3.56
2510014483,2026-01-07,13.5
2510014484,2026-01-07,177.6
2510178139,2026-01-07,14.7
2510178140,2026-01-07,61.62
2510178141,2026-01-07,4.72
2510203103,2026-01-07,42
2510203104,2026-01-07,43.84
2510203105,2026-01-07,77.2
2510203106,2026-01-07,2.4
2510203108,2026-01-07,52.72
2510203109,2026-01-07,50.24
2510203111,2026-01-07,44
2510203113,2026-01-07,75.68
2510203114,2026-01-07,11.64
2510203115,2026-01-07,20.4
2510203116,2026-01-07,22.2
2510203117,2026-01-07,46.16
2510203119,2026-01-07,0
2510203120,2026-01-07,94.72
2510203121,2026-01-07,26.7
2510203122,2026-01-07,13.64
2510203123,2026-01-07,39.4
2510203127,2026-01-07,5.32
2510203128,2026-01-07,595
2510203132,2026-01-07,25.08
2510203133,2026-01-07,6.52
2510203134,2026-01-07,2.24
2510224049,2026-01-07,32.28
2510317537,2026-01-07,10.05
2510389559,2026-01-07,0
2510389643,2026-01-07,16.07
2510389931,2026-01-07,12.81
2510633383,2026-01-07,6.76
2510633385,2026-01-07,22.2
2510633393,2026-01-07,568.2
2510633395,2026-01-07,6.2
2510633397,2026-01-07,16.8
2510633399,2026-01-07,24
2510633410,2026-01-07,15.6
2510633411,2026-01-07,77.6
2246006313,2026-01-08,1.48
2310396104,2026-01-08,0.18
2310396105,2026-01-08,349.76
2310396106,2026-01-08,309.6
2310396107,2026-01-08,2181
2310396108,2026-01-08,23.8
2310396110,2026-01-08,313.92
2310396111,2026-01-08,248.64
2410121326,2026-01-08,38.8
2410121353,2026-01-08,64.48
2410121371,2026-01-08,2.08
2410121424,2026-01-08,0.24
2410121454,2026-01-08,21.92
2410121457,2026-01-08,22.4
2410121574,2026-01-08,83.68
2410131378,2026-01-08,93.4
2410131383,2026-01-08,32
2410131384,2026-01-08,228.2
2410131387,2026-01-08,132.6
2410131547,2026-01-08,9.58
2410320615,2026-01-08,1625.4
2410883990,2026-01-08,68.34
2410883991,2026-01-08,12.5
2410883993,2026-01-08,37.74
2410883994,2026-01-08,8.64
2410932742,2026-01-08,268.08
2411087432,2026-01-08,22.24
2411087433,2026-01-08,8.5
2411290205,2026-01-08,775.2
2510014481,2026-01-08,227.12
2510014482,2026-01-08,11.4
2510014483,2026-01-08,11.7
2510014484,2026-01-08,177.92
2510178139,2026-01-08,15
2510178140,2026-01-08,55.26
2510178141,2026-01-08,5.24
2510203103,2026-01-08,37.2
2510203104,2026-01-08,36
2510203105,2026-01-08,39.8
2510203106,2026-01-08,2.1
2510203108,2026-01-08,77.52
2510203109,2026-01-08,44.48
2510203111,2026-01-08,43.24
2510203113,2026-01-08,79.84
2510203114,2026-01-08,13.32
2510203115,2026-01-08,17
2510203116,2026-01-08,30
2510203117,2026-01-08,42.64
2510203119,2026-01-08,0
2510203120,2026-01-08,85.76
2510203121,2026-01-08,34.4
2510203122,2026-01-08,12.92
2510203123,2026-01-08,55.28
2510203127,2026-01-08,8.56
2510203128,2026-01-08,598
2510203132,2026-01-08,27.64
2510203133,2026-01-08,4.6
2510203134,2026-01-08,3.84
2510224049,2026-01-08,34.98
2510317537,2026-01-08,1.68
2510389559,2026-01-08,0
2510389643,2026-01-08,15.21
2510389931,2026-01-08,12.84
2510633383,2026-01-08,4.64
2510633385,2026-01-08,24.06
2510633393,2026-01-08,601.8
2510633395,2026-01-08,4.28
2510633397,2026-01-08,14.64
2510633399,2026-01-08,48.6
2510633410,2026-01-08,14.82
2510633411,2026-01-08,76.8
2246006313,2026-01-09,1.48
2310396104,2026-01-09,0.18
2310396105,2026-01-09,360.64
2310396106,2026-01-09,305.6
2310396107,2026-01-09,2031
2310396108,2026-01-09,23.68
2310396110,2026-01-09,272.16
2310396111,2026-01-09,238.08
2410121326,2026-01-09,39
2410121353,2026-01-09,53.6
2410121371,2026-01-09,2.08
2410121424,2026-01-09,2.04
2410121454,2026-01-09,25.76
2410121457,2026-01-09,24.64
2410121574,2026-01-09,88
2410131378,2026-01-09,84.2
2410131383,2026-01-09,33.6
2410131384,2026-01-09,270.4
2410131387,2026-01-09,74.4
2410131547,2026-01-09,6.01
2410320615,2026-01-09,1678.6
2410883990,2026-01-09,81.6
2410883991,2026-01-09,20.4
2410883993,2026-01-09,37.92
2410883994,2026-01-09,7.68
2410932742,2026-01-09,278.88
2411087432,2026-01-09,17.56
2411087433,2026-01-09,8.5
2411290205,2026-01-09,867.84
2510014481,2026-01-09,195.6
2510014482,2026-01-09,3.76
2510014483,2026-01-09,13.8
2510014484,2026-01-09,180.48
2510178139,2026-01-09,17.1
2510178140,2026-01-09,61.18
2510178141,2026-01-09,2.88
2510203103,2026-01-09,48.4
2510203104,2026-01-09,38.88
2510203105,2026-01-09,62.4
2510203106,2026-01-09,1
2510203108,2026-01-09,65.76
2510203109,2026-01-09,45.76
2510203111,2026-01-09,43.32
2510203113,2026-01-09,84.64
2510203114,2026-01-09,11.64
2510203115,2026-01-09,22.04
2510203116,2026-01-09,37.5
2510203117,2026-01-09,39.44
2510203119,2026-01-09,0
2510203120,2026-01-09,97.12
2510203121,2026-01-09,32.6
2510203122,2026-01-09,13.52
2510203123,2026-01-09,34.16
2510203127,2026-01-09,4.72
2510203128,2026-01-09,599
2510203132,2026-01-09,24.56
2510203133,2026-01-09,2.76
2510203134,2026-01-09,3.84
2510224049,2026-01-09,32.15
2510317537,2026-01-09,1.79
2510389559,2026-01-09,0
2510389643,2026-01-09,15
2510389931,2026-01-09,12.86
2510633383,2026-01-09,3.68
2510633385,2026-01-09,23.16
2510633393,2026-01-09,601.8
2510633395,2026-01-09,6.16
2510633397,2026-01-09,15.36
2510633399,2026-01-09,40.8
2510633400,2026-01-09,16.8
2510633410,2026-01-09,16.02
2510633411,2026-01-09,88
2610026949,2026-01-09,0
2610026950,2026-01-09,0
2610026952,2026-01-09,0
2246006313,2026-01-10,1.36
2310396104,2026-01-10,0.18
2310396105,2026-01-10,71.52
2310396106,2026-01-10,279.6
2310396107,2026-01-10,1755
2310396108,2026-01-10,21.04
2310396110,2026-01-10,274.88
2310396111,2026-01-10,235.2
2410121326,2026-01-10,18
2410121353,2026-01-10,76.32
2410121371,2026-01-10,2.08
2410121424,2026-01-10,2.76
2410121454,2026-01-10,28
2410121457,2026-01-10,25.44
2410121574,2026-01-10,121.92
2410131378,2026-01-10,71.8
2410131383,2026-01-10,57.2
2410131384,2026-01-10,275.2
2410131387,2026-01-10,75.6
2410131547,2026-01-10,12.07
2410320615,2026-01-10,1655.5
2410883990,2026-01-10,49.68
2410883991,2026-01-10,22.7
2410883993,2026-01-10,37.74
2410883994,2026-01-10,9.92
2410932742,2026-01-10,503.28
2411087432,2026-01-10,1.36
2411087433,2026-01-10,8.5
2411290205,2026-01-10,780.72
2510014481,2026-01-10,148.24
2510014482,2026-01-10,4.08
2510014483,2026-01-10,15
2510014484,2026-01-10,164.64
2510178139,2026-01-10,16.2
2510178140,2026-01-10,52.1
2510178141,2026-01-10,3.28
2510203103,2026-01-10,43.6
2510203104,2026-01-10,41.44
2510203105,2026-01-10,40.7
2510203106,2026-01-10,2.6
2510203108,2026-01-10,92.08
2510203109,2026-01-10,88.48
2510203111,2026-01-10,43.2
2510203113,2026-01-10,77.12
2510203114,2026-01-10,11.04
2510203115,2026-01-10,19.4
2510203116,2026-01-10,29.1
2510203117,2026-01-10,39.52
2510203119,2026-01-10,0
2510203120,2026-01-10,76
2510203121,2026-01-10,46.4
2510203122,2026-01-10,9.8
2510203123,2026-01-10,41.92
2510203127,2026-01-10,5
2510203128,2026-01-10,591
2510203132,2026-01-10,26.68
2510203133,2026-01-10,0.96
2510203134,2026-01-10,2.24
2510224049,2026-01-10,32.13
2510317537,2026-01-10,2.07
2510389559,2026-01-10,0
2510389643,2026-01-10,14.72
2510389931,2026-01-10,12.81
2510633383,2026-01-10,5
2510633385,2026-01-10,20.82
2510633393,2026-01-10,553.8
2510633395,2026-01-10,6.76
2510633397,2026-01-10,26.64
2510633399,2026-01-10,41.4
2510633400,2026-01-10,58.4
2510633410,2026-01-10,15.72
2510633411,2026-01-10,51.2
2246006313,2026-01-11,1.6
2310396104,2026-01-11,0
2310396105,2026-01-11,26.56
2310396106,2026-01-11,314.4
2310396107,2026-01-11,516
2310396108,2026-01-11,49.4
2310396110,2026-01-11,198.88
2310396111,2026-01-11,233.12
2410121326,2026-01-11,4.4
2410121353,2026-01-11,3.04
2410121371,2026-01-11,2.08
2410121424,2026-01-11,0.36
2410121454,2026-01-11,27.84
2410121457,2026-01-11,16.32
2410121574,2026-01-11,5.6
2410131378,2026-01-11,2.8
2410131383,2026-01-11,14.8
2410131384,2026-01-11,212
2410131387,2026-01-11,13.8
2410131547,2026-01-11,14.7
2410320615,2026-01-11,719.6
2410883990,2026-01-11,64.08
2410883991,2026-01-11,24.8
2410883993,2026-01-11,36.72
2410883994,2026-01-11,9.28
2410932742,2026-01-11,258.48
2411087432,2026-01-11,1.36
2411087433,2026-01-11,9
2411290205,2026-01-11,96
2510014481,2026-01-11,80.88
2510014482,2026-01-11,1.08
2510014483,2026-01-11,10.5
2510014484,2026-01-11,24.16
2510178139,2026-01-11,12.9
2510178140,2026-01-11,51.86
2510178141,2026-01-11,2.64
2510203103,2026-01-11,47.2
2510203104,2026-01-11,36.32
2510203105,2026-01-11,27.2
2510203106,2026-01-11,1.6
2510203108,2026-01-11,80.88
2510203109,2026-01-11,11.84
2510203111,2026-01-11,0.2
2510203113,2026-01-11,70.72
2510203114,2026-01-11,12.12
2510203115,2026-01-11,29.28
2510203116,2026-01-11,32.1
2510203117,2026-01-11,38.16
2510203119,2026-01-11,4.4
2510203120,2026-01-11,28.16
2510203121,2026-01-11,24.3
2510203122,2026-01-11,1.12
2510203123,2026-01-11,0.72
2510203127,2026-01-11,1
2510203128,2026-01-11,623.5
2510203132,2026-01-11,21.32
2510203133,2026-01-11,0.96
2510203134,2026-01-11,2.24
2510224049,2026-01-11,31.85
2510317537,2026-01-11,1.82
2510389559,2026-01-11,0
2510389643,2026-01-11,15.94
2510389931,2026-01-11,12.72
2510633383,2026-01-11,5
2510633385,2026-01-11,20.58
2510633393,2026-01-11,336.6
2510633395,2026-01-11,7.92
2510633397,2026-01-11,12.72
2510633399,2026-01-11,40.2
2510633400,2026-01-11,52.8
2510633410,2026-01-11,10.14
2510633411,2026-01-11,41.6
2246006313,2026-01-12,1.4
2310396104,2026-01-12,1.46
2310396105,2026-01-12,308
2310396106,2026-01-12,330.8
2310396107,2026-01-12,2106
2310396108,2026-01-12,33.32
2310396110,2026-01-12,345.6
2310396111,2026-01-12,250.24
2410121326,2026-01-12,36.8
2410121353,2026-01-12,73.28
2410121371,2026-01-12,2.88
2410121424,2026-01-12,3.84
2410121454,2026-01-12,50.88
2410121457,2026-01-12,21.76
2410121574,2026-01-12,109.6
2410131378,2026-01-12,77
2410131383,2026-01-12,31.2
2410131384,2026-01-12,238.4
2410131387,2026-01-12,80.4
2410131547,2026-01-12,16.66
2410320615,2026-01-12,1628.9
2410883990,2026-01-12,72.72
2410883991,2026-01-12,23.4
2410883993,2026-01-12,23.52
2410883994,2026-01-12,8.32
2410932742,2026-01-12,263.28
2411087432,2026-01-12,20.24
2411087433,2026-01-12,9.5
2411290205,2026-01-12,628.32
2510014481,2026-01-12,135.28
2510014482,2026-01-12,4.24
2510014483,2026-01-12,14.1
2510014484,2026-01-12,185.6
2510178139,2026-01-12,13.5
2510178140,2026-01-12,49.66
2510178141,2026-01-12,36.28
2510203103,2026-01-12,57.6
2510203104,2026-01-12,61.12
2510203105,2026-01-12,62
2510203106,2026-01-12,1.4
2510203108,2026-01-12,82.16
2510203109,2026-01-12,31.68
2510203111,2026-01-12,43.92
2510203113,2026-01-12,79.84
2510203114,2026-01-12,39.24
2510203115,2026-01-12,20.6
2510203116,2026-01-12,23.7
2510203117,2026-01-12,39.84
2510203119,2026-01-12,9.88
2510203120,2026-01-12,90.72
2510203121,2026-01-12,35.8
2510203122,2026-01-12,9.04
2510203123,2026-01-12,41.36
2510203127,2026-01-12,1.48
2510203128,2026-01-12,633
2510203132,2026-01-12,24.84
2510203133,2026-01-12,4.88
2510203134,2026-01-12,3.84
2510224049,2026-01-12,31.88
2510317537,2026-01-12,1.97
2510389559,2026-01-12,0
2510389643,2026-01-12,16.02
2510389931,2026-01-12,12.71
2510633383,2026-01-12,4.08
2510633385,2026-01-12,20.7
2510633393,2026-01-12,506.4
2510633395,2026-01-12,8.56
2510633397,2026-01-12,9.84
2510633399,2026-01-12,42
2510633400,2026-01-12,52
2510633410,2026-01-12,21.18
2510633411,2026-01-12,40
2246006313,2026-01-13,1.4
2310396104,2026-01-13,1.52
2310396105,2026-01-13,352.32
2310396106,2026-01-13,305.6
2310396107,2026-01-13,1776
2310396108,2026-01-13,33.36
2310396110,2026-01-13,312.16
2310396111,2026-01-13,250.56
2410121326,2026-01-13,33.6
2410121353,2026-01-13,46.4
2410121371,2026-01-13,2.56
2410121424,2026-01-13,3
2410121454,2026-01-13,40.48
2410121457,2026-01-13,22.72
2410121574,2026-01-13,93.92
2410131378,2026-01-13,82.8
2410131383,2026-01-13,48.8
2410131384,2026-01-13,256.4
2410131387,2026-01-13,275.4
2410131547,2026-01-13,22.51
2410320615,2026-01-13,1691.2
2410883990,2026-01-13,70.08
2410883991,2026-01-13,18.9
2410883993,2026-01-13,39.3
2410883994,2026-01-13,8.32
2410932742,2026-01-13,520.56
2411087432,2026-01-13,19.28
2411087433,2026-01-13,9
2411290205,2026-01-13,701.76
2510014481,2026-01-13,186.24
2510014482,2026-01-13,3.36
2510014483,2026-01-13,15.3
2510014484,2026-01-13,258.24
2510178139,2026-01-13,12.3
2510178140,2026-01-13,42.72
2510178141,2026-01-13,3.16
2510203103,2026-01-13,44
2510203104,2026-01-13,42.24
2510203105,2026-01-13,141.1
2510203106,2026-01-13,1.1
2510203108,2026-01-13,60.4
2510203109,2026-01-13,38.56
2510203111,2026-01-13,43.24
2510203113,2026-01-13,100.8
2510203114,2026-01-13,16.44
2510203115,2026-01-13,17.36
2510203116,2026-01-13,24.3
2510203117,2026-01-13,39.76
2510203119,2026-01-13,12.08
2510203120,2026-01-13,91.04
2510203121,2026-01-13,41.5
2510203122,2026-01-13,9.6
2510203123,2026-01-13,39.04
2510203127,2026-01-13,4.2
2510203128,2026-01-13,634.5
2510203132,2026-01-13,28
2510203133,2026-01-13,5.2
2510203134,2026-01-13,2.24
2510224049,2026-01-13,34.36
2510317537,2026-01-13,10.03
2510389559,2026-01-13,0
2510389643,2026-01-13,14.73
2510389931,2026-01-13,12.68
2510633383,2026-01-13,4.68
2510633385,2026-01-13,18.12
2510633393,2026-01-13,568.2
2510633395,2026-01-13,10.48
2510633397,2026-01-13,37.92
2510633399,2026-01-13,39.6
2510633400,2026-01-13,48.8
2510633410,2026-01-13,14.7
2510633411,2026-01-13,54.4
2246006313,2026-01-14,0.96
2310396104,2026-01-14,1.54
2310396105,2026-01-14,389.12
2310396106,2026-01-14,322
2310396107,2026-01-14,2343
2310396108,2026-01-14,33.6
2310396110,2026-01-14,309.76
2310396111,2026-01-14,237.92
2410121326,2026-01-14,38
2410121353,2026-01-14,51.68
2410121371,2026-01-14,5.28
2410121424,2026-01-14,5.64
2410121454,2026-01-14,51.52
2410121457,2026-01-14,20.64
2410121574,2026-01-14,109.28
2410131378,2026-01-14,81.2
2410131383,2026-01-14,28.8
2410131384,2026-01-14,259.4
2410131387,2026-01-14,22.2
2410131547,2026-01-14,14.05
2410320615,2026-01-14,1743
2410883990,2026-01-14,17.94
2410883991,2026-01-14,21.5
2410883993,2026-01-14,37.86
2410883994,2026-01-14,8.96
2410932742,2026-01-14,443.28
2411087432,2026-01-14,18.36
2411087433,2026-01-14,19
2411290205,2026-01-14,778.08
2510014481,2026-01-14,183.84
2510014482,2026-01-14,3.32
2510014483,2026-01-14,17.1
2510014484,2026-01-14,185.28
2510178139,2026-01-14,15.9
2510178140,2026-01-14,46.96
2510178141,2026-01-14,29.64
2510203103,2026-01-14,34
2510203104,2026-01-14,45.92
2510203105,2026-01-14,85.6
2510203106,2026-01-14,1.6
2510203108,2026-01-14,72.64
2510203109,2026-01-14,45.28
2510203111,2026-01-14,42.68
2510203113,2026-01-14,114.72
2510203114,2026-01-14,23.52
2510203115,2026-01-14,25.12
2510203116,2026-01-14,33.9
2510203117,2026-01-14,39.44
2510203119,2026-01-14,8.16
2510203120,2026-01-14,96.32
2510203121,2026-01-14,25.4
2510203122,2026-01-14,12.68
2510203123,2026-01-14,42.04
2510203127,2026-01-14,1.64
2510203128,2026-01-14,700
2510203132,2026-01-14,25.52
2510203133,2026-01-14,4.8
2510203134,2026-01-14,2.56
2510224049,2026-01-14,34.02
2510317537,2026-01-14,3.42
2510389559,2026-01-14,0
2510389643,2026-01-14,14.89
2510389931,2026-01-14,12.72
2510633383,2026-01-14,13.88
2510633385,2026-01-14,20.94
2510633393,2026-01-14,499.8
2510633395,2026-01-14,10.92
2510633397,2026-01-14,13.68
2510633399,2026-01-14,25.8
2510633400,2026-01-14,46.4
2510633410,2026-01-14,16.62
2510633411,2026-01-14,68
2246006313,2026-01-15,1.28
2310396105,2026-01-15,293.12
2310396106,2026-01-15,283.6
2310396107,2026-01-15,1890
2310396108,2026-01-15,33.56
2310396110,2026-01-15,321.12
2310396111,2026-01-15,265.76
2410121326,2026-01-15,35
2410121353,2026-01-15,59.52
2410121371,2026-01-15,5.28
2410121424,2026-01-15,8.16
2410121454,2026-01-15,61.28
2410121457,2026-01-15,16.32
2410121574,2026-01-15,101.76
2410131378,2026-01-15,90.4
2410131383,2026-01-15,35.2
2410131384,2026-01-15,275
2410131387,2026-01-15,79.8
2410131547,2026-01-15,17.68
2410320615,2026-01-15,1677.9
2410883991,2026-01-15,23
2410883993,2026-01-15,37.02
2410883994,2026-01-15,9.6
2410932742,2026-01-15,398.64
2411087432,2026-01-15,22.4
2411087433,2026-01-15,10
2411290205,2026-01-15,749.28
2510014481,2026-01-15,212.08
2510014482,2026-01-15,2.8
2510014483,2026-01-15,15
2510014484,2026-01-15,184.48
2510178139,2026-01-15,16.5
2510178140,2026-01-15,50.5
2510178141,2026-01-15,26.32
2510203103,2026-01-15,42.4
2510203104,2026-01-15,51.36
2510203105,2026-01-15,101.5
2510203106,2026-01-15,37.1
2510203108,2026-01-15,74.16
2510203109,2026-01-15,56.32
2510203111,2026-01-15,43.32
2510203113,2026-01-15,87.36
2510203114,2026-01-15,28.44
2510203115,2026-01-15,24.64
2510203116,2026-01-15,34.8
2510203117,2026-01-15,40
2510203119,2026-01-15,8.8
2510203120,2026-01-15,98.08
2510203121,2026-01-15,34
2510203122,2026-01-15,11.4
2510203123,2026-01-15,43.12
2510203127,2026-01-15,2
2510203128,2026-01-15,668
2510203132,2026-01-15,25.2
2510203133,2026-01-15,2.04
2510203134,2026-01-15,3.84
2510224049,2026-01-15,32.11
2510317537,2026-01-15,1.93
2510389559,2026-01-15,0
2510389643,2026-01-15,14.83
2510389931,2026-01-15,12.72
2510633383,2026-01-15,10.96
2510633385,2026-01-15,21.36
2510633393,2026-01-15,614.4
2510633395,2026-01-15,14.48
2510633397,2026-01-15,18.48
2510633399,2026-01-15,34.8
2510633400,2026-01-15,136.8
2510633410,2026-01-15,16.74
2510633411,2026-01-15,80
2246006313,2026-01-16,1.24
2310396105,2026-01-16,350.56
2310396106,2026-01-16,314.4
2310396107,2026-01-16,1734
2310396108,2026-01-16,12.88
2310396110,2026-01-16,318.88
2310396111,2026-01-16,248.16
2410121326,2026-01-16,32.2
2410121353,2026-01-16,84
2410121371,2026-01-16,58.24
2410121424,2026-01-16,9.24
2410121454,2026-01-16,71.68
2410121457,2026-01-16,25.6
2410121574,2026-01-16,106.56
2410131378,2026-01-16,81
2410131383,2026-01-16,33.6
2410131384,2026-01-16,286.6
2410131387,2026-01-16,75.6
2410131547,2026-01-16,21.41
2410320615,2026-01-16,1693.3
2410883991,2026-01-16,24.8
2410883993,2026-01-16,38.64
2410883994,2026-01-16,8
2410932742,2026-01-16,551.76
2411087432,2026-01-16,22.44
2411087433,2026-01-16,9
2411290205,2026-01-16,780.96
2510014481,2026-01-16,239.68
2510014482,2026-01-16,3.28
2510014483,2026-01-16,11.7
2510014484,2026-01-16,190.72
2510178139,2026-01-16,12.9
2510178140,2026-01-16,67.22
2510178141,2026-01-16,26.96
2510203103,2026-01-16,42.8
2510203104,2026-01-16,63.36
2510203105,2026-01-16,73.9
2510203106,2026-01-16,2.6
2510203108,2026-01-16,75.12
2510203109,2026-01-16,59.84
2510203111,2026-01-16,43.4
2510203113,2026-01-16,70.56
2510203114,2026-01-16,34.32
2510203115,2026-01-16,19.4
2510203116,2026-01-16,29.7
2510203117,2026-01-16,39.36
2510203119,2026-01-16,4.32
2510203120,2026-01-16,102.56
2510203121,2026-01-16,28
2510203122,2026-01-16,11.2
2510203123,2026-01-16,37.76
2510203127,2026-01-16,1.68
2510203128,2026-01-16,670.5
2510203132,2026-01-16,35.52
2510203133,2026-01-16,0.96
2510203134,2026-01-16,2.56
2510224049,2026-01-16,31.63
2510317537,2026-01-16,1.98
2510389559,2026-01-16,0
2510389643,2026-01-16,16.19
2510389931,2026-01-16,12.68
2510633383,2026-01-16,26.52
2510633385,2026-01-16,22.74
2510633393,2026-01-16,594.6
2510633395,2026-01-16,14.68
2510633397,2026-01-16,18.24
2510633399,2026-01-16,24.6
2510633400,2026-01-16,160
2510633410,2026-01-16,15.84
2510633411,2026-01-16,84
2246006313,2026-01-17,1.28
2310396105,2026-01-17,25.12
2310396106,2026-01-17,290.8
2310396107,2026-01-17,714
2310396108,2026-01-17,23.96
2310396110,2026-01-17,311.2
2310396111,2026-01-17,257.92
2410121326,2026-01-17,33.6
2410121353,2026-01-17,47.36
2410121371,2026-01-17,56.32
2410121424,2026-01-17,6.72
2410121454,2026-01-17,62.4
2410121457,2026-01-17,19.04
2410121574,2026-01-17,119.68
2410131378,2026-01-17,88.4
2410131383,2026-01-17,29.2
2410131384,2026-01-17,260.2
2410131387,2026-01-17,18.6
2410131547,2026-01-17,20.16
2410320615,2026-01-17,1740.9
2410883991,2026-01-17,31.4
2410883993,2026-01-17,38.58
2410883994,2026-01-17,7.04
2410932742,2026-01-17,447.6
2411087432,2026-01-17,25.4
2411087433,2026-01-17,9.5
2411290205,2026-01-17,621.6
2510014481,2026-01-17,193.04
2510014482,2026-01-17,3.84
2510014483,2026-01-17,5.7
2510014484,2026-01-17,177.6
2510178139,2026-01-17,11.4
2510178140,2026-01-17,48.1
2510178141,2026-01-17,5.52
2510203103,2026-01-17,43.6
2510203104,2026-01-17,55.52
2510203105,2026-01-17,36
2510203106,2026-01-17,1
2510203108,2026-01-17,79.84
2510203109,2026-01-17,47.84
2510203111,2026-01-17,43
2510203113,2026-01-17,130.24
2510203114,2026-01-17,46.44
2510203115,2026-01-17,32.64
2510203116,2026-01-17,23.1
2510203117,2026-01-17,41.12
2510203119,2026-01-17,7.24
2510203120,2026-01-17,46.4
2510203121,2026-01-17,24.4
2510203122,2026-01-17,9.04
2510203123,2026-01-17,42.64
2510203127,2026-01-17,0.6
2510203128,2026-01-17,620
2510203132,2026-01-17,26.44
2510203133,2026-01-17,5.64
2510203134,2026-01-17,3.84
2510224049,2026-01-17,32.53
2510317537,2026-01-17,1.92
2510389559,2026-01-17,0
2510389643,2026-01-17,14.94
2510389931,2026-01-17,12.68
2510633383,2026-01-17,30.56
2510633385,2026-01-17,18.36
2510633393,2026-01-17,433.8
2510633395,2026-01-17,10.44
2510633397,2026-01-17,60.96
2510633399,2026-01-17,24
2510633400,2026-01-17,149.6
2510633410,2026-01-17,14.76
2510633411,2026-01-17,64
2246006313,2026-01-18,1.2
2310396105,2026-01-18,28.32
2310396106,2026-01-18,311.2
2310396107,2026-01-18,96
2310396108,2026-01-18,24.04
2310396110,2026-01-18,184.16
2310396111,2026-01-18,115.68
2410121326,2026-01-18,4.2
2410121353,2026-01-18,2.72
2410121371,2026-01-18,3.84
2410121424,2026-01-18,4.32
2410121454,2026-01-18,41.12
2410121457,2026-01-18,17.44
2410121574,2026-01-18,10.88
2410131378,2026-01-18,80.4
2410131383,2026-01-18,13.6
2410131384,2026-01-18,235.2
2410131387,2026-01-18,75
2410131547,2026-01-18,20.52
2410320615,2026-01-18,750.4
2410883991,2026-01-18,25.9
2410883993,2026-01-18,38.94
2410883994,2026-01-18,8.96
2410932742,2026-01-18,529.2
2411087432,2026-01-18,1.76
2411087433,2026-01-18,9.5
2411290205,2026-01-18,68.64
2510014481,2026-01-18,127.28
2510014482,2026-01-18,0.52
2510014483,2026-01-18,7.2
2510014484,2026-01-18,148.64
2510178139,2026-01-18,13.8
2510178140,2026-01-18,45.02
2510178141,2026-01-18,25.36
2510203103,2026-01-18,51.6
2510203104,2026-01-18,31.04
2510203105,2026-01-18,1.2
2510203106,2026-01-18,2.1
2510203108,2026-01-18,68.16
2510203109,2026-01-18,15.2
2510203111,2026-01-18,33.28
2510203113,2026-01-18,17.28
2510203114,2026-01-18,4.32
2510203115,2026-01-18,19.64
2510203116,2026-01-18,17.7
2510203117,2026-01-18,37.2
2510203119,2026-01-18,3.52
2510203120,2026-01-18,45.28
2510203121,2026-01-18,26.1
2510203122,2026-01-18,1.16
2510203123,2026-01-18,41.36
2510203127,2026-01-18,0.6
2510203128,2026-01-18,612
2510203132,2026-01-18,21.64
2510203133,2026-01-18,0.84
2510203134,2026-01-18,2.56
2510224049,2026-01-18,32.01
2510317537,2026-01-18,1.89
2510389559,2026-01-18,0
2510389643,2026-01-18,10.55
2510389931,2026-01-18,12.69
2510633383,2026-01-18,3.04
2510633385,2026-01-18,16.56
2510633393,2026-01-18,397.8
2510633395,2026-01-18,13.4
2510633397,2026-01-18,27.12
2510633399,2026-01-18,38.4
2510633400,2026-01-18,179.2
2510633410,2026-01-18,13.92
2510633411,2026-01-18,83.2
2246006313,2026-01-19,1.32
2310396105,2026-01-19,332
2310396106,2026-01-19,300.8
2310396107,2026-01-19,2007
2310396108,2026-01-19,33.68
2310396110,2026-01-19,289.6
2310396111,2026-01-19,198.72
2410121326,2026-01-19,38
2410121353,2026-01-19,34.24
2410121371,2026-01-19,54.72
2410121424,2026-01-19,7.2
2410121454,2026-01-19,31.36
2410121457,2026-01-19,17.92
2410121574,2026-01-19,109.44
2410131378,2026-01-19,86.6
2410131383,2026-01-19,42.4
2410131384,2026-01-19,267.6
2410131387,2026-01-19,73.8
2410131547,2026-01-19,18.97
2410320615,2026-01-19,1754.2
2410883991,2026-01-19,23.1
2410883993,2026-01-19,39.18
2410883994,2026-01-19,9.6
2410932742,2026-01-19,559.2
2411087432,2026-01-19,21.6
2411087433,2026-01-19,9
2411290205,2026-01-19,495.84
2510014481,2026-01-19,170.96
2510014482,2026-01-19,5.32
2510014483,2026-01-19,11.1
2510014484,2026-01-19,203.68
2510178139,2026-01-19,14.1
2510178140,2026-01-19,50.6
2510178141,2026-01-19,4.08
2510203103,2026-01-19,50.8
2510203104,2026-01-19,109.76
2510203105,2026-01-19,33.7
2510203106,2026-01-19,2.8
2510203108,2026-01-19,60.4
2510203109,2026-01-19,36.8
2510203111,2026-01-19,42.6
2510203113,2026-01-19,99.04
2510203114,2026-01-19,39
2510203115,2026-01-19,16.4
2510203116,2026-01-19,30.9
2510203117,2026-01-19,39.44
2510203119,2026-01-19,8.6
2510203120,2026-01-19,104
2510203121,2026-01-19,26.6
2510203122,2026-01-19,10.28
2510203123,2026-01-19,42.24
2510203127,2026-01-19,1.88
2510203128,2026-01-19,621
2510203132,2026-01-19,30.36
2510203133,2026-01-19,10.36
2510203134,2026-01-19,7.36
2510224049,2026-01-19,32.12
2510317537,2026-01-19,1.94
2510389559,2026-01-19,0
2510389643,2026-01-19,11.91
2510389931,2026-01-19,12.69
2510633383,2026-01-19,5.2
2510633385,2026-01-19,19.2
2510633393,2026-01-19,553.2
2510633395,2026-01-19,18.52
2510633397,2026-01-19,194.16
2510633399,2026-01-19,32.4
2510633400,2026-01-19,151.2
2510633402,2026-01-19,7.2
2510633410,2026-01-19,18.06
2510633411,2026-01-19,78.4
2246006313,2026-01-20,1.36
2310396105,2026-01-20,342.24
2310396106,2026-01-20,321.2
2310396107,2026-01-20,1908
2310396108,2026-01-20,13.2
2310396110,2026-01-20,295.52
2310396111,2026-01-20,280.8
2410121326,2026-01-20,43.4
2410121353,2026-01-20,34.24
2410121371,2026-01-20,40.64
2410121424,2026-01-20,7.92
2410121454,2026-01-20,45.76
2410121457,2026-01-20,17.6
2410121574,2026-01-20,121.76
2410131378,2026-01-20,96.2
2410131383,2026-01-20,54.8
2410131384,2026-01-20,296
2410131387,2026-01-20,23.4
2410131547,2026-01-20,18.67
2410320615,2026-01-20,1783.6
2410883991,2026-01-20,27.6
2410883993,2026-01-20,38.58
2410883994,2026-01-20,9.28
2410932742,2026-01-20,480.24
2411087432,2026-01-20,23.04
2411087433,2026-01-20,9
2411290205,2026-01-20,475.2
2510014481,2026-01-20,176.16
2510014482,2026-01-20,5.24
2510014483,2026-01-20,13.2
2510014484,2026-01-20,194.08
2510178139,2026-01-20,14.7
2510178140,2026-01-20,42.78
2510178141,2026-01-20,4.56
2510203103,2026-01-20,49.6
2510203104,2026-01-20,152.32
2510203105,2026-01-20,80.2
2510203106,2026-01-20,1.2
2510203108,2026-01-20,60.08
2510203109,2026-01-20,39.68
2510203111,2026-01-20,42.88
2510203113,2026-01-20,149.12
2510203114,2026-01-20,109.32
2510203115,2026-01-20,20
2510203116,2026-01-20,28.8
2510203117,2026-01-20,43.28
2510203119,2026-01-20,8.8
2510203120,2026-01-20,134.72
2510203121,2026-01-20,34.9
2510203122,2026-01-20,11.92
2510203123,2026-01-20,48.4
2510203127,2026-01-20,3.4
2510203128,2026-01-20,622.5
2510203132,2026-01-20,35.28
2510203133,2026-01-20,10.16
2510203134,2026-01-20,2.24
2510224049,2026-01-20,32.23
2510317537,2026-01-20,1.89
2510389559,2026-01-20,0
2510389643,2026-01-20,17.07
2510389931,2026-01-20,12.73
2510633383,2026-01-20,20.88
2510633385,2026-01-20,23.94
2510633393,2026-01-20,631.2
2510633395,2026-01-20,12.64
2510633397,2026-01-20,54.48
2510633399,2026-01-20,34.8
2510633400,2026-01-20,152
2510633402,2026-01-20,5.1
2510633410,2026-01-20,16.08
2510633411,2026-01-20,59.2
2246006313,2026-01-21,1.28
2310396105,2026-01-21,337.76
2310396106,2026-01-21,319.2
2310396107,2026-01-21,720
2310396108,2026-01-21,36.92
2310396110,2026-01-21,340.48
2310396111,2026-01-21,246.72
2410121326,2026-01-21,50
2410121353,2026-01-21,37.28
2410121371,2026-01-21,56.8
2410121424,2026-01-21,6
2410121454,2026-01-21,29.12
2410121457,2026-01-21,17.76
2410121574,2026-01-21,133.92
2410131378,2026-01-21,89.4
2410131383,2026-01-21,37.2
2410131384,2026-01-21,297.4
2410131387,2026-01-21,20.4
2410131547,2026-01-21,25.11
2410320615,2026-01-21,1743
2410883991,2026-01-21,29.7
2410883993,2026-01-21,55.86
2410883994,2026-01-21,9.92
2410932742,2026-01-21,456.24
2411087432,2026-01-21,21
2411087433,2026-01-21,8.5
2411290205,2026-01-21,514.56
2510014481,2026-01-21,184.48
2510014482,2026-01-21,7
2510014483,2026-01-21,12.6
2510014484,2026-01-21,212.16
2510178139,2026-01-21,15
2510178140,2026-01-21,57.58
2510178141,2026-01-21,4.68
2510203103,2026-01-21,64.8
2510203104,2026-01-21,79.84
2510203105,2026-01-21,90.7
2510203106,2026-01-21,3.9
2510203108,2026-01-21,57.12
2510203109,2026-01-21,43.84
2510203111,2026-01-21,43.16
2510203113,2026-01-21,157.76
2510203114,2026-01-21,45.84
2510203115,2026-01-21,21.84
2510203116,2026-01-21,18.6
2510203117,2026-01-21,41.68
2510203119,2026-01-21,7.8
2510203120,2026-01-21,105.92
2510203121,2026-01-21,46.8
2510203122,2026-01-21,11.4
2510203123,2026-01-21,38.28
2510203127,2026-01-21,2.24
2510203128,2026-01-21,662.5
2510203132,2026-01-21,38.28
2510203133,2026-01-21,6.76
2510203134,2026-01-21,2.24
2510224049,2026-01-21,32.38
2510317537,2026-01-21,1.85
2510389559,2026-01-21,0
2510389643,2026-01-21,15.3
2510389931,2026-01-21,12.75
2510633383,2026-01-21,7.08
2510633385,2026-01-21,20.28
2510633393,2026-01-21,590.4
2510633395,2026-01-21,13.28
2510633397,2026-01-21,52.32
2510633399,2026-01-21,44.4
2510633400,2026-01-21,138.4
2510633402,2026-01-21,5.4
2510633410,2026-01-21,15.36
2510633411,2026-01-21,53.6
2246006313,2026-01-22,1.56
2310396105,2026-01-22,367.68
2310396106,2026-01-22,308.8
2310396107,2026-01-22,2640
2310396108,2026-01-22,23.96
2310396110,2026-01-22,315.84
2310396111,2026-01-22,172.96
2410121326,2026-01-22,58
2410121353,2026-01-22,49.12
2410121371,2026-01-22,47.04
2410121424,2026-01-22,7.92
2410121454,2026-01-22,28.64
2410121457,2026-01-22,21.6
2410121574,2026-01-22,119.52
2410131378,2026-01-22,83.4
2410131383,2026-01-22,54
2410131384,2026-01-22,323.8
2410131387,2026-01-22,33.6
2410131547,2026-01-22,22.33
2410320615,2026-01-22,1642.9
2410883991,2026-01-22,17.6
2410883993,2026-01-22,42.54
2410883994,2026-01-22,9.92
2410932742,2026-01-22,256.8
2411087432,2026-01-22,38.92
2411087433,2026-01-22,21
2411290205,2026-01-22,677.52
2510014481,2026-01-22,178
2510014482,2026-01-22,9.8
2510014483,2026-01-22,12.6
2510014484,2026-01-22,208.8
2510178139,2026-01-22,10.5
2510178140,2026-01-22,56.26
2510178141,2026-01-22,6.04
2510203103,2026-01-22,70.8
2510203104,2026-01-22,128.8
2510203105,2026-01-22,66.5
2510203106,2026-01-22,3.3
2510203108,2026-01-22,74.64
2510203109,2026-01-22,57.76
2510203111,2026-01-22,43.56
2510203113,2026-01-22,74.56
2510203114,2026-01-22,90.6
2510203115,2026-01-22,13.08
2510203116,2026-01-22,30.6
2510203117,2026-01-22,45.92
2510203119,2026-01-22,4.36
2510203120,2026-01-22,139.52
2510203121,2026-01-22,45.8
2510203122,2026-01-22,10.84
2510203123,2026-01-22,36.16
2510203124,2026-01-22,0
2510203127,2026-01-22,0.92
2510203128,2026-01-22,673
2510203132,2026-01-22,32.88
2510203133,2026-01-22,4.64
2510203134,2026-01-22,2.24
2510224049,2026-01-22,32.96
2510317537,2026-01-22,2.86
2510389559,2026-01-22,0
2510389643,2026-01-22,13.66
2510389931,2026-01-22,12.75
2510633383,2026-01-22,4.12
2510633385,2026-01-22,22.68
2510633393,2026-01-22,645.6
2510633395,2026-01-22,14.88
2510633396,2026-01-22,32.4
2510633397,2026-01-22,47.76
2510633399,2026-01-22,42.6
2510633400,2026-01-22,148
2510633402,2026-01-22,6
2510633410,2026-01-22,23.04
2510633411,2026-01-22,71.2
2246006313,2026-01-23,1.32
2310396105,2026-01-23,374.88
2310396106,2026-01-23,320.8
2310396107,2026-01-23,2517
2310396108,2026-01-23,34
2310396110,2026-01-23,311.2
2310396111,2026-01-23,245.76
2410121326,2026-01-23,35.6
2410121353,2026-01-23,49.28
2410121371,2026-01-23,52.16
2410121424,2026-01-23,7.92
2410121454,2026-01-23,28.32
2410121457,2026-01-23,21.6
2410121574,2026-01-23,165.28
2410131378,2026-01-23,83.6
2410131383,2026-01-23,56
2410131384,2026-01-23,308
2410131387,2026-01-23,38.4
2410131547,2026-01-23,21.2
2410320615,2026-01-23,1664.6
2410883991,2026-01-23,40.7
2410883993,2026-01-23,39.6
2410883994,2026-01-23,8.96
2410932742,2026-01-23,242.4
2411087432,2026-01-23,22.84
2411087433,2026-01-23,14.5
2411290205,2026-01-23,565.68
2510014481,2026-01-23,170.8
2510014482,2026-01-23,7.04
2510014483,2026-01-23,21.3
2510014484,2026-01-23,212
2510178139,2026-01-23,12.9
2510178140,2026-01-23,51.36
2510178141,2026-01-23,4.68
2510203103,2026-01-23,64
2510203104,2026-01-23,56.48
2510203105,2026-01-23,39.1
2510203106,2026-01-23,3.2
2510203108,2026-01-23,81.92
2510203109,2026-01-23,27.36
2510203111,2026-01-23,43.32
2510203113,2026-01-23,69.92
2510203114,2026-01-23,29.52
2510203115,2026-01-23,24.6
2510203116,2026-01-23,21.3
2510203117,2026-01-23,47.68
2510203119,2026-01-23,4.48
2510203120,2026-01-23,164.64
2510203121,2026-01-23,47.2
2510203122,2026-01-23,10.52
2510203123,2026-01-23,43.32
2510203127,2026-01-23,0.88
2510203128,2026-01-23,659
2510203132,2026-01-23,30.08
2510203133,2026-01-23,2.16
2510203134,2026-01-23,2.24
2510224049,2026-01-23,33.5
2510317537,2026-01-23,1.77
2510389559,2026-01-23,0
2510389643,2026-01-23,13.77
2510389931,2026-01-23,12.72
2510633383,2026-01-23,4.88
2510633385,2026-01-23,19.92
2510633393,2026-01-23,604.2
2510633395,2026-01-23,15.48
2510633396,2026-01-23,114.4
2510633397,2026-01-23,53.04
2510633399,2026-01-23,37.8
2510633400,2026-01-23,157.6
2510633402,2026-01-23,5.7
2510633410,2026-01-23,17.76
2510633411,2026-01-23,80
2610026976,2026-01-23,9.06
2246006313,2026-01-24,1.52
2310396105,2026-01-24,28.8
2310396106,2026-01-24,287.2
2310396107,2026-01-24,2052
2310396108,2026-01-24,12.96
2310396110,2026-01-24,338.72
2310396111,2026-01-24,235.52
2410121326,2026-01-24,21
2410121353,2026-01-24,50.72
2410121371,2026-01-24,42.24
2410121424,2026-01-24,9.96
2410121454,2026-01-24,26.24
2410121457,2026-01-24,33.12
2410121574,2026-01-24,163.2
2410131378,2026-01-24,80.4
2410131383,2026-01-24,33.2
2410131384,2026-01-24,285.4
2410131387,2026-01-24,39
2410131547,2026-01-24,18.01
2410320615,2026-01-24,1648.5
2410883991,2026-01-24,24
2410883993,2026-01-24,37.92
2410883994,2026-01-24,9.92
2410932742,2026-01-24,111.6
2411087432,2026-01-24,1.4
2411087433,2026-01-24,17.5
2411290205,2026-01-24,501.84
2510014481,2026-01-24,139.76
2510014482,2026-01-24,20.96
2510014483,2026-01-24,12.3
2510014484,2026-01-24,197.28
2510178139,2026-01-24,11.4
2510178140,2026-01-24,70.2
2510178141,2026-01-24,6.96
2510203103,2026-01-24,61.6
2510203104,2026-01-24,59.52
2510203105,2026-01-24,79.9
2510203106,2026-01-24,3.3
2510203108,2026-01-24,67.44
2510203109,2026-01-24,36.64
2510203111,2026-01-24,43.68
2510203113,2026-01-24,79.36
2510203114,2026-01-24,30.12
2510203115,2026-01-24,22.8
2510203116,2026-01-24,21.6
2510203117,2026-01-24,41.52
2510203119,2026-01-24,3.92
2510203120,2026-01-24,123.52
2510203121,2026-01-24,50.9
2510203122,2026-01-24,13.6
2510203123,2026-01-24,54.36
2510203127,2026-01-24,0.56
2510203128,2026-01-24,642.5
2510203132,2026-01-24,35
2510203133,2026-01-24,1.56
2510203134,2026-01-24,2.24
2510224049,2026-01-24,32.44
2510317537,2026-01-24,1.94
2510389559,2026-01-24,0
2510389643,2026-01-24,14.46
2510389931,2026-01-24,12.76
2510633383,2026-01-24,4.04
2510633385,2026-01-24,22.2
2510633393,2026-01-24,633.6
2510633395,2026-01-24,12.6
2510633396,2026-01-24,30
2510633397,2026-01-24,190.32
2510633399,2026-01-24,63
2510633400,2026-01-24,152
2510633402,2026-01-24,8.7
2510633410,2026-01-24,23.1
2510633411,2026-01-24,76
2610026976,2026-01-24,12.96
2246006313,2026-01-25,1.08
2310396105,2026-01-25,24
2310396106,2026-01-25,303.2
2310396107,2026-01-25,777
2310396108,2026-01-25,21.36
2310396110,2026-01-25,208.32
2310396111,2026-01-25,161.76
2410121326,2026-01-25,3.4
2410121353,2026-01-25,2.72
2410121371,2026-01-25,2.88
2410121424,2026-01-25,5.52
2410121454,2026-01-25,29.28
2410121457,2026-01-25,16.96
2410121574,2026-01-25,40.32
2410131378,2026-01-25,88
2410131383,2026-01-25,15.2
2410131384,2026-01-25,237.8
2410131387,2026-01-25,489
2410131547,2026-01-25,22.93
2410320615,2026-01-25,689.5
2410883991,2026-01-25,17.9
2410883993,2026-01-25,40.02
2410883994,2026-01-25,8.96
2410932742,2026-01-25,178.56
2411087432,2026-01-25,1.28
2411087433,2026-01-25,9
2411290205,2026-01-25,25.68
2510014481,2026-01-25,150.16
2510014482,2026-01-25,1.12
2510014483,2026-01-25,10.2
2510014484,2026-01-25,15.04
2510178139,2026-01-25,15.6
2510178140,2026-01-25,52.72
2510178141,2026-01-25,2.68
2510203103,2026-01-25,44.4
2510203104,2026-01-25,58.56
2510203105,2026-01-25,1.8
2510203106,2026-01-25,4.1
2510203108,2026-01-25,69.44
2510203109,2026-01-25,9.6
2510203111,2026-01-25,43.44
2510203113,2026-01-25,17.28
2510203114,2026-01-25,33.72
2510203115,2026-01-25,22.32
2510203116,2026-01-25,18.6
2510203117,2026-01-25,39.68
2510203119,2026-01-25,3.48
2510203120,2026-01-25,34.08
2510203121,2026-01-25,31.2
2510203122,2026-01-25,1.08
2510203123,2026-01-25,37.64
2510203124,2026-01-25,179.2
2510203127,2026-01-25,0.6
2510203128,2026-01-25,650
2510203132,2026-01-25,30.24
2510203133,2026-01-25,1.64
2510203134,2026-01-25,2.24
2510224049,2026-01-25,33.36
2510317537,2026-01-25,1.81
2510389559,2026-01-25,0
2510389643,2026-01-25,15.11
2510389931,2026-01-25,12.71
2510633383,2026-01-25,3.8
2510633385,2026-01-25,19.86
2510633393,2026-01-25,402
2510633395,2026-01-25,14.04
2510633396,2026-01-25,112.8
2510633397,2026-01-25,32.88
2510633399,2026-01-25,53.4
2510633400,2026-01-25,113.6
2510633402,2026-01-25,9
2510633410,2026-01-25,15.36
2510633411,2026-01-25,69.6
2610026976,2026-01-25,10.92
2246006313,2026-01-26,1.24
2310396105,2026-01-26,343.2
2310396106,2026-01-26,300.4
2310396107,2026-01-26,1710
2310396108,2026-01-26,21.2
2310396110,2026-01-26,308.96
2310396111,2026-01-26,260.16
2410121326,2026-01-26,54.4
2410121353,2026-01-26,40.96
2410121371,2026-01-26,50.88
2410121424,2026-01-26,8.16
2410121454,2026-01-26,31.04
2410121457,2026-01-26,19.68
2410121574,2026-01-26,107.68
2410131378,2026-01-26,74.2
2410131383,2026-01-26,34
2410131384,2026-01-26,325
2410131387,2026-01-26,27
2410131547,2026-01-26,18.08
2410320615,2026-01-26,1504.3
2410883991,2026-01-26,28.7
2410883993,2026-01-26,38.34
2410883994,2026-01-26,9.92
2410932742,2026-01-26,239.76
2411087432,2026-01-26,23.4
2411087433,2026-01-26,22.5
2411290205,2026-01-26,667.92
2510014481,2026-01-26,173.04
2510014482,2026-01-26,35.08
2510014483,2026-01-26,14.4
2510014484,2026-01-26,206.08
2510178139,2026-01-26,14.1
2510178140,2026-01-26,51.74
2510178141,2026-01-26,6.88
2510203103,2026-01-26,56
2510203104,2026-01-26,67.68
2510203105,2026-01-26,75.3
2510203106,2026-01-26,4.1
2510203108,2026-01-26,70.16
2510203109,2026-01-26,37.12
2510203111,2026-01-26,42.8
2510203113,2026-01-26,122.88
2510203114,2026-01-26,36.36
2510203115,2026-01-26,23.28
2510203116,2026-01-26,16.5
2510203117,2026-01-26,42.96
2510203119,2026-01-26,11.16
2510203120,2026-01-26,114.4
2510203121,2026-01-26,34.3
2510203122,2026-01-26,10.88
2510203123,2026-01-26,36.2
2510203124,2026-01-26,313.6
2510203127,2026-01-26,1.4
2510203128,2026-01-26,648.5
2510203132,2026-01-26,36.52
2510203133,2026-01-26,1.48
2510203134,2026-01-26,2.24
2510224049,2026-01-26,32.74
2510317537,2026-01-26,1.9
2510389559,2026-01-26,0
2510389643,2026-01-26,11.37
2510389931,2026-01-26,12.85
2510633383,2026-01-26,8.08
2510633385,2026-01-26,16.26
2510633393,2026-01-26,550.8
2510633395,2026-01-26,14.36
2510633396,2026-01-26,91.6
2510633397,2026-01-26,38.16
2510633399,2026-01-26,66
2510633400,2026-01-26,103.2
2510633402,2026-01-26,11.7
2510633410,2026-01-26,16.14
2510633411,2026-01-26,80.8
2610026976,2026-01-26,14.28
2246006313,2026-01-27,1.48
2310396105,2026-01-27,356.96
2310396106,2026-01-27,294.4
2310396107,2026-01-27,2010
2310396108,2026-01-27,34.16
2310396110,2026-01-27,293.92
2310396111,2026-01-27,214.24
2410121326,2026-01-27,35.2
2410121353,2026-01-27,51.2
2410121371,2026-01-27,46.24
2410121424,2026-01-27,4.2
2410121454,2026-01-27,28.16
2410121457,2026-01-27,21.44
2410121574,2026-01-27,88.48
2410131378,2026-01-27,89.2
2410131383,2026-01-27,51.2
2410131384,2026-01-27,343.2
2410131387,2026-01-27,91.2
2410131547,2026-01-27,21.34
2410320615,2026-01-27,1869
2410883991,2026-01-27,21.7
2410883993,2026-01-27,41.58
2410883994,2026-01-27,8.32
2410932742,2026-01-27,535.92
2411087432,2026-01-27,20.4
2411087433,2026-01-27,14.5
2411290205,2026-01-27,677.76
2510014481,2026-01-27,191.84
2510014482,2026-01-27,17.4
2510014483,2026-01-27,13.8
2510014484,2026-01-27,184.16
2510178139,2026-01-27,20.4
2510178140,2026-01-27,54.78
2510178141,2026-01-27,4.64
2510203103,2026-01-27,54.4
2510203104,2026-01-27,67.52
2510203105,2026-01-27,70.7
2510203106,2026-01-27,3.3
2510203108,2026-01-27,75.84
2510203109,2026-01-27,37.76
2510203111,2026-01-27,43
2510203113,2026-01-27,132.96
2510203114,2026-01-27,32.16
2510203115,2026-01-27,22.28
2510203116,2026-01-27,13.5
2510203117,2026-01-27,50.8
2510203119,2026-01-27,8.52
2510203120,2026-01-27,105.76
2510203121,2026-01-27,39.7
2510203122,2026-01-27,13.04
2510203123,2026-01-27,36
2510203124,2026-01-27,337.6
2510203127,2026-01-27,0.6
2510203128,2026-01-27,623
2510203132,2026-01-27,25.68
2510203133,2026-01-27,1.48
2510203134,2026-01-27,2.24
2510224049,2026-01-27,32
2510317537,2026-01-27,1.82
2510389559,2026-01-27,0
2510389643,2026-01-27,14.33
2510389931,2026-01-27,12.8
2510633383,2026-01-27,5.08
2510633385,2026-01-27,20.16
2510633393,2026-01-27,620.4
2510633395,2026-01-27,15.84
2510633396,2026-01-27,130
2510633397,2026-01-27,27.12
2510633399,2026-01-27,61.8
2510633400,2026-01-27,125.6
2510633402,2026-01-27,14.4
2510633410,2026-01-27,21.66
2510633411,2026-01-27,80
2610026976,2026-01-27,10.62
2246006313,2026-01-28,1.36
2310396105,2026-01-28,357.76
2310396106,2026-01-28,311.2
2310396107,2026-01-28,2403
2310396108,2026-01-28,13.04
2310396110,2026-01-28,302.08
2310396111,2026-01-28,228.8
2410121326,2026-01-28,49
2410121353,2026-01-28,38.4
2410121371,2026-01-28,43.68
2410121424,2026-01-28,1.2
2410121454,2026-01-28,31.52
2410121457,2026-01-28,18.24
2410121574,2026-01-28,83.52
2410131378,2026-01-28,83.8
2410131383,2026-01-28,32
2410131384,2026-01-28,303.6
2410131387,2026-01-28,93
2410131547,2026-01-28,23.1
2410320615,2026-01-28,1654.8
2410883991,2026-01-28,18.7
2410883993,2026-01-28,43.92
2410883994,2026-01-28,9.92
2410932742,2026-01-28,483.84
2411087432,2026-01-28,32.4
2411087433,2026-01-28,9.5
2411290205,2026-01-28,417.36
2510014481,2026-01-28,214
2510014482,2026-01-28,5.56
2510014483,2026-01-28,15.6
2510014484,2026-01-28,192.16
2510178139,2026-01-28,20.4
2510178140,2026-01-28,52.08
2510178141,2026-01-28,5.52
2510203103,2026-01-28,70.8
2510203104,2026-01-28,64.48
2510203105,2026-01-28,34
2510203106,2026-01-28,3.3
2510203108,2026-01-28,84.72
2510203109,2026-01-28,36.16
2510203111,2026-01-28,67.84
2510203113,2026-01-28,152.32
2510203114,2026-01-28,34.08
2510203115,2026-01-28,16.92
2510203116,2026-01-28,15.9
2510203117,2026-01-28,43.28
2510203119,2026-01-28,7.96
2510203120,2026-01-28,94.4
2510203121,2026-01-28,27.9
2510203122,2026-01-28,10.32
2510203123,2026-01-28,45.28
2510203124,2026-01-28,307.2
2510203127,2026-01-28,0.84
2510203128,2026-01-28,631.5
2510203130,2026-01-28,0
2510203132,2026-01-28,32.76
2510203133,2026-01-28,8.76
2510203134,2026-01-28,2.56
2510224049,2026-01-28,32.35
2510224167,2026-01-28,0
2510317537,2026-01-28,1.89
2510389559,2026-01-28,0
2510389643,2026-01-28,14.63
2510389931,2026-01-28,12.85
2510633383,2026-01-28,4.12
2510633385,2026-01-28,22.08
2510633393,2026-01-28,654.6
2510633395,2026-01-28,17.8
2510633396,2026-01-28,74.4
2510633397,2026-01-28,42.96
2510633399,2026-01-28,63
2510633400,2026-01-28,104.8
2510633402,2026-01-28,15.3
2510633406,2026-01-28,0.06
2510633410,2026-01-28,20.76
2510633411,2026-01-28,94.4
2610026976,2026-01-28,9.78
2246006313,2026-01-29,1.52
2310396105,2026-01-29,272.48
2310396106,2026-01-29,304.8
2310396107,2026-01-29,1845
2310396108,2026-01-29,34.08
2310396110,2026-01-29,295.36
2310396111,2026-01-29,179.52
2410121326,2026-01-29,43.4
2410121353,2026-01-29,43.52
2410121371,2026-01-29,58.88
2410121424,2026-01-29,4.44
2410121454,2026-01-29,36.32
2410121457,2026-01-29,19.84
2410121574,2026-01-29,114.72
2410131378,2026-01-29,83.6
2410131383,2026-01-29,33.2
2410131384,2026-01-29,303.6
2410131387,2026-01-29,86.4
2410131547,2026-01-29,22.27
2410320615,2026-01-29,1761.9
2410883991,2026-01-29,23.6
2410883993,2026-01-29,41.4
2410883994,2026-01-29,8
2410932742,2026-01-29,490.08
2411087432,2026-01-29,22.32
2411087433,2026-01-29,9.5
2411290205,2026-01-29,442.56
2510014481,2026-01-29,210.48
2510014482,2026-01-29,4.84
2510014483,2026-01-29,16.2
2510014484,2026-01-29,186.56
2510178139,2026-01-29,22.2
2510178140,2026-01-29,47.56
2510178141,2026-01-29,3.52
2510203103,2026-01-29,85.6
2510203104,2026-01-29,101.76
2510203105,2026-01-29,75.3
2510203106,2026-01-29,3.2
2510203108,2026-01-29,74.8
2510203109,2026-01-29,46.56
2510203111,2026-01-29,42.92
2510203113,2026-01-29,69.12
2510203114,2026-01-29,58.44
2510203115,2026-01-29,27.16
2510203116,2026-01-29,19.2
2510203117,2026-01-29,34.88
2510203119,2026-01-29,6.56
2510203120,2026-01-29,109.28
2510203121,2026-01-29,30.7
2510203122,2026-01-29,10.88
2510203123,2026-01-29,44.08
2510203124,2026-01-29,421.6
2510203127,2026-01-29,0.88
2510203128,2026-01-29,629
2510203132,2026-01-29,35.12
2510203133,2026-01-29,10.36
2510203134,2026-01-29,3.52
2510224049,2026-01-29,23.67
2510224167,2026-01-29,10.38
2510317537,2026-01-29,1.77
2510389559,2026-01-29,0
2510389643,2026-01-29,14.51
2510389931,2026-01-29,12.84
2510633383,2026-01-29,5.12
2510633385,2026-01-29,20.64
2510633393,2026-01-29,650.4
2510633395,2026-01-29,18.52
2510633396,2026-01-29,134.4
2510633397,2026-01-29,28.08
2510633399,2026-01-29,70.8
2510633400,2026-01-29,122.4
2510633402,2026-01-29,14.4
2510633406,2026-01-29,10.44
2510633410,2026-01-29,14.52
2510633411,2026-01-29,125.6
2610026976,2026-01-29,16.26
2246006313,2026-01-30,1.52
2310396105,2026-01-30,28.8
2310396106,2026-01-30,321.2
2310396107,2026-01-30,1968
2310396108,2026-01-30,24.32
2310396110,2026-01-30,284.64
2310396111,2026-01-30,227.36
2410121326,2026-01-30,39.4
2410121353,2026-01-30,81.44
2410121371,2026-01-30,46.24
2410121424,2026-01-30,6.6
2410121454,2026-01-30,33.12
2410121457,2026-01-30,18.88
2410121574,2026-01-30,129.6
2410131378,2026-01-30,73.2
2410131383,2026-01-30,51.2
2410131384,2026-01-30,280.2
2410131387,2026-01-30,82.8
2410131547,2026-01-30,24.49
2410320615,2026-01-30,1741.6
2410883991,2026-01-30,18.6
2410883993,2026-01-30,41.64
2410883994,2026-01-30,7.68
2410932742,2026-01-30,535.44
2411087432,2026-01-30,21.68
2411087433,2026-01-30,24.5
2411290205,2026-01-30,650.64
2510014481,2026-01-30,203.84
2510014482,2026-01-30,7.96
2510014483,2026-01-30,15.3
2510014484,2026-01-30,191.04
2510178139,2026-01-30,19.5
2510178140,2026-01-30,61.82
2510178141,2026-01-30,5.2
2510203103,2026-01-30,67.2
2510203104,2026-01-30,56.48
2510203105,2026-01-30,48.6
2510203106,2026-01-30,3.3
2510203108,2026-01-30,68.32
2510203109,2026-01-30,44.16
2510203111,2026-01-30,43.68
2510203113,2026-01-30,80.8
2510203114,2026-01-30,30.96
2510203115,2026-01-30,28
2510203116,2026-01-30,16.5
2510203117,2026-01-30,34.4
2510203119,2026-01-30,7.92
2510203120,2026-01-30,110.08
2510203121,2026-01-30,29.1
2510203122,2026-01-30,12.64
2510203123,2026-01-30,37.08
2510203124,2026-01-30,260
2510203127,2026-01-30,0.96
2510203128,2026-01-30,628
2510203132,2026-01-30,31.68
2510203133,2026-01-30,10.12
2510203134,2026-01-30,2.24
2510224049,2026-01-30,23.79
2510224167,2026-01-30,10.47
2510317537,2026-01-30,2.42
2510389559,2026-01-30,0
2510389643,2026-01-30,17.16
2510389931,2026-01-30,12.84
2510633383,2026-01-30,6.92
2510633385,2026-01-30,18.36
2510633393,2026-01-30,389.4
2510633395,2026-01-30,18.68
2510633396,2026-01-30,125.2
2510633397,2026-01-30,186.96
2510633399,2026-01-30,70.8
2510633400,2026-01-30,156.8
2510633402,2026-01-30,12
2510633406,2026-01-30,10.5
2510633410,2026-01-30,18.96
2510633411,2026-01-30,116
2610026976,2026-01-30,18.84
2246006313,2026-01-31,1.56
2310396105,2026-01-31,340.32
2310396106,2026-01-31,318.8
2310396107,2026-01-31,1953
2310396108,2026-01-31,22.68
2310396110,2026-01-31,288.64
2310396111,2026-01-31,217.6
2410121326,2026-01-31,20.2
2410121353,2026-01-31,44.32
2410121371,2026-01-31,60.96
2410121424,2026-01-31,6.36
2410121454,2026-01-31,34.88
2410121457,2026-01-31,15.36
2410121574,2026-01-31,134.4
2410131378,2026-01-31,77.4
2410131383,2026-01-31,35.2
2410131384,2026-01-31,287.4
2410131387,2026-01-31,240
2410131547,2026-01-31,17.59
2410320615,2026-01-31,1633.8
2410883991,2026-01-31,21.8
2410883993,2026-01-31,48.54
2410883994,2026-01-31,8
2410932742,2026-01-31,440.64
2411087432,2026-01-31,19.72
2411087433,2026-01-31,13.5
2411290205,2026-01-31,652.56
2510014481,2026-01-31,186.88
2510014482,2026-01-31,0.92
2510014483,2026-01-31,13.2
2510014484,2026-01-31,180.32
2510178139,2026-01-31,17.4
2510178140,2026-01-31,49.6
2510178141,2026-01-31,4.2
2510203103,2026-01-31,62.8
2510203104,2026-01-31,35.04
2510203105,2026-01-31,37.2
2510203106,2026-01-31,3.2
2510203108,2026-01-31,110.56
2510203109,2026-01-31,50.24
2510203111,2026-01-31,42.12
2510203113,2026-01-31,110.08
2510203114,2026-01-31,14.28
2510203115,2026-01-31,19.76
2510203116,2026-01-31,10.2
2510203117,2026-01-31,33.28
2510203119,2026-01-31,6.68
2510203120,2026-01-31,89.6
2510203121,2026-01-31,31.1
2510203122,2026-01-31,1.12
2510203123,2026-01-31,36.96
2510203124,2026-01-31,414.4
2510203127,2026-01-31,0.6
2510203128,2026-01-31,632.5
2510203132,2026-01-31,29.08
2510203133,2026-01-31,0.84
2510203134,2026-01-31,2.24
2510224049,2026-01-31,23.79
2510224167,2026-01-31,10.49
2510317537,2026-01-31,1.88
2510389559,2026-01-31,0
2510389643,2026-01-31,14.41
2510389931,2026-01-31,12.9
2510633383,2026-01-31,4.76
2510633385,2026-01-31,19.92
2510633393,2026-01-31,88.8
2510633395,2026-01-31,14.84
2510633396,2026-01-31,156
2510633397,2026-01-31,209.28
2510633399,2026-01-31,68.4
2510633400,2026-01-31,131.2
2510633402,2026-01-31,9.6
2510633406,2026-01-31,10.5
2510633410,2026-01-31,22.98
2510633411,2026-01-31,104.8
2610026976,2026-01-31,8.58
2246006313,2026-06-12,6.44
2310396105,2026-06-12,544.96
2310396106,2026-06-12,297.2
2310396107,2026-06-12,2034
2310396108,2026-06-12,30.44
2310396110,2026-06-12,386.4
2310396111,2026-06-12,336.8
2410121326,2026-06-12,121
2410121353,2026-06-12,66.08
2410121371,2026-06-12,43.2
2410121424,2026-06-12,7.56
2410121454,2026-06-12,89.76
2410121457,2026-06-12,127.68
2410121574,2026-06-12,221.12
2410131378,2026-06-12,142
2410131383,2026-06-12,80.4
2410131384,2026-06-12,231
2410131387,2026-06-12,100.8
2410131547,2026-06-12,0
2410320615,2026-06-12,2157.4
2410883988,2026-06-12,1
2410883990,2026-06-12,2.88
2410883991,2026-06-12,67.1
2410883993,2026-06-12,54.54
2410883994,2026-06-12,6.08
2410932742,2026-06-12,643.2
2411087432,2026-06-12,41.48
2411087433,2026-06-12,62
2411290205,2026-06-12,568.08
2510014481,2026-06-12,200.32
2510014482,2026-06-12,18.48
2510014483,2026-06-12,25.2
2510014484,2026-06-12,205.6
2510178139,2026-06-12,144
2510178141,2026-06-12,16.76
2510203103,2026-06-12,279.2
2510203104,2026-06-12,153.92
2510203105,2026-06-12,88.5
2510203106,2026-06-12,2.1
2510203107,2026-06-12,49.2
2510203108,2026-06-12,88.4
2510203109,2026-06-12,88.96
2510203111,2026-06-12,42.72
2510203113,2026-06-12,312.96
2510203114,2026-06-12,114
2510203115,2026-06-12,35.44
2510203117,2026-06-12,24.32
2510203118,2026-06-12,37.76
2510203119,2026-06-12,27.08
2510203120,2026-06-12,210.56
2510203121,2026-06-12,57.3
2510203122,2026-06-12,13.88
2510203123,2026-06-12,64.8
2510203124,2026-06-12,744
2510203125,2026-06-12,5.6
2510203127,2026-06-12,47.76
2510203128,2026-06-12,745
2510203133,2026-06-12,13.92
2510203134,2026-06-12,2.56
2510224049,2026-06-12,12.58
2510224167,2026-06-12,7.31
2510317505,2026-06-12,10
2510317516,2026-06-12,0
2510317537,2026-06-12,2.42
2510389559,2026-06-12,0
2510389643,2026-06-12,15.06
2510389931,2026-06-12,12.83
2510633381,2026-06-12,48.32
2510633383,2026-06-12,54.12
2510633385,2026-06-12,27.18
2510633386,2026-06-12,82.5
2510633390,2026-06-12,21.52
2510633391,2026-06-12,20
2510633393,2026-06-12,905.4
2510633395,2026-06-12,22.2
2510633396,2026-06-12,297.6
2510633397,2026-06-12,196.08
2510633399,2026-06-12,228
2510633400,2026-06-12,93.6
2510633402,2026-06-12,14.1
2510633406,2026-06-12,7.32
2510633410,2026-06-12,42.96
2510633411,2026-06-12,1096.8
2510814977,2026-06-12,18
2610026952,2026-06-12,725.4
2610026953,2026-06-12,119.7
2610026963,2026-06-12,31.5
2610026966,2026-06-12,191.28
2610026976,2026-06-12,41.1
2610026977,2026-06-12,14.31
2610126451,2026-06-12,10.5
2610159557,2026-06-12,2.4
2610170786,2026-06-12,19
