CODE,LINE_NAME,MONTH,N_DAYS,OUTPUT_KWH,LOSS_NOLOAD_KWH,LOSS_LOAD_KWH,LOSS_TOTAL_KWH
03.AQ.T1.2500kVA,03.AQ.T1.2500kVA,2026-06,25,975,2378.92,0.00843633,2378.93
03.AQ.T1.2500kVA,03.AQ.T1.2500kVA,2026-07,10,614.4,911.7,0.0120682,911.713
03.ECOLAND.T1.400KVA,03.ECOLAND.T1.400KVA,2026-01,31,5456,207.181,2.18116,209.362
03.ECOLAND.T1.400KVA,03.ECOLAND.T1.400KVA,2026-02,28,3174,189.499,0.719553,190.219
03.ECOLAND.T1.400KVA,03.ECOLAND.T1.400KVA,2026-03,31,5257,209.817,1.97988,211.797
03.ECOLAND.T1.400KVA,03.ECOLAND.T1.400KVA,2026-04,30,10391,200.413,10.1629,210.576
03.ECOLAND.T1.400KVA,03.ECOLAND.T1.400KVA,2026-05,31,18352,209.803,30.2383,240.042
03.ECOLAND.T1.400KVA,03.ECOLAND.T1.400KVA,2026-06,30,12157,203.031,9.40509,212.436
03.ECOLAND.T1.400KVA,03.ECOLAND.T1.400KVA,2026-07,11,4053,73.4469,2.58369,76.0306
03.ECOLAND.T2.250kVA,03.ECOLAND.T2.250kVA,2026-01,31,11754,266.375,14.2083,280.584
03.ECOLAND.T2.250kVA,03.ECOLAND.T2.250kVA,2026-02,28,9992.4,243.954,10.4248,254.379
03.ECOLAND.T2.250kVA,03.ECOLAND.T2.250kVA,2026-03,31,14203.8,270.066,16.9892,287.055
03.ECOLAND.T2.250kVA,03.ECOLAND.T2.250kVA,2026-04,30,15516,258.172,20.3599,278.532
03.ECOLAND.T2.250kVA,03.ECOLAND.T2.250kVA,2026-05,31,19682.4,269.068,28.9173,297.985
03.ECOLAND.T2.250kVA,03.ECOLAND.T2.250kVA,2026-06,30,23884.2,260.688,43.9864,304.675
03.ECOLAND.T2.250kVA,03.ECOLAND.T2.250kVA,2026-07,11,9312.6,94.5555,16.2555,110.811
03.ECOLAND.T4.1250kVA,03.ECOLAND.T4.1250kVA,2026-01,31,5262,858.511,0.508303,859.019
03.ECOLAND.T4.1250kVA,03.ECOLAND.T4.1250kVA,2026-02,28,4227,812.408,0.422024,812.83
03.ECOLAND.T4.1250kVA,03.ECOLAND.T4.1250kVA,2026-03,31,4803,899.254,0.477561,899.732
03.ECOLAND.T4.1250kVA,03.ECOLAND.T4.1250kVA,2026-04,30,4476,859.579,0.344848,859.924
03.ECOLAND.T4.1250kVA,03.ECOLAND.T4.1250kVA,2026-05,31,6765,899.073,0.709505,899.783
03.ECOLAND.T4.1250kVA,03.ECOLAND.T4.1250kVA,2026-06,30,7689,869.694,0.913152,870.607
03.ECOLAND.T4.1250kVA,03.ECOLAND.T4.1250kVA,2026-07,11,2448,314.784,0.279333,315.063
03.ECOLAND.T5.1500kVA,03.ECOLAND.T5.1500kVA,2026-01,30,2622.24,839.285,0.080069,839.365
03.ECOLAND.T5.1500kVA,03.ECOLAND.T5.1500kVA,2026-02,28,2028.8,825.258,0.054163,825.312
03.ECOLAND.T5.1500kVA,03.ECOLAND.T5.1500kVA,2026-03,31,2195.2,918.117,0.0590124,918.176
03.ECOLAND.T5.1500kVA,03.ECOLAND.T5.1500kVA,2026-04,30,2400,877.559,0.0681035,877.627
03.ECOLAND.T5.1500kVA,03.ECOLAND.T5.1500kVA,2026-05,31,2518.4,918.055,0.0661505,918.121
03.ECOLAND.T5.1500kVA,03.ECOLAND.T5.1500kVA,2026-06,30,2188.8,884.284,0.0560682,884.341
03.ECOLAND.T5.1500kVA,03.ECOLAND.T5.1500kVA,2026-07,11,787.2,321.457,0.0185733,321.476
03.GHN.T1.2000kVA,03.GHN.T1.2000kVA,2026-01,31,328805,1357.16,647.055,2004.21
03.GHN.T1.2000kVA,03.GHN.T1.2000kVA,2026-02,28,246795,1243.08,476.768,1719.84
03.GHN.T1.2000kVA,03.GHN.T1.2000kVA,2026-03,31,383000,1376.28,846.321,2222.6
03.GHN.T1.2000kVA,03.GHN.T1.2000kVA,2026-04,30,393910,1315.66,942.38,2258.04
03.GHN.T1.2000kVA,03.GHN.T1.2000kVA,2026-05,31,426895,1376.31,1058.94,2435.24
03.GHN.T1.2000kVA,03.GHN.T1.2000kVA,2026-06,30,422385,1331.88,1061.6,2393.48
03.GHN.T1.2000kVA,03.GHN.T1.2000kVA,2026-07,11,155965,481.925,385.395,867.32
03.IP.T1.560kVA,03.IP.T1.560kVA,2026-01,31,21270.4,394.289,11.5065,405.796
03.IP.T1.560kVA,03.IP.T1.560kVA,2026-02,28,12688,362.959,4.07752,367.038
03.IP.T1.560kVA,03.IP.T1.560kVA,2026-03,31,47792,401.887,74.5098,476.398
03.IP.T1.560kVA,03.IP.T1.560kVA,2026-04,30,61971.2,384.116,114.506,498.623
03.IP.T1.560kVA,03.IP.T1.560kVA,2026-05,31,58348.8,401.896,111.982,513.879
03.IP.T1.560kVA,03.IP.T1.560kVA,2026-06,30,62040,388.878,119.708,508.587
03.IP.T1.560kVA,03.IP.T1.560kVA,2026-07,11,17998.4,140.054,28.4624,168.517
03.JPVN.T1.800kVA,03.JPVN.T1.800kVA,2026-01,30,17325.2,546.514,11.2613,557.776
03.JPVN.T1.800kVA,03.JPVN.T1.800kVA,2026-02,28,12840,538.263,7.17621,545.439
03.JPVN.T1.800kVA,03.JPVN.T1.800kVA,2026-03,31,20277,598.759,14.1579,612.917
03.JPVN.T1.800kVA,03.JPVN.T1.800kVA,2026-04,30,22782,572.274,23.3969,595.671
03.JPVN.T1.800kVA,03.JPVN.T1.800kVA,2026-05,31,31203,598.558,30.9984,629.556
03.JPVN.T1.800kVA,03.JPVN.T1.800kVA,2026-06,30,55053,576.125,85.3665,661.491
03.JPVN.T1.800kVA,03.JPVN.T1.800kVA,2026-07,11,21462,209.501,33.4415,242.943
03.LOGOS.T1.1000kVA,03.LOGOS.T1.1000kVA,2026-01,31,1875.2,650.542,0.0452559,650.588
03.LOGOS.T1.1000kVA,03.LOGOS.T1.1000kVA,2026-02,28,1641.6,595.715,0.0336251,595.749
03.LOGOS.T1.1000kVA,03.LOGOS.T1.1000kVA,2026-03,31,1817.6,659.557,0.0404149,659.598
03.LOGOS.T1.1000kVA,03.LOGOS.T1.1000kVA,2026-04,30,1811.2,630.518,0.0378324,630.555
03.LOGOS.T1.1000kVA,03.LOGOS.T1.1000kVA,2026-05,31,1875.2,657.163,0.0378342,657.201
03.LOGOS.T1.1000kVA,03.LOGOS.T1.1000kVA,2026-06,30,1833.6,638.424,0.0374295,638.462
03.LOGOS.T1.1000kVA,03.LOGOS.T1.1000kVA,2026-07,11,665.6,231,0.0133857,231.014
03.LOGOS.T2.2500kVA,03.LOGOS.T2.2500kVA,2026-01,31,5165,1244.74,0.143091,1244.89
03.LOGOS.T2.2500kVA,03.LOGOS.T2.2500kVA,2026-02,28,7045,1139.97,0.40041,1140.37
03.LOGOS.T2.2500kVA,03.LOGOS.T2.2500kVA,2026-03,31,39095,1258.48,404.163,1662.65
03.LOGOS.T2.2500kVA,03.LOGOS.T2.2500kVA,2026-04,27,34106.7,1012.63,110.112,1122.75
03.LOGOS.T2.2500kVA,03.LOGOS.T2.2500kVA,2026-05,31,39830,1257.35,10.7733,1268.13
03.LOGOS.T2.2500kVA,03.LOGOS.T2.2500kVA,2026-06,30,35980,1221.34,10.0867,1231.42
03.LOGOS.T2.2500kVA,03.LOGOS.T2.2500kVA,2026-07,11,18040,441.83,162.203,604.032
03.LOGOS.T3.1600kVA,03.LOGOS.T3.1600kVA,2026-03,27,6025.6,774.3,0.431773,774.732
03.LOGOS.T3.1600kVA,03.LOGOS.T3.1600kVA,2026-04,30,8464,849.804,0.806334,850.61
03.LOGOS.T3.1600kVA,03.LOGOS.T3.1600kVA,2026-05,31,12371.2,885.774,1.66809,887.442
03.LOGOS.T3.1600kVA,03.LOGOS.T3.1600kVA,2026-06,30,13734.4,860.42,2.29383,862.714
03.LOGOS.T3.1600kVA,03.LOGOS.T3.1600kVA,2026-07,11,4025.6,311.298,0.523618,311.821
03.NHOMVP.3000kVA,03.NHOMVP.3000kVA,2026-07,1,0,1.09,0,1.09
03.NHUABINHTHUAN.2000kVA,03.NHUABINHTHUAN.2000kVA,2026-05,11,1305,428.183,0.0432225,428.226
03.NHUABINHTHUAN.2000kVA,03.NHUABINHTHUAN.2000kVA,2026-06,30,4835,1331.23,0.262897,1331.49
03.NHUABINHTHUAN.2000kVA,03.NHUABINHTHUAN.2000kVA,2026-07,11,1925,481.678,0.074448,481.753
03.PANEL.1000kVA,03.PANEL.1000kVA,2026-07,3,60,21.4309,0.00271274,21.4336
03.SENDAI.T1.1000kVA,03.SENDAI.T1.1000kVA,2026-01,31,141888,678.238,263.966,942.206
03.SENDAI.T1.1000kVA,03.SENDAI.T1.1000kVA,2026-02,28,90658,619.03,170.279,789.31
03.SENDAI.T1.1000kVA,03.SENDAI.T1.1000kVA,2026-03,31,151552,687.775,290.425,978.201
03.SENDAI.T1.1000kVA,03.SENDAI.T1.1000kVA,2026-04,30,140828,657.347,274.124,931.472
03.SENDAI.T1.1000kVA,03.SENDAI.T1.1000kVA,2026-05,31,115020,687.729,209.131,896.862
03.SENDAI.T1.1000kVA,03.SENDAI.T1.1000kVA,2026-06,30,118770,662.215,212.439,874.656
03.SENDAI.T1.1000kVA,03.SENDAI.T1.1000kVA,2026-07,11,41050,240.87,72.187,313.058
03.SHINERAY.1000kVA,03.SHINERAY.1000kVA,2026-01,31,6993.6,675.173,2.05051,677.224
03.SHINERAY.1000kVA,03.SHINERAY.1000kVA,2026-02,28,3379.2,621.631,1.04765,622.678
03.SHINERAY.1000kVA,03.SHINERAY.1000kVA,2026-03,31,7564.8,666.324,2.92932,669.253
03.SHINERAY.1000kVA,03.SHINERAY.1000kVA,2026-04,30,8484,655.979,4.43575,660.415
03.SHINERAY.1000kVA,03.SHINERAY.1000kVA,2026-05,31,18811.2,686.92,15.7268,702.647
03.SHINERAY.1000kVA,03.SHINERAY.1000kVA,2026-06,30,23932.8,665.661,17.4473,683.108
03.SHINERAY.1000kVA,03.SHINERAY.1000kVA,2026-07,11,10598.4,240.808,9.01419,249.822
03.TAMAGAWA.T1.750kVA,03.TAMAGAWA.T1.750kVA,2026-01,31,31043.2,658.818,23.6819,682.5
03.TAMAGAWA.T1.750kVA,03.TAMAGAWA.T1.750kVA,2026-02,28,33068.8,600.597,28.6208,629.218
03.TAMAGAWA.T1.750kVA,03.TAMAGAWA.T1.750kVA,2026-03,31,47246.4,668.052,52.6872,720.739
03.TAMAGAWA.T1.750kVA,03.TAMAGAWA.T1.750kVA,2026-04,30,66193.6,638.598,108.132,746.73
03.TAMAGAWA.T1.750kVA,03.TAMAGAWA.T1.750kVA,2026-05,31,77275.2,668.112,143.683,811.795
03.TAMAGAWA.T1.750kVA,03.TAMAGAWA.T1.750kVA,2026-06,30,79960,643.357,155.568,798.926
03.TAMAGAWA.T1.750kVA,03.TAMAGAWA.T1.750kVA,2026-07,11,25939.2,233.899,45.1844,279.083
03.TMD.3000kVA,03.TMD.3000kVA ( 0.2kV ),2026-02,1,0,1.16267,0,1.16267
03.TMD.3000kVA,03.TMD.3000kVA ( 0.2kV ),2026-03,30,29644.2,1331.36,6.44639,1337.81
03.TMD.3000kVA,03.TMD.3000kVA ( 0.2kV ),2026-04,30,35929.8,1549.91,136.437,1686.34
03.TMD.3000kVA,03.TMD.3000kVA ( 0.2kV ),2026-05,31,48567.4,1621.92,221.017,1842.94
03.TMD.3000kVA,03.TMD.3000kVA ( 0.2kV ),2026-06,30,59960.2,1561.86,249.399,1811.26
03.TMD.3000kVA,03.TMD.3000kVA ( 0.2kV ),2026-07,12,27024.4,526.47,77.8184,604.288
PĐ.AMP.T1.1000kVA,PĐ.AMP.T1.1000kVA,2026-04,11,12532.8,235.773,12.0717,247.845
PĐ.AMP.T1.1000kVA,PĐ.AMP.T1.1000kVA,2026-05,31,43332,665.85,45.0614,710.912
PĐ.AMP.T1.1000kVA,PĐ.AMP.T1.1000kVA,2026-06,30,47896.8,642.177,55.2505,697.428
PĐ.AMP.T1.1000kVA,PĐ.AMP.T1.1000kVA,2026-07,11,17786.4,233.133,20.6039,253.737
PĐ.BQL.T1.75kVA,PĐ.BQL.T1.75kVA,2026-04,13,1444.8,48.048,2.007,50.055
PĐ.BQL.T1.75kVA,PĐ.BQL.T1.75kVA,2026-05,31,3705.9,114.576,5.48238,120.058
PĐ.BQL.T1.75kVA,PĐ.BQL.T1.75kVA,2026-06,30,3770.4,110.508,5.77005,116.278
PĐ.BQL.T1.75kVA,PĐ.BQL.T1.75kVA,2026-07,11,1335.9,40.117,1.8753,41.9923
TH.ACCELOTECH.T1.800kVA,TH.ACCELOTECH.T1.800kVA,2026-01,31,24427.2,617.396,13.6247,631.02
TH.ACCELOTECH.T1.800kVA,TH.ACCELOTECH.T1.800kVA,2026-02,28,23014.4,553.527,17.4177,570.945
TH.ACCELOTECH.T1.800kVA,TH.ACCELOTECH.T1.800kVA,2026-03,31,66532.8,617.492,100.53,718.022
TH.ACCELOTECH.T1.800kVA,TH.ACCELOTECH.T1.800kVA,2026-04,30,77596.8,597.586,148.177,745.763
TH.ACCELOTECH.T1.800kVA,TH.ACCELOTECH.T1.800kVA,2026-05,31,105613,617.312,269.793,887.105
TH.ACCELOTECH.T1.800kVA,TH.ACCELOTECH.T1.800kVA,2026-06,30,114966,597.517,301.472,898.989
TH.ACCELOTECH.T1.800kVA,TH.ACCELOTECH.T1.800kVA,2026-07,11,38824,216.229,82.7484,298.977
TH.ASAHI.T1.2500kVA,TH.ASAHI.T1.2500kVA,2026-01,31,288984,1410.97,271.928,1682.9
TH.ASAHI.T1.2500kVA,TH.ASAHI.T1.2500kVA,2026-02,28,207642,1265.24,200.196,1465.44
TH.ASAHI.T1.2500kVA,TH.ASAHI.T1.2500kVA,2026-03,31,356808,1410.87,405.169,1816.04
TH.ASAHI.T1.2500kVA,TH.ASAHI.T1.2500kVA,2026-04,30,442764,1366.24,638.828,2005.07
TH.ASAHI.T1.2500kVA,TH.ASAHI.T1.2500kVA,2026-05,31,502104,1411.54,801.088,2212.63
TH.ASAHI.T1.2500kVA,TH.ASAHI.T1.2500kVA,2026-06,30,460200,1366.34,729.762,2096.1
TH.ASAHI.T1.2500kVA,TH.ASAHI.T1.2500kVA,2026-07,11,181656,494.43,286.816,781.247
TH.BAIYANG.T1.2500kVA,TH.BAIYANG.T1.2500kVA,2026-05,1,0,0.854595,0,0.854595
TH.BAIYANG.T1.2500kVA,TH.BAIYANG.T1.2500kVA,2026-06,27,20778,1199.85,2.98031,1202.83
TH.BAIYANG.T1.2500kVA,TH.BAIYANG.T1.2500kVA,2026-07,11,24270,486.834,18.9908,505.825
TH.BAIYANG.T2.2500kVA,TH.BAIYANG.T2.2500kVA,2026-07,1,127.88,6.77346,0.0250563,6.79851
TH.BEBRIGHT.T1.2500kVA,TH.BEBRIGHT.T1.2500kVA,2026-01,31,11004,1396.63,1.55132,1398.18
TH.BEBRIGHT.T1.2500kVA,TH.BEBRIGHT.T1.2500kVA,2026-02,28,9162,1276.16,4.46867,1280.63
TH.BEBRIGHT.T1.2500kVA,TH.BEBRIGHT.T1.2500kVA,2026-03,31,21216,1406.35,5.67627,1412.02
TH.BEBRIGHT.T1.2500kVA,TH.BEBRIGHT.T1.2500kVA,2026-04,30,18384,1363.62,3.10248,1366.72
TH.BEBRIGHT.T1.2500kVA,TH.BEBRIGHT.T1.2500kVA,2026-05,31,20130,1406.73,4.08623,1410.81
TH.BEBRIGHT.T1.2500kVA,TH.BEBRIGHT.T1.2500kVA,2026-06,30,27078,1359.82,7.93278,1367.75
TH.BEBRIGHT.T1.2500kVA,TH.BEBRIGHT.T1.2500kVA,2026-07,11,12060,492.753,4.4962,497.249
TH.BQL.PCCC2.750kVA,TH.BQL.PCCC2.750kVA,2026-01,31,783,544.632,0.0262512,544.659
TH.BQL.PCCC2.750kVA,TH.BQL.PCCC2.750kVA,2026-02,28,1025,488.244,0.0758812,488.32
TH.BQL.PCCC2.750kVA,TH.BQL.PCCC2.750kVA,2026-03,31,1080,544.547,0.0320628,544.579
TH.BQL.PCCC2.750kVA,TH.BQL.PCCC2.750kVA,2026-04,30,1149,526.82,0.0762842,526.897
TH.BQL.PCCC2.750kVA,TH.BQL.PCCC2.750kVA,2026-05,31,1105,544.449,0.0416153,544.491
TH.BQL.PCCC2.750kVA,TH.BQL.PCCC2.750kVA,2026-06,30,993,527.077,0.0327168,527.109
TH.BQL.PCCC2.750kVA,TH.BQL.PCCC2.750kVA,2026-07,11,312,190.686,0.0140554,190.7
TH.BQL.T1.180kVA,TH.BQL.T1.180kVA,2026-01,31,6851.4,212.021,5.87016,217.891
TH.BQL.T1.180kVA,TH.BQL.T1.180kVA,2026-02,28,6442.8,190.095,5.9773,196.072
TH.BQL.T1.180kVA,TH.BQL.T1.180kVA,2026-03,31,7312.8,212.012,6.4326,218.444
TH.BQL.T1.180kVA,TH.BQL.T1.180kVA,2026-04,30,7519.8,205.195,6.65656,211.852
TH.BQL.T1.180kVA,TH.BQL.T1.180kVA,2026-05,31,9718.2,211.959,10.3107,222.27
TH.BQL.T1.180kVA,TH.BQL.T1.180kVA,2026-06,30,10005.6,205.2,10.7923,215.992
TH.BQL.T1.180kVA,TH.BQL.T1.180kVA,2026-07,11,3046.8,74.2425,2.83638,77.0789
TH.BQL.T2.160kVA,TH.BQL.T2.160kVA,2026-01,31,10752.8,199.401,16.8857,216.287
TH.BQL.T2.160kVA,TH.BQL.T2.160kVA,2026-02,28,7029.6,178.787,9.18071,187.968
TH.BQL.T2.160kVA,TH.BQL.T2.160kVA,2026-03,31,12758,199.379,23.9181,223.297
TH.BQL.T2.160kVA,TH.BQL.T2.160kVA,2026-04,30,14860.8,192.982,32.9061,225.888
TH.BQL.T2.160kVA,TH.BQL.T2.160kVA,2026-05,31,19320,199.338,50.9222,250.261
TH.BQL.T2.160kVA,TH.BQL.T2.160kVA,2026-06,30,19342.8,192.973,51.2223,244.196
TH.BQL.T2.160kVA,TH.BQL.T2.160kVA,2026-07,11,4526,69.8229,7.77583,77.5988
TH.FANTASY.T1.3150kVA,TH.FANTASY.T1.3150kVA,2026-01,31,691600,2846.03,1697.27,4543.3
TH.FANTASY.T1.3150kVA,TH.FANTASY.T1.3150kVA,2026-02,28,418061,2551.22,973.2,3524.42
TH.FANTASY.T1.3150kVA,TH.FANTASY.T1.3150kVA,2026-03,31,743218,2831.11,2154.58,4985.69
TH.FANTASY.T1.3150kVA,TH.FANTASY.T1.3150kVA,2026-04,29,727895,2662.61,2383.24,5045.84
TH.FANTASY.T1.3150kVA,TH.FANTASY.T1.3150kVA,2026-05,31,880096,2844.06,3096.26,5940.32
TH.FANTASY.T1.3150kVA,TH.FANTASY.T1.3150kVA,2026-06,30,903077,2754.54,3170.18,5924.72
TH.FANTASY.T1.3150kVA,TH.FANTASY.T1.3150kVA,2026-07,11,314160,996.453,1075.16,2071.61
TH.FANTASY.T2.3150kVA,TH.FANTASY.T2.3150kVA,2026-03,1,0,1.9127,0,1.9127
TH.FANTASY.T2.3150kVA,TH.FANTASY.T2.3150kVA,2026-04,20,7315,1775.05,0.343627,1775.39
TH.FANTASY.T2.3150kVA,TH.FANTASY.T2.3150kVA,2026-05,31,11025,2842.72,0.455531,2843.17
TH.FANTASY.T2.3150kVA,TH.FANTASY.T2.3150kVA,2026-06,30,50463,2752.12,9.35688,2761.48
TH.FANTASY.T2.3150kVA,TH.FANTASY.T2.3150kVA,2026-07,11,31899,995.943,10.3229,1006.27
TH.HONGXI.T1.800kVA,TH.HONGXI.T1.800kVA,2026-01,1,0,0.567167,0,0.567167
TH.HONGXI.T1.800kVA,TH.HONGXI.T1.800kVA,2026-04,29,7675.2,564.068,4.81746,568.885
TH.HONGXI.T1.800kVA,TH.HONGXI.T1.800kVA,2026-05,31,8168,617.146,5.23182,622.378
TH.HONGXI.T1.800kVA,TH.HONGXI.T1.800kVA,2026-06,30,3718.4,597.102,0.730334,597.832
TH.HONGXI.T1.800kVA,TH.HONGXI.T1.800kVA,2026-07,11,1201.6,216.091,0.221948,216.312
TH.HUM&C.T1.750kVA,TH.HUM&C.T1.750kVA,2026-01,31,83961.6,586.272,149.036,735.309
TH.HUM&C.T1.750kVA,TH.HUM&C.T1.750kVA,2026-02,28,62142.4,525.583,111.697,637.28
TH.HUM&C.T1.750kVA,TH.HUM&C.T1.750kVA,2026-03,31,94049.6,586.18,172.195,758.375
TH.HUM&C.T1.750kVA,TH.HUM&C.T1.750kVA,2026-04,30,92068.8,567.347,177.762,745.109
TH.HUM&C.T1.750kVA,TH.HUM&C.T1.750kVA,2026-05,31,66420.8,586.036,125.098,711.133
TH.HUM&C.T1.750kVA,TH.HUM&C.T1.750kVA,2026-06,30,80398.4,567.36,155.656,723.016
TH.HUM&C.T1.750kVA,TH.HUM&C.T1.750kVA,2026-07,11,33380.8,205.274,69.5265,274.8
TH.SINHER.T1.1600kVA,TH.SINHER.T1.1600kVA,2026-01,31,11044,858.576,1.14004,859.716
TH.SINHER.T1.1600kVA,TH.SINHER.T1.1600kVA,2026-02,28,7904,769.699,0.664428,770.363
TH.SINHER.T1.1600kVA,TH.SINHER.T1.1600kVA,2026-03,31,13532,858.441,1.87581,860.317
TH.SINHER.T1.1600kVA,TH.SINHER.T1.1600kVA,2026-04,30,19144,830.938,4.78956,835.727
TH.SINHER.T1.1600kVA,TH.SINHER.T1.1600kVA,2026-05,31,24992,858.288,7.58571,865.873
TH.SINHER.T1.1600kVA,TH.SINHER.T1.1600kVA,2026-06,30,25724,830.861,8.10397,838.965
TH.SINHER.T1.1600kVA,TH.SINHER.T1.1600kVA,2026-07,11,9568,300.617,3.32004,303.937
TH.XULI.T1.1000kVA,TH.XULI.T1.1000kVA,2026-01,31,147115,715.808,555.134,1270.94
TH.XULI.T1.1000kVA,TH.XULI.T1.1000kVA,2026-02,28,45444,641.686,125.937,767.623
TH.XULI.T1.1000kVA,TH.XULI.T1.1000kVA,2026-03,31,134918,715.664,482.566,1198.23
TH.XULI.T1.1000kVA,TH.XULI.T1.1000kVA,2026-04,30,124267,692.64,445.543,1138.18
TH.XULI.T1.1000kVA,TH.XULI.T1.1000kVA,2026-05,31,123226,715.503,369.348,1084.85
TH.XULI.T1.1000kVA,TH.XULI.T1.1000kVA,2026-06,30,135785,692.56,438.547,1131.11
TH.XULI.T1.1000kVA,TH.XULI.T1.1000kVA,2026-07,11,53740.8,250.601,192.691,443.292
TTI.BQL.T1.630kVA XLNT,TTI.BQL.T1.630kVA  XLNT,2026-03,2,5,24.193,7.51328e-05,24.1931
TTI.BQL.T1.630kVA XLNT,TTI.BQL.T1.630kVA  XLNT,2026-04,30,438,561.574,0.00572494,561.58
TTI.BQL.T1.630kVA XLNT,TTI.BQL.T1.630kVA  XLNT,2026-05,31,1185,580.255,0.173534,580.429
TTI.BQL.T1.630kVA XLNT,TTI.BQL.T1.630kVA  XLNT,2026-06,30,411,559.767,0.00495386,559.772
TTI.BQL.T1.630kVA XLNT,TTI.BQL.T1.630kVA  XLNT,2026-07,11,164,203.19,0.00205815,203.192
TTI.BQL.T2.630kVA CCNS,TTI.BQL.T2.630kVA CCNS,2026-01,31,11033,580.255,2.91991,583.175
TTI.BQL.T2.630kVA CCNS,TTI.BQL.T2.630kVA CCNS,2026-02,28,9287,524.017,2.5755,526.592
TTI.BQL.T2.630kVA CCNS,TTI.BQL.T2.630kVA CCNS,2026-03,31,15099,578.539,5.68784,584.227
TTI.BQL.T2.630kVA CCNS,TTI.BQL.T2.630kVA CCNS,2026-04,30,16743,561.392,7.34313,568.735
TTI.BQL.T2.630kVA CCNS,TTI.BQL.T2.630kVA CCNS,2026-05,31,16541,578.188,7.00913,585.197
TTI.BQL.T2.630kVA CCNS,TTI.BQL.T2.630kVA CCNS,2026-06,30,17033,560.625,7.70553,568.33
TTI.BQL.T2.630kVA CCNS,TTI.BQL.T2.630kVA CCNS,2026-07,11,6817,203.112,3.75314,206.865
TTI.BQL.T3.400kVA,TTI.BQL.T3.400kVA  CS+BQL,2026-01,31,17535.6,308.774,11.7766,320.55
TTI.BQL.T3.400kVA,TTI.BQL.T3.400kVA  CS+BQL,2026-02,28,10515.2,277.365,5.18741,282.552
TTI.BQL.T3.400kVA,TTI.BQL.T3.400kVA  CS+BQL,2026-03,31,10773.2,306.381,5.00511,311.386
TTI.BQL.T3.400kVA,TTI.BQL.T3.400kVA  CS+BQL,2026-04,30,10836.4,298.814,4.9912,303.805
TTI.BQL.T3.400kVA,TTI.BQL.T3.400kVA  CS+BQL,2026-05,31,15180.4,308.76,11.566,320.326
TTI.BQL.T3.400kVA,TTI.BQL.T3.400kVA  CS+BQL,2026-06,30,15792.8,298.551,10.8875,309.438
TTI.BQL.T3.400kVA,TTI.BQL.T3.400kVA  CS+BQL,2026-07,11,4220.8,107.333,1.91253,109.245
TTI.BQL.T4.250kVA,TTI.BQL.T4.250kVA,2026-01,4,305.411,15.5485,0.14352,15.692
TTI.BQL.T4.250kVA,TTI.BQL.T4.250kVA,2026-02,28,4828.8,186.473,3.33298,189.806
TTI.BQL.T4.250kVA,TTI.BQL.T4.250kVA,2026-03,31,3855,214.194,2.05539,216.25
TTI.BQL.T4.250kVA,TTI.BQL.T4.250kVA,2026-04,30,3206.4,261.215,1.59386,262.809
TTI.BQL.T4.250kVA,TTI.BQL.T4.250kVA,2026-05,31,1798.8,269.963,0.585542,270.549
TTI.BQL.T4.250kVA,TTI.BQL.T4.250kVA,2026-06,30,1856.4,260.852,0.955615,261.807
TTI.BQL.T4.250kVA,TTI.BQL.T4.250kVA,2026-07,11,496.2,93.8174,0.136175,93.9535
TTI.JOHNSON 2.T1.3000kVA,TTI.JOHNSON 2.T1.3000kVA,2026-01,23,30984,2106.33,5.04604,2111.38
TTI.JOHNSON 2.T1.3000kVA,TTI.JOHNSON 2.T1.3000kVA,2026-02,28,25816,2661.61,3.44321,2665.05
TTI.JOHNSON 2.T1.3000kVA,TTI.JOHNSON 2.T1.3000kVA,2026-03,31,42816,2928.18,6.95331,2935.14
TTI.JOHNSON 2.T1.3000kVA,TTI.JOHNSON 2.T1.3000kVA,2026-04,30,39336,2851.72,6.01539,2857.73
TTI.JOHNSON 2.T1.3000kVA,TTI.JOHNSON 2.T1.3000kVA,2026-05,31,23456,2946.67,2.22282,2948.89
TTI.JOHNSON 2.T1.3000kVA,TTI.JOHNSON 2.T1.3000kVA,2026-06,30,34248,2848.08,4.52402,2852.61
TTI.JOHNSON 2.T1.3000kVA,TTI.JOHNSON 2.T1.3000kVA,2026-07,11,33568,1024.11,11.9533,1036.06
TTI.JOHNSON.T1.3000kVA,TTI.JOHNSON.T1.3000kVA,2026-01,31,34232,2967.55,3.91741,2971.47
TTI.JOHNSON.T1.3000kVA,TTI.JOHNSON.T1.3000kVA,2026-02,22,27592,1996.69,4.38863,2001.08
TTI.JOHNSON.T1.3000kVA,TTI.JOHNSON.T1.3000kVA,2026-03,31,205456,2879.66,210.976,3090.63
TTI.JOHNSON.T1.3000kVA,TTI.JOHNSON.T1.3000kVA,2026-04,30,394664,2870.68,614.111,3484.79
TTI.JOHNSON.T1.3000kVA,TTI.JOHNSON.T1.3000kVA,2026-05,31,500888,2966.49,963.968,3930.45
TTI.JOHNSON.T1.3000kVA,TTI.JOHNSON.T1.3000kVA,2026-06,30,620208,2866.96,1433.33,4300.29
TTI.JOHNSON.T1.3000kVA,TTI.JOHNSON.T1.3000kVA,2026-07,11,239736,1031.09,581.966,1613.06
TTI.JOHNSON.T2.2000kVA,TTI.JOHNSON.T2.2000kVA,2026-01,31,24180,2266.21,3.42099,2269.63
TTI.JOHNSON.T2.2000kVA,TTI.JOHNSON.T2.2000kVA,2026-02,28,17736,2035.45,5.32677,2040.77
TTI.JOHNSON.T2.2000kVA,TTI.JOHNSON.T2.2000kVA,2026-03,31,33654,2196.12,6.88251,2203.01
TTI.JOHNSON.T2.2000kVA,TTI.JOHNSON.T2.2000kVA,2026-04,30,56058,2192.47,16.7575,2209.23
TTI.JOHNSON.T2.2000kVA,TTI.JOHNSON.T2.2000kVA,2026-05,31,69192,2266.16,27.1011,2293.26
TTI.JOHNSON.T2.2000kVA,TTI.JOHNSON.T2.2000kVA,2026-06,30,105516,2189.88,59.4534,2249.33
TTI.JOHNSON.T2.2000kVA,TTI.JOHNSON.T2.2000kVA,2026-07,11,47094,788.005,31.7387,819.744
TTI.TITAN.MVSG.1250kVA,TTI.TITAN.MVSG.1250kVA,2026-05,11,148,565.952,0.306083,566.258
TTI.TITAN.MVSG.1250kVA,TTI.TITAN.MVSG.1250kVA,2026-06,4,14.2,124.815,0.000157553,124.815
TTI.TITAN.MVSG.1250kVA,TTI.TITAN.MVSG.1250kVA,2026-07,10,224,607.689,0.00694949,607.696
YM.DAECHANG.T1.560kVA,YM.DAECHANG.T1.560kVA,2026-01,31,8962,239.563,7.23435,246.797
YM.DAECHANG.T1.560kVA,YM.DAECHANG.T1.560kVA,2026-02,28,5630,216.416,3.3028,219.719
YM.DAECHANG.T1.560kVA,YM.DAECHANG.T1.560kVA,2026-03,31,12225,237.448,10.4658,247.914
YM.DAECHANG.T1.560kVA,YM.DAECHANG.T1.560kVA,2026-04,30,12450,229.103,9.48171,238.585
YM.DAECHANG.T1.560kVA,YM.DAECHANG.T1.560kVA,2026-05,31,15704,239.514,13.5,253.014
YM.DAECHANG.T1.560kVA,YM.DAECHANG.T1.560kVA,2026-06,30,19669,231.845,20.1899,252.035
YM.DAECHANG.T1.560kVA,YM.DAECHANG.T1.560kVA,2026-07,11,6366,83.881,7.34071,91.2217
YM.ECOPIONEER.1250 kVA,YM.ECOPIONEER.1250kVA,2026-01,13,1191,357.826,0.0501932,357.876
YM.ECOPIONEER.1250 kVA,YM.ECOPIONEER.1250kVA,2026-02,28,2811,770.319,0.0946355,770.414
YM.ECOPIONEER.1250 kVA,YM.ECOPIONEER.1250kVA,2026-03,31,5955,877.16,0.454505,877.614
YM.ECOPIONEER.1250 kVA,YM.ECOPIONEER.1250kVA,2026-04,30,3807,844.727,0.19908,844.926
YM.ECOPIONEER.1250 kVA,YM.ECOPIONEER.1250kVA,2026-05,31,4833,883.12,0.268435,883.388
YM.ECOPIONEER.1250 kVA,YM.ECOPIONEER.1250kVA,2026-06,30,5271,854.865,0.332736,855.198
YM.ECOPIONEER.1250 kVA,YM.ECOPIONEER.1250kVA,2026-07,11,3084,309.395,0.474283,309.869
YM.FOT.T1.2000kVA,YM.FOT.T1.2000kVA,2026-01,31,24460,1783.21,3.94727,1787.16
YM.FOT.T1.2000kVA,YM.FOT.T1.2000kVA,2026-02,28,12772,1610.74,2.46037,1613.2
YM.FOT.T1.2000kVA,YM.FOT.T1.2000kVA,2026-03,31,45240,1767.39,21.371,1788.76
YM.FOT.T1.2000kVA,YM.FOT.T1.2000kVA,2026-04,30,83220,1707.7,54.2711,1761.97
YM.FOT.T1.2000kVA,YM.FOT.T1.2000kVA,2026-05,31,114604,1783.09,101.532,1884.62
YM.FOT.T1.2000kVA,YM.FOT.T1.2000kVA,2026-06,30,159820,1725.56,174.742,1900.3
YM.FOT.T1.2000kVA,YM.FOT.T1.2000kVA,2026-07,11,51168,624.259,52.1798,676.438
YM.FUMAO.800kVA,YM.FUMAO.800kVA,2026-03,31,30090,577.996,109.349,687.344
YM.FUMAO.800kVA,YM.FUMAO.800kVA,2026-04,30,111076,564.332,578.782,1143.11
YM.FUMAO.800kVA,YM.FUMAO.800kVA,2026-05,31,150288,592.711,892.252,1484.96
YM.FUMAO.800kVA,YM.FUMAO.800kVA,2026-06,30,134754,569.401,941.668,1511.07
YM.FUMAO.800kVA,YM.FUMAO.800kVA,2026-07,11,36670,207.877,219.94,427.817
YM.JILI.T1.630kVA,YM.JILI.T1.630kVA,2026-01,31,62532.8,555.972,204.338,760.309
YM.JILI.T1.630kVA,YM.JILI.T1.630kVA,2026-02,28,51780.8,496.21,154.188,650.397
YM.JILI.T1.630kVA,YM.JILI.T1.630kVA,2026-03,31,115125,551.874,429.162,981.036
YM.JILI.T1.630kVA,YM.JILI.T1.630kVA,2026-04,30,137848,532.705,614.692,1147.4
YM.JILI.T1.630kVA,YM.JILI.T1.630kVA,2026-05,31,163858,555.997,757.487,1313.48
YM.JILI.T1.630kVA,YM.JILI.T1.630kVA,2026-06,30,167125,538.123,890.014,1428.14
YM.JILI.T1.630kVA,YM.JILI.T1.630kVA,2026-07,11,34212.8,194.67,167.12,361.79
YM.KIMTIN.3000KVA,YM.KIMTIN.3000KVA.ECHO,2026-01,10,28628,239.181,11.7228,250.903
YM.KIMTIN.3000KVA,YM.KIMTIN.3000KVA.ECHO,2026-02,28,62668,713.619,31.2574,744.876
YM.KIMTIN.3000KVA,YM.KIMTIN.3000KVA.ECHO,2026-03,31,151176,788.429,77.2135,865.643
YM.KIMTIN.3000KVA,YM.KIMTIN.3000KVA.ECHO,2026-04,30,183996,762.25,102.571,864.822
YM.KIMTIN.3000KVA,YM.KIMTIN.3000KVA.ECHO,2026-05,31,121728,794.635,62.6151,857.25
YM.KIMTIN.3000KVA,YM.KIMTIN.3000KVA.ECHO,2026-06,30,197492,763.855,133.07,896.925
YM.KIMTIN.3000KVA,YM.KIMTIN.3000KVA.ECHO,2026-07,11,68628,278.771,37.7788,316.55
YM.KIMTIN2.T1.1250kVA,YM.KIMTIN2.T1.1250kVA,2026-01,31,5895,1598.02,0.896152,1598.92
YM.KIMTIN2.T1.1250kVA,YM.KIMTIN2.T1.1250kVA,2026-02,28,4086,1446.78,0.665391,1447.44
YM.KIMTIN2.T1.1250kVA,YM.KIMTIN2.T1.1250kVA,2026-03,31,9387,1598.35,3.45898,1601.81
YM.KIMTIN2.T1.1250kVA,YM.KIMTIN2.T1.1250kVA,2026-04,30,18573,1545.08,15.7161,1560.79
YM.KIMTIN2.T1.1250kVA,YM.KIMTIN2.T1.1250kVA,2026-05,31,19608,1611.66,13.596,1625.25
YM.KIMTIN2.T1.1250kVA,YM.KIMTIN2.T1.1250kVA,2026-06,30,50484,1548.73,73.3528,1622.08
YM.KIMTIN2.T1.1250kVA,YM.KIMTIN2.T1.1250kVA,2026-07,11,10659,565.068,10.3841,575.452
YM.LIHUA.T1.560kVA,YM.LIHUA.T1.560kVA,2026-01,31,128853,518.748,459.521,978.267
YM.LIHUA.T1.560kVA,YM.LIHUA.T1.560kVA,2026-02,28,62377.6,468.488,187.1,655.587
YM.LIHUA.T1.560kVA,YM.LIHUA.T1.560kVA,2026-03,31,123216,514.087,456.834,970.92
YM.LIHUA.T1.560kVA,YM.LIHUA.T1.560kVA,2026-04,30,149242,495.983,750.26,1246.24
YM.LIHUA.T1.560kVA,YM.LIHUA.T1.560kVA,2026-05,31,165427,518.794,899.83,1418.62
YM.LIHUA.T1.560kVA,YM.LIHUA.T1.560kVA,2026-06,30,173374,501.991,1106.36,1608.35
YM.LIHUA.T1.560kVA,YM.LIHUA.T1.560kVA,2026-07,11,59501,181.631,369.596,551.226
YM.LIHUA.T2.560kVA,YM.LIHUA.T2.560kVA,2026-01,31,59896,496.248,154.148,650.396
YM.LIHUA.T2.560kVA,YM.LIHUA.T2.560kVA,2026-02,28,25356.8,448.235,61.9609,510.196
YM.LIHUA.T2.560kVA,YM.LIHUA.T2.560kVA,2026-03,31,72324.8,491.846,206.955,698.801
YM.LIHUA.T2.560kVA,YM.LIHUA.T2.560kVA,2026-04,30,84174.4,474.771,280.56,755.33
YM.LIHUA.T2.560kVA,YM.LIHUA.T2.560kVA,2026-05,31,104221,496.237,394.183,890.42
YM.LIHUA.T2.560kVA,YM.LIHUA.T2.560kVA,2026-06,30,134818,480.218,618.012,1098.23
YM.LIHUA.T2.560kVA,YM.LIHUA.T2.560kVA,2026-07,11,52040,173.754,243.955,417.709
YM.MINHQUANG.T1.1500kVA,YM.MINHQUANG.T1.1500kVA,2026-01,31,135172,970.898,191.303,1162.2
YM.MINHQUANG.T1.1500kVA,YM.MINHQUANG.T1.1500kVA,2026-02,28,82744,877.004,111.944,988.947
YM.MINHQUANG.T1.1500kVA,YM.MINHQUANG.T1.1500kVA,2026-03,31,138360,962.089,203.855,1165.94
YM.MINHQUANG.T1.1500kVA,YM.MINHQUANG.T1.1500kVA,2026-04,30,124072,928.399,172.865,1101.26
YM.MINHQUANG.T1.1500kVA,YM.MINHQUANG.T1.1500kVA,2026-05,31,130400,970.637,180.636,1151.27
YM.MINHQUANG.T1.1500kVA,YM.MINHQUANG.T1.1500kVA,2026-06,30,130380,939.622,184.975,1124.6
YM.MINHQUANG.T1.1500kVA,YM.MINHQUANG.T1.1500kVA,2026-07,11,46260,339.974,65.8424,405.817
YM.NCC.250kVA,YM.NCC.250kVA,2026-01,9,822,63.0023,0.234872,63.2372
YM.NCC.250kVA,YM.NCC.250kVA,2026-02,28,1429.8,206.734,0.241055,206.975
YM.NCC.250kVA,YM.NCC.250kVA,2026-03,31,4577.4,228.274,2.99516,231.269
YM.NCC.250kVA,YM.NCC.250kVA,2026-04,30,9153.6,219.723,11.9038,231.627
YM.NCC.250kVA,YM.NCC.250kVA,2026-05,31,13224.6,230.123,17.3805,247.504
YM.NCC.250kVA,YM.NCC.250kVA,2026-06,30,15498.6,221.268,20.2546,241.522
YM.NCC.250kVA,YM.NCC.250kVA,2026-07,12,5842.94,80.2073,6.84339,87.0507
YM.NHUADUCANH.T1.2000kVA,YM.NHUADUCANH.T1.2000kVA,2026-04,18,2056,996.593,0.140186,996.733
YM.NHUADUCANH.T1.2000kVA,YM.NHUADUCANH.T1.2000kVA,2026-05,31,3336,1782.57,0.135944,1782.7
YM.NHUADUCANH.T1.2000kVA,YM.NHUADUCANH.T1.2000kVA,2026-06,30,4276,1724.8,0.16278,1724.96
YM.NHUADUCANH.T1.2000kVA,YM.NHUADUCANH.T1.2000kVA,2026-07,11,2340,624.059,0.154156,624.213
YM.OSAKA.160kVA,YM.OSAKA.160kVA,2026-03,22,1301,315.359,1.47584,316.835
YM.OSAKA.160kVA,YM.OSAKA.160kVA,2026-04,30,2855,440.555,4.14069,444.696
YM.OSAKA.160kVA,YM.OSAKA.160kVA,2026-05,31,3988,460.742,7.24438,467.986
YM.OSAKA.160kVA,YM.OSAKA.160kVA,2026-06,30,4011,442.82,7.71543,450.535
YM.OSAKA.160kVA,YM.OSAKA.160kVA,2026-07,11,1888,161.506,4.66003,166.166
YM.PACIFIC.T1.1000kVA,YM.PACIFIC.T1.1000kVA,2026-01,25,141982,549.969,327.899,877.868
YM.PACIFIC.T1.1000kVA,YM.PACIFIC.T1.1000kVA,2026-02,28,104023,624.975,264.086,889.061
YM.PACIFIC.T1.1000kVA,YM.PACIFIC.T1.1000kVA,2026-03,31,248198,686.255,821.613,1507.87
YM.PACIFIC.T1.1000kVA,YM.PACIFIC.T1.1000kVA,2026-04,30,299611,661.998,1237.99,1899.99
YM.PACIFIC.T1.1000kVA,YM.PACIFIC.T1.1000kVA,2026-05,31,352661,692.351,1648.82,2341.17
YM.PACIFIC.T1.1000kVA,YM.PACIFIC.T1.1000kVA,2026-06,30,373831,670.016,1795.91,2465.92
YM.PACIFIC.T1.1000kVA,YM.PACIFIC.T1.1000kVA,2026-07,11,130438,242.39,585.742,828.132
YM.PE_FOAMVH.T1.1000kVA,YM.PE_FOAMVH.T1.1000kVA,2026-07,7,129.6,123.646,0.00131423,123.647
YM.SOL.T1.400kVA,YM.SOL.T1.400kVA,2026-01,31,21567.2,313.615,19.8991,333.514
YM.SOL.T1.400kVA,YM.SOL.T1.400kVA,2026-02,28,13170.4,281.947,8.70901,290.656
YM.SOL.T1.400kVA,YM.SOL.T1.400kVA,2026-03,31,25077.6,311.823,27.0048,338.828
YM.SOL.T1.400kVA,YM.SOL.T1.400kVA,2026-04,30,35376,301.269,50.2855,351.555
YM.SOL.T1.400kVA,YM.SOL.T1.400kVA,2026-05,31,39118.4,314.426,58.2741,372.701
YM.SOL.T1.400kVA,YM.SOL.T1.400kVA,2026-06,30,36842.4,302.701,49.6421,352.344
YM.SOL.T1.400kVA,YM.SOL.T1.400kVA,2026-07,11,12766.4,110.215,16.1978,126.413
YM.SONMIENBAC.T1.1250kVA,YM.SONMIENBAC.T1.1250kVA,2026-04,21,12888,487.777,18.3196,506.097
YM.SONMIENBAC.T1.1250kVA,YM.SONMIENBAC.T1.1250kVA,2026-05,31,4134,786.111,1.24813,787.359
YM.SONMIENBAC.T1.1250kVA,YM.SONMIENBAC.T1.1250kVA,2026-06,30,4539,757.203,0.264621,757.468
YM.SONMIENBAC.T1.1250kVA,YM.SONMIENBAC.T1.1250kVA,2026-07,11,1395,278.45,0.0684313,278.518
YM.TITAN.NX1.400kVA,YM.TITAN.NX1.400kVA.SML,2026-01,31,22654.4,296.367,39.6711,336.038
YM.TITAN.NX1.400kVA,YM.TITAN.NX1.400kVA.SML,2026-02,28,19376,265.713,39.2237,304.937
YM.TITAN.NX1.400kVA,YM.TITAN.NX1.400kVA.SML,2026-03,31,38417.6,294.687,107.336,402.023
YM.TITAN.NX1.400kVA,YM.TITAN.NX1.400kVA.SML,2026-04,30,46328,284.167,158.043,442.21
YM.TITAN.NX1.400kVA,YM.TITAN.NX1.400kVA.SML,2026-05,31,55947.2,297.167,216.552,513.719
YM.TITAN.NX1.400kVA,YM.TITAN.NX1.400kVA.SML,2026-06,30,66502.4,285.68,276.677,562.356
YM.TITAN.NX1.400kVA,YM.TITAN.NX1.400kVA.SML,2026-07,11,20627.2,104.193,78.027,182.22
YM.TITAN.NX2.400kVA,YM.TITAN.NX2.400kVA.ESSENCE,2026-01,31,7566.4,297.583,4.51341,302.097
YM.TITAN.NX2.400kVA,YM.TITAN.NX2.400kVA.ESSENCE,2026-02,28,1107.2,266.63,0.101592,266.732
YM.TITAN.NX2.400kVA,YM.TITAN.NX2.400kVA.ESSENCE,2026-03,31,6995.2,295.73,3.61045,299.341
YM.TITAN.NX2.400kVA,YM.TITAN.NX2.400kVA.ESSENCE,2026-04,30,6809.6,285.053,3.02402,288.077
YM.TITAN.NX2.400kVA,YM.TITAN.NX2.400kVA.ESSENCE,2026-05,31,8676.8,298.132,4.69781,302.829
YM.TITAN.NX2.400kVA,YM.TITAN.NX2.400kVA.ESSENCE,2026-06,30,10235.2,286.692,6.70091,293.393
YM.TITAN.NX2.400kVA,YM.TITAN.NX2.400kVA.ESSENCE,2026-07,11,2134.4,104.573,1.19188,105.765
YM.TITAN.NX3.400kVA,YM.TITAN.NX3.400kVA.EVERJOY,2026-06,20,323.168,177.711,0.0160021,177.727
YM.TITAN.NX3.400kVA,YM.TITAN.NX3.400kVA.EVERJOY,2026-07,11,152.4,104.701,0.00186952,104.703
YM.TITAN.NX4.400kVA,YM.TITAN.NX4.400kVA.JOINT,2026-01,31,952.8,303.873,0.100946,303.974
YM.TITAN.NX4.400kVA,YM.TITAN.NX4.400kVA.JOINT,2026-02,28,589.2,272.039,0.0627544,272.102
YM.TITAN.NX4.400kVA,YM.TITAN.NX4.400kVA.JOINT,2026-03,31,1052.4,302.171,0.187151,302.358
YM.TITAN.NX4.400kVA,YM.TITAN.NX4.400kVA.JOINT,2026-04,30,495.6,291.364,0.0178284,291.382
YM.TITAN.NX4.400kVA,YM.TITAN.NX4.400kVA.JOINT,2026-05,31,633.6,304.324,0.0299131,304.354
YM.TITAN.NX4.400kVA,YM.TITAN.NX4.400kVA.JOINT,2026-06,30,744,292.123,0.107274,292.23
YM.TITAN.NX4.400kVA,YM.TITAN.NX4.400kVA.JOINT,2026-07,11,160.8,107.22,0.00426198,107.224
YM.TITAN.NX5.400KVA,YM.TITAN.NX5.400KVA.JEN YAW,2026-01,31,7561.6,304.524,5.40598,309.93
YM.TITAN.NX5.400KVA,YM.TITAN.NX5.400KVA.JEN YAW,2026-02,28,5004.8,273.041,3.64772,276.689
YM.TITAN.NX5.400KVA,YM.TITAN.NX5.400KVA.JEN YAW,2026-03,31,7753.6,302.804,6.0679,308.872
YM.TITAN.NX5.400KVA,YM.TITAN.NX5.400KVA.JEN YAW,2026-04,30,7923.2,291.974,6.49098,298.465
YM.TITAN.NX5.400KVA,YM.TITAN.NX5.400KVA.JEN YAW,2026-05,31,10676.8,305.291,11.1248,316.416
YM.TITAN.NX5.400KVA,YM.TITAN.NX5.400KVA.JEN YAW,2026-06,30,13499.2,293.577,17.0196,310.597
YM.TITAN.NX5.400KVA,YM.TITAN.NX5.400KVA.JEN YAW,2026-07,11,5614.4,107.066,8.53175,115.597
YM.TITAN.NX6.400kVA,YM.TITAN.NX6.400kVA.FUMAO,2026-01,27,5251.2,258.214,1.59306,259.808
YM.TITAN.NX6.400kVA,YM.TITAN.NX6.400kVA.FUMAO,2026-02,28,2134.4,269.764,0.608966,270.373
YM.TITAN.NX6.400kVA,YM.TITAN.NX6.400kVA.FUMAO,2026-03,31,11336,298.37,9.98644,308.357
YM.TITAN.NX6.400kVA,YM.TITAN.NX6.400kVA.FUMAO,2026-04,24,14337.5,217.458,17.127,234.585
YM.TITAN.NX6.400kVA,YM.TITAN.NX6.400kVA.FUMAO,2026-05,31,33654.4,300.854,63.0598,363.914
YM.TITAN.NX6.400kVA,YM.TITAN.NX6.400kVA.FUMAO,2026-06,29,33390.4,279.504,75.0285,354.532
YM.TITAN.NX6.400kVA,YM.TITAN.NX6.400kVA.FUMAO,2026-07,11,11417.6,105.907,26.8793,132.787
YM.TITAN.NX7.630kVA,YM.TITAN.NX7.630kVA,2026-01,31,13214.4,579.41,4.30675,583.717
YM.TITAN.NX7.630kVA,YM.TITAN.NX7.630kVA,2026-02,28,11129.6,521.294,3.11667,524.411
YM.TITAN.NX7.630kVA,YM.TITAN.NX7.630kVA,2026-03,31,22147.2,576.047,12.0832,588.13
YM.TITAN.NX7.630kVA,YM.TITAN.NX7.630kVA,2026-04,30,26224,555.598,19.4064,575.005
YM.TITAN.NX7.630kVA,YM.TITAN.NX7.630kVA,2026-05,31,32625.6,580.896,31.5741,612.47
YM.TITAN.NX7.630kVA,YM.TITAN.NX7.630kVA,2026-06,30,33808,558.544,35.0762,593.62
YM.TITAN.NX7.630kVA,YM.TITAN.NX7.630kVA,2026-07,11,10996.8,203.711,10.8532,214.564
YM.TITAN.NX8.750kVA,YM.TITAN.NX8.750kVA Hồng Nguyên,2026-01,31,20098,595.737,14.4671,610.205
YM.TITAN.NX8.750kVA,YM.TITAN.NX8.750kVA Hồng Nguyên,2026-02,28,4618,536.764,2.46572,539.23
YM.TITAN.NX8.750kVA,YM.TITAN.NX8.750kVA Hồng Nguyên,2026-03,31,25924,592.334,19.7086,612.042
YM.TITAN.NX8.750kVA,YM.TITAN.NX8.750kVA Hồng Nguyên,2026-04,30,29318,569.071,30.8577,599.929
YM.TITAN.NX8.750kVA,YM.TITAN.NX8.750kVA Hồng Nguyên,2026-05,31,41230,596.89,43.4369,640.327
YM.TITAN.NX8.750kVA,YM.TITAN.NX8.750kVA Hồng Nguyên,2026-06,30,57978,574.297,68.2695,642.567
YM.TITAN.NX8.750kVA,YM.TITAN.NX8.750kVA Hồng Nguyên,2026-07,11,17644,208.048,21.0607,229.109
YM.TITAN.NX9.750kVA,YM.TITAN.NX9.750kVA,2026-01,31,8606,595.67,2.86825,598.538
YM.TITAN.NX9.750kVA,YM.TITAN.NX9.750kVA,2026-02,28,7420,536.804,2.79186,539.596
YM.TITAN.NX9.750kVA,YM.TITAN.NX9.750kVA,2026-03,31,14018,592.374,8.16384,600.538
YM.TITAN.NX9.750kVA,YM.TITAN.NX9.750kVA,2026-04,30,17824,570.746,12.8209,583.567
YM.TITAN.NX9.750kVA,YM.TITAN.NX9.750kVA,2026-05,31,27768,596.863,28.7464,625.609
YM.TITAN.NX9.750kVA,YM.TITAN.NX9.750kVA,2026-06,30,34648,574.284,38.8959,613.18
YM.TITAN.NX9.750kVA,YM.TITAN.NX9.750kVA,2026-07,11,12196,209.469,12.886,222.355
YM.VINSON.T1.400kVA,YM.VINSON.T1.400kVA,2026-01,31,75055.2,331.087,285.077,616.164
YM.VINSON.T1.400kVA,YM.VINSON.T1.400kVA,2026-02,28,49270.4,299.047,176.494,475.542
YM.VINSON.T1.400kVA,YM.VINSON.T1.400kVA,2026-03,31,93908,326.385,387.711,714.096
YM.VINSON.T1.400kVA,YM.VINSON.T1.400kVA,2026-04,30,73604,316.603,255.699,572.302
YM.VINSON.T1.400kVA,YM.VINSON.T1.400kVA,2026-05,31,62424.8,331.058,215.386,546.443
YM.VINSON.T1.400kVA,YM.VINSON.T1.400kVA,2026-06,30,93760.8,320.415,395.948,716.363
YM.VINSON.T1.400kVA,YM.VINSON.T1.400kVA,2026-07,11,31265.6,115.93,111.376,227.306
YM.YUSEN.T1.800kVA,YM.YUSEN.T1.800kVA,2026-04,7,195,95.8625,0.0375034,95.8999
YM.YUSEN.T1.800kVA,YM.YUSEN.T1.800kVA,2026-05,31,43650,592.326,52.3577,644.683
YM.YUSEN.T1.800kVA,YM.YUSEN.T1.800kVA,2026-06,30,19050,562.868,12.0772,574.945
YM.YUSEN.T1.800kVA,YM.YUSEN.T1.800kVA,2026-07,11,4941,207.904,2.04945,209.953
