CODE,LINE_NAME,DATE,OUTPUT_KWH,LOSS_NOLOAD_KWH,LOSS_LOAD_KWH,LOSS_KWH,LOSS_PCT,MAX_LOAD_PCT,AVG_LOAD_PCT,N_INTERVALS,OUTPUT_SRC
03.TMD.3000kVA,03.TMD.3000kVA ( 0.2kV ),2026-07-02,2603.8,1.09,0.00197849,1.09198,0.0419203,1.41203,1.41203,1,index
YM.NCC.250kVA,YM.NCC.250kVA,2026-07-02,567,4.03,0.427612,4.45761,0.780042,16.64,9.79941,26,index
03.AQ.T1.2500kVA,03.AQ.T1.2500kVA,2026-07-03,42,99,0.000421273,99.0004,70.2129,0.153675,0.105384,44,index
03.ECOLAND.T1.400KVA,03.ECOLAND.T1.400KVA,2026-07-03,320,6.204,0.170509,6.37451,1.95313,6.92031,3.45831,44,index
03.ECOLAND.T2.250kVA,03.ECOLAND.T2.250kVA,2026-07-03,819.6,7.99205,1.30903,9.30108,1.1221,23.5031,13.6191,44,index
03.ECOLAND.T4.1250kVA,03.ECOLAND.T4.1250kVA,2026-07-03,222,26.598,0.0213768,26.6194,10.7069,1.76102,0.903976,44,index
03.ECOLAND.T5.1500kVA,03.ECOLAND.T5.1500kVA,2026-07-03,54.4,27.148,0.000779128,27.1488,33.2915,0.384592,0.128188,44,index
03.GHN.T1.2000kVA,03.GHN.T1.2000kVA,2026-07-03,13785,40.7,29.8345,70.5345,0.509071,36.8184,28.2528,44,index
03.IP.T1.560kVA,03.IP.T1.560kVA,2026-07-03,1860.8,11.8835,2.53119,14.4147,0.768696,26.8997,14.2032,44,index
03.JPVN.T1.800kVA,03.JPVN.T1.800kVA,2026-07-03,2271,17.71,3.9366,21.6466,0.944175,26.3922,13.0886,44,index
03.LOGOS.T1.1000kVA,03.LOGOS.T1.1000kVA,2026-07-03,60.8,19.5074,0.00109315,19.5085,24.2919,0.232964,0.232964,44,index
03.LOGOS.T2.2500kVA,03.LOGOS.T2.2500kVA,2026-07-03,655,37.3186,0.0747455,37.3933,5.40059,2.42405,1.15471,44,index
03.LOGOS.T3.1600kVA,03.LOGOS.T3.1600kVA,2026-07-03,518.4,26.29,0.116564,26.4066,4.84696,8.45468,1.38044,44,index
03.NHUABINHTHUAN.2000kVA,03.NHUABINHTHUAN.2000kVA,2026-07-03,170,40.7,0.00823399,40.7082,19.3197,0.955249,0.394889,44,index
03.SENDAI.T1.1000kVA,03.SENDAI.T1.1000kVA,2026-07-03,4624,20.337,8.09795,28.435,0.611185,25.3964,20.3224,44,index
03.SHINERAY.1000kVA,03.SHINERAY.1000kVA,2026-07-03,1017.6,20.35,0.85313,21.2031,2.04111,21.7736,4.91523,44,index
03.TAMAGAWA.T1.750kVA,03.TAMAGAWA.T1.750kVA,2026-07-03,2417.6,19.7261,4.23706,23.9631,0.981467,34.1208,14.698,44,index
03.TMD.3000kVA,03.TMD.3000kVA ( 0.2kV ),2026-07-03,2604,52.32,6.76147,59.0815,2.21854,12.902,11.6043,53,index
PĐ.AMP.T1.1000kVA,PĐ.AMP.T1.1000kVA,2026-07-03,1754.4,19.69,1.98123,21.6712,1.22018,17.3299,8.08236,44,index
PĐ.BQL.T1.75kVA,PĐ.BQL.T1.75kVA,2026-07-03,126.3,3.388,0.165959,3.55396,2.73689,16.4704,6.91137,44,index
TH.ACCELOTECH.T1.800kVA,TH.ACCELOTECH.T1.800kVA,2026-07-03,4228.8,18.2738,9.24249,27.5163,0.646482,39.9667,22.967,44,index
TH.ASAHI.T1.2500kVA,TH.ASAHI.T1.2500kVA,2026-07-03,17544,41.7802,27.8181,69.5983,0.39514,36.5276,30.4556,44,index
TH.BAIYANG.T1.2500kVA,TH.BAIYANG.T1.2500kVA,2026-07-03,1056,38.9315,0.125507,39.0571,3.56667,4.30832,1.91632,41,index
TH.BEBRIGHT.T1.2500kVA,TH.BEBRIGHT.T1.2500kVA,2026-07-03,1794,40.8307,0.771955,41.6026,2.26643,7.92625,3.27985,43,index
TH.BQL.PCCC2.750kVA,TH.BQL.PCCC2.750kVA,2026-07-03,32,16.104,0.00702894,16.111,33.4872,4.05975,0.239928,44,index
TH.BQL.T1.180kVA,TH.BQL.T1.180kVA,2026-07-03,294,6.27,0.24923,6.51923,2.16932,12.8334,7.09794,44,index
TH.BQL.T2.160kVA,TH.BQL.T2.160kVA,2026-07-03,452,5.896,0.818911,6.71491,1.46385,30.4845,12.7839,48,index
TH.FANTASY.T1.3150kVA,TH.FANTASY.T1.3150kVA,2026-07-03,36015,84.1588,124.745,208.903,0.5767,74.7826,50.7274,44,index
TH.FANTASY.T2.3150kVA,TH.FANTASY.T2.3150kVA,2026-07-03,3073,84.095,0.94837,85.0434,2.69291,7.70602,4.26923,44,index
TH.HONGXI.T1.800kVA,TH.HONGXI.T1.800kVA,2026-07-03,96,18.26,0.0174192,18.2774,15.9939,1.22066,1.07523,44,index
TH.HUM&C.T1.750kVA,TH.HUM&C.T1.750kVA,2026-07-03,3948.8,17.336,7.21899,24.555,0.617991,28.4268,22.2783,44,index
TH.SINHER.T1.1600kVA,TH.SINHER.T1.1600kVA,2026-07-03,816,25.388,0.236392,25.6244,3.04464,5.43323,2.25874,44,index
TH.XULI.T1.1000kVA,TH.XULI.T1.1000kVA,2026-07-03,7807.2,21.164,40.7987,61.9627,0.787411,93.3755,38.608,44,index
TTI.BQL.T1.630kVA XLNT,TTI.BQL.T1.630kVA  XLNT,2026-07-03,13,17.16,0.000143648,17.1601,56.8968,0.238624,0.0790163,44,index
TTI.BQL.T2.630kVA CCNS,TTI.BQL.T2.630kVA CCNS,2026-07-03,603,17.186,0.262707,17.4487,2.81227,11.2685,3.98919,44,index
TTI.BQL.T3.400kVA,TTI.BQL.T3.400kVA  CS+BQL,2026-07-03,442,9.13,0.224837,9.35484,2.07261,8.87812,4.97811,44,index
TTI.BQL.T4.250kVA,TTI.BQL.T4.250kVA,2026-07-03,46.2,7.986,0.0121335,7.99813,14.7572,3.15725,0.870454,44,index
TTI.JOHNSON 2.T1.3000kVA,TTI.JOHNSON 2.T1.3000kVA,2026-07-03,2248,87.164,0.495103,87.6591,3.75308,5.22694,3.19148,44,index
TTI.JOHNSON.T1.3000kVA,TTI.JOHNSON.T1.3000kVA,2026-07-03,23896,87.758,56.139,143.897,0.598576,44.381,35.3265,44,index
TTI.JOHNSON.T2.2000kVA,TTI.JOHNSON.T2.2000kVA,2026-07-03,3672,67.034,1.95925,68.9933,1.84425,11.8637,7.74049,44,index
YM.DAECHANG.T1.560kVA,YM.DAECHANG.T1.560kVA,2026-07-03,675,7.084,0.663137,7.74714,1.1347,20.6349,5.32061,44,index
YM.ECOPIONEER.1250 kVA,YM.ECOPIONEER.1250kVA,2026-07-03,219,26.136,0.0153836,26.1514,10.6674,1.80782,0.704689,44,index
YM.FOT.T1.2000kVA,YM.FOT.T1.2000kVA,2026-07-03,5748,52.734,5.81501,58.549,1.00833,18.85,11.9612,44,index
YM.FUMAO.800kVA,YM.FUMAO.800kVA,2026-07-03,4902,17.5626,32.1765,49.7391,1.00448,112.13,32.2391,44,index
YM.JILI.T1.630kVA,YM.JILI.T1.630kVA,2026-07-03,4064.16,16.4415,20.1251,36.5666,0.891711,72.5457,30.9963,44,index
YM.KIMTIN.3000KVA,YM.KIMTIN.3000KVA.ECHO,2026-07-03,4276,23.54,2.09761,25.6376,0.595996,16.7787,7.09738,47,index
YM.KIMTIN2.T1.1250kVA,YM.KIMTIN2.T1.1250kVA,2026-07-03,2001,47.74,2.55174,50.2917,2.45171,13.1282,6.58976,44,index
YM.LIHUA.T1.560kVA,YM.LIHUA.T1.560kVA,2026-07-03,6409.6,15.3393,38.5044,53.8436,0.833049,80.3548,54.1468,44,index
YM.LIHUA.T2.560kVA,YM.LIHUA.T2.560kVA,2026-07-03,5742.4,14.674,29.2205,43.8945,0.758595,69.5723,48.3049,44,index
YM.MINHQUANG.T1.1500kVA,YM.MINHQUANG.T1.1500kVA,2026-07-03,4940,28.71,6.39388,35.1039,0.705591,21.7054,14.0082,44,index
YM.NCC.250kVA,YM.NCC.250kVA,2026-07-03,303.738,4.743,0.365133,5.10813,1.65394,15.0489,7.98331,31,pxdt
YM.NHUADUCANH.T1.2000kVA,YM.NHUADUCANH.T1.2000kVA,2026-07-03,212,52.734,0.0117884,52.7458,19.9232,1.50213,0.441747,44,index
YM.OSAKA.160kVA,YM.OSAKA.160kVA,2026-07-03,264,13.651,0.760626,14.4116,5.17637,20.5659,7.61585,44,index
YM.PACIFIC.T1.1000kVA,YM.PACIFIC.T1.1000kVA,2026-07-03,11647.2,20.4732,46.9735,67.4467,0.575747,60.1137,49.5712,44,index
YM.SOL.T1.400kVA,YM.SOL.T1.400kVA,2026-07-03,1261.6,9.31216,1.63031,10.9425,0.85989,20.7634,13.5443,44,index
YM.SONMIENBAC.T1.1250kVA,YM.SONMIENBAC.T1.1250kVA,2026-07-03,117,23.5757,0.00539583,23.5811,16.774,0.949442,0.437302,44,index
YM.TITAN.NX1.400kVA,YM.TITAN.NX1.400kVA.SML,2026-07-03,2227.2,8.8,8.5728,17.3728,0.773991,56.0694,24.9762,44,index
YM.TITAN.NX2.400kVA,YM.TITAN.NX2.400kVA.ESSENCE,2026-07-03,158.4,8.83036,0.0463985,8.87676,5.30663,5.56863,1.77335,44,index
YM.TITAN.NX3.400kVA,YM.TITAN.NX3.400kVA.EVERJOY,2026-07-03,14.4,8.844,0.000168178,8.84417,38.049,0.161555,0.142879,44,index
YM.TITAN.NX4.400kVA,YM.TITAN.NX4.400kVA.JOINT,2026-07-03,19.2,9.22838,0.000855729,9.22923,32.4639,1.17154,0.217861,45,index
YM.TITAN.NX5.400KVA,YM.TITAN.NX5.400KVA.JEN YAW,2026-07-03,558.4,9.042,0.677051,9.71905,1.71074,18.8993,6.55668,44,index
YM.TITAN.NX6.400kVA,YM.TITAN.NX6.400kVA.FUMAO,2026-07-03,1182.4,9.1125,2.65974,11.7722,0.985807,33.5162,13.5388,45,index
YM.TITAN.NX7.630kVA,YM.TITAN.NX7.630kVA,2026-07-03,1286.4,17.204,1.53054,18.7345,1.43545,19.0474,9.27511,44,index
YM.TITAN.NX8.750kVA,YM.TITAN.NX8.750kVA Hồng Nguyên,2026-07-03,2040,18.492,2.5129,21.0049,1.01916,20.0857,11.9755,46,index
YM.TITAN.NX9.750kVA,YM.TITAN.NX9.750kVA,2026-07-03,1350,17.688,1.95231,19.6403,1.43398,22.6712,8.6185,44,index
YM.VINSON.T1.400kVA,YM.VINSON.T1.400kVA,2026-07-03,3070.4,9.79,10.2487,20.0387,0.648408,41.4424,33.0439,44,index
YM.YUSEN.T1.800kVA,YM.YUSEN.T1.800kVA,2026-07-03,435,17.5626,0.159404,17.722,3.91454,9.63779,2.72302,44,index
03.AQ.T1.2500kVA,03.AQ.T1.2500kVA,2026-07-04,108,56.25,0.00483556,56.2548,34.2485,2.112,0.246966,25,index
03.ECOLAND.T1.400KVA,03.ECOLAND.T1.400KVA,2026-07-04,330,6.768,0.199271,6.96727,2.06764,7.34102,3.52935,48,index
03.ECOLAND.T2.250kVA,03.ECOLAND.T2.250kVA,2026-07-04,777,8.712,1.27542,9.98742,1.26907,23.0282,12.7958,48,index
03.ECOLAND.T4.1250kVA,03.ECOLAND.T4.1250kVA,2026-07-04,189,29.016,0.0164854,29.0325,13.3157,1.2136,0.778166,48,index
03.ECOLAND.T5.1500kVA,03.ECOLAND.T5.1500kVA,2026-07-04,51.2,29.616,0.00113717,29.6171,36.6471,0.428795,0.132783,48,index
03.GHN.T1.2000kVA,03.GHN.T1.2000kVA,2026-07-04,13510,44.3692,32.3581,76.7273,0.564722,36.7895,28.1404,48,index
03.IP.T1.560kVA,03.IP.T1.560kVA,2026-07-04,1657.6,12.9638,2.13031,15.0941,0.902385,24.8148,12.689,48,index
03.JPVN.T1.800kVA,03.JPVN.T1.800kVA,2026-07-04,2157,19.32,3.55057,22.8706,1.04917,25.3953,11.4358,48,index
03.LOGOS.T1.1000kVA,03.LOGOS.T1.1000kVA,2026-07-04,60.8,21.2808,0.00119933,21.282,25.9277,0.263879,0.233608,48,index
03.LOGOS.T2.2500kVA,03.LOGOS.T2.2500kVA,2026-07-04,670,40.7112,0.0723772,40.7836,5.73783,2.20735,1.11261,48,index
03.LOGOS.T3.1600kVA,03.LOGOS.T3.1600kVA,2026-07-04,384,28.68,0.0447165,28.7247,6.95978,2.13588,1.03334,48,index
03.NHUABINHTHUAN.2000kVA,03.NHUABINHTHUAN.2000kVA,2026-07-04,150,44.4,0.00582789,44.4058,22.8418,0.825,0.314182,48,index
03.SENDAI.T1.1000kVA,03.SENDAI.T1.1000kVA,2026-07-04,4418,22.1858,7.93386,30.1197,0.677133,24.4477,19.2695,48,index
03.SHINERAY.1000kVA,03.SHINERAY.1000kVA,2026-07-04,1072.8,22.2,0.959645,23.1596,2.11318,15.6601,4.72554,48,index
03.TAMAGAWA.T1.750kVA,03.TAMAGAWA.T1.750kVA,2026-07-04,1488,21.567,1.44859,23.0156,1.52318,11.7733,8.97861,48,index
03.TMD.3000kVA,03.TMD.3000kVA ( 0.2kV ),2026-07-04,2504.8,52.32,7.55733,59.8773,2.33469,13.1984,12.5955,53,index
PĐ.AMP.T1.1000kVA,PĐ.AMP.T1.1000kVA,2026-07-04,1744.8,21.48,2.09138,23.5714,1.33294,18.5134,7.40344,48,index
PĐ.BQL.T1.75kVA,PĐ.BQL.T1.75kVA,2026-07-04,130.8,3.696,0.193834,3.88983,2.88799,17.8217,7.6676,48,index
TH.ACCELOTECH.T1.800kVA,TH.ACCELOTECH.T1.800kVA,2026-07-04,4555.2,19.92,11.5028,31.4228,0.685097,59.068,23.9583,48,index
TH.ASAHI.T1.2500kVA,TH.ASAHI.T1.2500kVA,2026-07-04,17604,45.5467,29.4456,74.9924,0.424189,35.2527,29.9374,48,index
TH.BAIYANG.T1.2500kVA,TH.BAIYANG.T1.2500kVA,2026-07-04,864,45.5784,0.0860627,45.6645,5.01992,3.24391,1.47707,48,index
TH.BAIYANG.T2.2500kVA,TH.BAIYANG.T2.2500kVA,2026-07-04,127.88,6.77346,0.0250563,6.79851,5.04796,5.53157,1.50392,8,pxdt
TH.BEBRIGHT.T1.2500kVA,TH.BEBRIGHT.T1.2500kVA,2026-07-04,1446,45.5784,0.679949,46.2583,3.09989,9.90782,2.57124,48,index
TH.BQL.PCCC2.750kVA,TH.BQL.PCCC2.750kVA,2026-07-04,28,17.568,0.000678374,17.5687,38.5543,0.42374,0.149592,48,index
TH.BQL.T1.180kVA,TH.BQL.T1.180kVA,2026-07-04,214.8,6.84,0.185083,7.02508,3.16695,12.6879,5.07049,48,index
TH.BQL.T2.160kVA,TH.BQL.T2.160kVA,2026-07-04,422.4,6.432,0.753043,7.18504,1.67255,39.6005,10.8657,53,index
TH.FANTASY.T1.3150kVA,TH.FANTASY.T1.3150kVA,2026-07-04,31661,91.8096,106.185,197.995,0.621473,73.6735,43.7058,48,index
TH.FANTASY.T2.3150kVA,TH.FANTASY.T2.3150kVA,2026-07-04,2828,91.8096,0.799803,92.6094,3.17089,7.10236,3.71415,48,index
TH.HONGXI.T1.800kVA,TH.HONGXI.T1.800kVA,2026-07-04,102.4,19.92,0.0197842,19.9398,16.2987,1.32966,1.09458,48,index
TH.HUM&C.T1.750kVA,TH.HUM&C.T1.750kVA,2026-07-04,3720,18.912,7.38696,26.299,0.701998,27.5049,21.1477,48,index
TH.SINHER.T1.1600kVA,TH.SINHER.T1.1600kVA,2026-07-04,776,27.696,0.217902,27.9139,3.47225,4.76288,2.03933,48,index
TH.XULI.T1.1000kVA,TH.XULI.T1.1000kVA,2026-07-04,4766.4,23.088,13.9311,37.0191,0.770682,59.8842,20.8442,48,index
TTI.BQL.T1.630kVA XLNT,TTI.BQL.T1.630kVA  XLNT,2026-07-04,15,18.72,0.000185213,18.7202,55.5163,0.174603,0.093692,48,index
TTI.BQL.T2.630kVA CCNS,TTI.BQL.T2.630kVA CCNS,2026-07-04,639,18.72,0.444609,19.1646,2.91183,20.3986,4.54632,48,index
TTI.BQL.T3.400kVA,TTI.BQL.T3.400kVA  CS+BQL,2026-07-04,411.6,9.96,0.181651,10.1417,2.40471,6.66647,4.4219,51,index
TTI.BQL.T4.250kVA,TTI.BQL.T4.250kVA,2026-07-04,46.8,8.712,0.0133105,8.72531,15.7141,3.15725,0.91436,48,index
TTI.JOHNSON 2.T1.3000kVA,TTI.JOHNSON 2.T1.3000kVA,2026-07-04,2232,95.088,0.583209,95.6712,4.11017,5.4934,3.2701,48,index
TTI.JOHNSON.T1.3000kVA,TTI.JOHNSON.T1.3000kVA,2026-07-04,22816,95.8025,55.7761,151.579,0.659967,42.8735,33.5942,48,index
TTI.JOHNSON.T2.2000kVA,TTI.JOHNSON.T2.2000kVA,2026-07-04,4074,73.128,2.54971,75.6777,1.8237,12.7223,8.40795,48,index
TTI.TITAN.MVSG.1250kVA,TTI.TITAN.MVSG.1250kVA,2026-07-04,0,39.8825,1.00352e-06,39.8825,100,0.032,0.00206452,31,index
YM.DAECHANG.T1.560kVA,YM.DAECHANG.T1.560kVA,2026-07-04,700,7.728,0.988606,8.71661,1.22991,29.3491,5.42057,48,index
YM.ECOPIONEER.1250 kVA,YM.ECOPIONEER.1250kVA,2026-07-04,183,28.512,0.0111649,28.5232,13.4847,1.16097,0.583761,48,index
YM.FOT.T1.2000kVA,YM.FOT.T1.2000kVA,2026-07-04,5316,57.528,5.59008,63.1181,1.17339,17.7695,11.3015,48,index
YM.FUMAO.800kVA,YM.FUMAO.800kVA,2026-07-04,1452,19.1592,5.88762,25.0468,1.69574,68.1278,7.54268,48,index
YM.JILI.T1.630kVA,YM.JILI.T1.630kVA,2026-07-04,3684.64,17.9362,18.8149,36.751,0.987562,75.5085,26.7019,48,index
YM.KIMTIN.3000KVA,YM.KIMTIN.3000KVA.ECHO,2026-07-04,6204,25.68,3.4437,29.1237,0.467241,21.8126,8.93679,50,index
YM.KIMTIN2.T1.1250kVA,YM.KIMTIN2.T1.1250kVA,2026-07-04,1020,52.08,0.849227,52.9292,4.93315,6.20445,3.44824,48,index
YM.LIHUA.T1.560kVA,YM.LIHUA.T1.560kVA,2026-07-04,6238.56,16.7338,38.2747,55.0084,0.874042,81.8983,50.8045,48,index
YM.LIHUA.T2.560kVA,YM.LIHUA.T2.560kVA,2026-07-04,5622.4,16.008,29.0359,45.0439,0.794784,67.7796,46.0726,48,index
YM.MINHQUANG.T1.1500kVA,YM.MINHQUANG.T1.1500kVA,2026-07-04,4748,31.32,6.78321,38.1032,0.796122,20.9113,13.477,48,index
YM.NCC.250kVA,YM.NCC.250kVA,2026-07-04,298.2,5.0375,0.294444,5.33194,1.75663,12.7596,7.33013,33,index
YM.NHUADUCANH.T1.2000kVA,YM.NHUADUCANH.T1.2000kVA,2026-07-04,224,57.528,0.0125773,57.5406,20.4378,1.62,0.422301,48,index
YM.OSAKA.160kVA,YM.OSAKA.160kVA,2026-07-04,0,14.892,0,14.892,100,0,0,48,index
YM.PACIFIC.T1.1000kVA,YM.PACIFIC.T1.1000kVA,2026-07-04,11788.8,22.3344,53.5857,75.9201,0.639881,57.242,51.1331,48,index
YM.SOL.T1.400kVA,YM.SOL.T1.400kVA,2026-07-04,1005.6,10.1587,1.09852,11.2572,1.10706,18.908,10.6799,48,index
YM.SONMIENBAC.T1.1250kVA,YM.SONMIENBAC.T1.1250kVA,2026-07-04,120,25.68,0.00531223,25.6853,17.6307,1.03312,0.420633,48,index
YM.TITAN.NX1.400kVA,YM.TITAN.NX1.400kVA.SML,2026-07-04,2193.6,9.6,7.79802,17.398,0.786885,53.053,22.4471,48,index
YM.TITAN.NX2.400kVA,YM.TITAN.NX2.400kVA.ESSENCE,2026-07-04,204.8,9.63312,0.106853,9.73997,4.53993,8.96009,2.38023,48,index
YM.TITAN.NX3.400kVA,YM.TITAN.NX3.400kVA.EVERJOY,2026-07-04,14.4,9.648,0.000192084,9.64819,40.1202,0.161555,0.146148,48,index
YM.TITAN.NX4.400kVA,YM.TITAN.NX4.400kVA.JOINT,2026-07-04,27.6,9.8436,0.00149087,9.84509,26.2921,0.9005,0.295752,48,index
YM.TITAN.NX5.400KVA,YM.TITAN.NX5.400KVA.JEN YAW,2026-07-04,499.2,9.864,0.728859,10.5929,2.07788,24.5273,5.78705,48,index
YM.TITAN.NX6.400kVA,YM.TITAN.NX6.400kVA.FUMAO,2026-07-04,648,9.72,0.947974,10.668,1.61963,29.7674,6.62783,48,index
YM.TITAN.NX7.630kVA,YM.TITAN.NX7.630kVA,2026-07-04,524.8,18.768,0.180052,18.9481,3.48471,5.81499,3.5477,48,index
YM.TITAN.NX8.750kVA,YM.TITAN.NX8.750kVA Hồng Nguyên,2026-07-04,2046,19.296,2.45421,21.7502,1.05188,21.4705,11.3506,48,index
YM.TITAN.NX9.750kVA,YM.TITAN.NX9.750kVA,2026-07-04,914,19.296,0.820432,20.1164,2.15353,16.1654,5.33193,48,index
YM.VINSON.T1.400kVA,YM.VINSON.T1.400kVA,2026-07-04,2859.2,10.68,10.0965,20.7765,0.721414,41.6191,31.376,48,index
YM.YUSEN.T1.800kVA,YM.YUSEN.T1.800kVA,2026-07-04,351,19.1592,0.123966,19.2832,5.20768,4.72262,2.48573,48,index
03.AQ.T1.2500kVA,03.AQ.T1.2500kVA,2026-07-05,42,108,0.000569005,108.001,72.0001,0.169706,0.116725,48,index
03.ECOLAND.T1.400KVA,03.ECOLAND.T1.400KVA,2026-07-05,355,6.768,0.211921,6.97992,1.92826,8.27557,3.6668,48,index
03.ECOLAND.T2.250kVA,03.ECOLAND.T2.250kVA,2026-07-05,813.6,8.6999,1.41028,10.1102,1.2274,23.7048,13.6744,48,index
03.ECOLAND.T4.1250kVA,03.ECOLAND.T4.1250kVA,2026-07-05,156,29.016,0.0144719,29.0305,15.6896,2.34415,0.706647,48,index
03.ECOLAND.T5.1500kVA,03.ECOLAND.T5.1500kVA,2026-07-05,105.6,29.616,0.00289519,29.6189,21.9044,0.512444,0.290491,48,index
03.GHN.T1.2000kVA,03.GHN.T1.2000kVA,2026-07-05,13825,44.4,33.8738,78.2738,0.562988,36.8414,28.8376,48,index
03.IP.T1.560kVA,03.IP.T1.560kVA,2026-07-05,617.6,12.9638,0.332107,13.2959,2.10747,14.3217,4.71156,48,index
03.JPVN.T1.800kVA,03.JPVN.T1.800kVA,2026-07-05,1164,19.32,1.08308,20.4031,1.72265,16.9356,6.13705,48,index
03.LOGOS.T1.1000kVA,03.LOGOS.T1.1000kVA,2026-07-05,57.6,21.2808,0.00119253,21.282,26.9795,0.232964,0.232964,48,index
03.LOGOS.T2.2500kVA,03.LOGOS.T2.2500kVA,2026-07-05,680,40.6547,0.0864027,40.7411,5.65266,2.69072,1.13691,48,index
03.LOGOS.T3.1600kVA,03.LOGOS.T3.1600kVA,2026-07-05,310.4,28.68,0.0253082,28.7053,8.46501,1.45134,0.823416,48,index
03.NHUABINHTHUAN.2000kVA,03.NHUABINHTHUAN.2000kVA,2026-07-05,175,44.3692,0.0062549,44.3754,20.2281,0.726722,0.333222,48,index
03.SENDAI.T1.1000kVA,03.SENDAI.T1.1000kVA,2026-07-05,1088,22.1858,1.50045,23.6863,2.13066,20.2868,4.86734,48,index
03.SHINERAY.1000kVA,03.SHINERAY.1000kVA,2026-07-05,511.2,22.2,0.203653,22.4037,4.19856,13.6761,2.31295,48,index
03.TAMAGAWA.T1.750kVA,03.TAMAGAWA.T1.750kVA,2026-07-05,1574.4,21.537,1.70522,23.2422,1.45478,14.5385,9.71393,48,index
03.TMD.3000kVA,03.TMD.3000kVA ( 0.2kV ),2026-07-05,957.2,2.18,0.00475587,2.18476,0.227725,1.55865,1.54799,2,index
PĐ.AMP.T1.1000kVA,PĐ.AMP.T1.1000kVA,2026-07-05,612,21.48,0.285814,21.7658,3.43436,7.69472,2.79107,48,index
PĐ.BQL.T1.75kVA,PĐ.BQL.T1.75kVA,2026-07-05,102.6,3.696,0.140238,3.83624,3.60426,16.5394,5.85596,48,index
TH.ACCELOTECH.T1.800kVA,TH.ACCELOTECH.T1.800kVA,2026-07-05,1254.4,19.92,1.14203,21.062,1.65133,16.0012,6.96041,48,index
TH.ASAHI.T1.2500kVA,TH.ASAHI.T1.2500kVA,2026-07-05,13662,45.5151,18.066,63.5811,0.463231,28.6285,23.5169,48,index
TH.BAIYANG.T1.2500kVA,TH.BAIYANG.T1.2500kVA,2026-07-05,930,43.7743,0.0932819,43.8675,4.50447,3.78805,1.60058,47,index
TH.BEBRIGHT.T1.2500kVA,TH.BEBRIGHT.T1.2500kVA,2026-07-05,228,45.5784,0.0069762,45.5854,16.6622,0.607157,0.353539,48,index
TH.BQL.PCCC2.750kVA,TH.BQL.PCCC2.750kVA,2026-07-05,27,17.568,0.000710576,17.5687,39.4194,0.439798,0.152434,48,index
TH.BQL.T1.180kVA,TH.BQL.T1.180kVA,2026-07-05,198.6,6.84,0.170361,7.01036,3.40954,12.7021,4.58665,48,index
TH.BQL.T2.160kVA,TH.BQL.T2.160kVA,2026-07-05,410,6.43647,0.706253,7.14272,1.7123,27.2687,10.8654,55,index
TH.FANTASY.T1.3150kVA,TH.FANTASY.T1.3150kVA,2026-07-05,7028,91.8096,6.93626,98.7459,1.38557,25.5224,9.70431,48,index
TH.FANTASY.T2.3150kVA,TH.FANTASY.T2.3150kVA,2026-07-05,1274,91.8096,0.128015,91.9376,6.73073,3.00666,1.53932,48,index
TH.HONGXI.T1.800kVA,TH.HONGXI.T1.800kVA,2026-07-05,102.4,19.92,0.0192848,19.9393,16.2983,1.32966,1.08199,48,index
TH.HUM&C.T1.750kVA,TH.HUM&C.T1.750kVA,2026-07-05,206.4,18.912,0.0298996,18.9419,8.40585,3.32807,1.26041,48,index
TH.SINHER.T1.1600kVA,TH.SINHER.T1.1600kVA,2026-07-05,292,27.696,0.0224965,27.7185,8.66966,2.62607,0.771465,48,index
TH.XULI.T1.1000kVA,TH.XULI.T1.1000kVA,2026-07-05,864,23.088,0.425294,23.5133,2.64935,8.50227,4.47178,48,index
TTI.BQL.T1.630kVA XLNT,TTI.BQL.T1.630kVA  XLNT,2026-07-05,16,18.72,0.000194174,18.7202,53.9173,0.191136,0.0945905,48,index
TTI.BQL.T2.630kVA CCNS,TTI.BQL.T2.630kVA CCNS,2026-07-05,667,18.72,0.353511,19.0735,2.7801,9.56062,4.35033,48,index
TTI.BQL.T3.400kVA,TTI.BQL.T3.400kVA  CS+BQL,2026-07-05,336,9.96,0.138885,10.0989,2.91792,7.92124,3.67177,53,index
TTI.BQL.T4.250kVA,TTI.BQL.T4.250kVA,2026-07-05,47.4,8.712,0.0133686,8.72537,15.5462,3.19561,0.910375,48,index
TTI.JOHNSON 2.T1.3000kVA,TTI.JOHNSON 2.T1.3000kVA,2026-07-05,1768,95.088,0.296721,95.3847,5.1189,2.85645,2.46824,48,index
TTI.JOHNSON.T1.3000kVA,TTI.JOHNSON.T1.3000kVA,2026-07-05,15248,95.736,26.8329,122.569,0.797426,36.2731,22.3423,48,index
TTI.JOHNSON.T2.2000kVA,TTI.JOHNSON.T2.2000kVA,2026-07-05,5010,73.128,3.99039,77.1184,1.51595,16.4702,10.2926,48,index
TTI.TITAN.MVSG.1250kVA,TTI.TITAN.MVSG.1250kVA,2026-07-05,4,63.6,6.52288e-06,63.6,94.0828,0.064,0.00466667,48,index
YM.DAECHANG.T1.560kVA,YM.DAECHANG.T1.560kVA,2026-07-05,20,7.728,0.000241329,7.72824,27.8714,0.217242,0.137176,48,index
YM.ECOPIONEER.1250 kVA,YM.ECOPIONEER.1250kVA,2026-07-05,276,28.512,0.0349301,28.5469,9.37357,2.67091,0.922528,48,index
YM.FOT.T1.2000kVA,YM.FOT.T1.2000kVA,2026-07-05,1764,57.528,1.08242,58.6104,3.21574,9.55828,3.83174,48,index
YM.FUMAO.800kVA,YM.FUMAO.800kVA,2026-07-05,32,19.1592,0.000561655,19.1598,37.4508,0.474342,0.17915,48,index
YM.JILI.T1.630kVA,YM.JILI.T1.630kVA,2026-07-05,555.36,17.9362,0.175217,18.1114,3.1582,5.09008,3.67301,48,index
YM.KIMTIN.3000KVA,YM.KIMTIN.3000KVA.ECHO,2026-07-05,5720,25.6978,2.41052,28.1084,0.489002,15.756,7.74788,53,index
YM.KIMTIN2.T1.1250kVA,YM.KIMTIN2.T1.1250kVA,2026-07-05,426,52.08,0.147839,52.2278,10.9211,2.8385,1.4516,48,index
YM.LIHUA.T1.560kVA,YM.LIHUA.T1.560kVA,2026-07-05,2673.44,16.7338,7.96185,24.6956,0.915284,37.2214,22.1285,48,index
YM.LIHUA.T2.560kVA,YM.LIHUA.T2.560kVA,2026-07-05,1483.2,16.008,3.85987,19.8679,1.32182,44.0995,11.9203,48,index
YM.MINHQUANG.T1.1500kVA,YM.MINHQUANG.T1.1500kVA,2026-07-05,2132,31.32,1.80992,33.1299,1.53016,15.8717,5.92943,48,index
YM.NCC.250kVA,YM.NCC.250kVA,2026-07-05,432,7.44,0.392471,7.83247,1.78079,12.8312,7.2054,48,index
YM.NHUADUCANH.T1.2000kVA,YM.NHUADUCANH.T1.2000kVA,2026-07-05,244,57.528,0.0229923,57.551,19.085,1.9601,0.541388,48,index
YM.OSAKA.160kVA,YM.OSAKA.160kVA,2026-07-05,1,14.892,0,14.892,93.7075,0,0,48,index
YM.PACIFIC.T1.1000kVA,YM.PACIFIC.T1.1000kVA,2026-07-05,12028.8,22.3344,55.0431,77.3775,0.639157,57.6558,51.8377,48,index
YM.SOL.T1.400kVA,YM.SOL.T1.400kVA,2026-07-05,1094.4,10.1587,1.3366,11.4953,1.03946,17.846,11.6104,48,index
YM.SONMIENBAC.T1.1250kVA,YM.SONMIENBAC.T1.1250kVA,2026-07-05,138,25.68,0.00690136,25.6869,15.6927,1.26655,0.473229,48,index
YM.TITAN.NX1.400kVA,YM.TITAN.NX1.400kVA.SML,2026-07-05,432,9.6,0.244315,9.84432,2.22801,7.82539,4.91187,48,index
YM.TITAN.NX2.400kVA,YM.TITAN.NX2.400kVA.ESSENCE,2026-07-05,68.8,9.63312,0.00533008,9.63845,12.2879,0.967471,0.757244,48,index
YM.TITAN.NX3.400kVA,YM.TITAN.NX3.400kVA.EVERJOY,2026-07-05,14.4,9.648,0.000189075,9.64819,40.1202,0.161555,0.145006,48,index
YM.TITAN.NX4.400kVA,YM.TITAN.NX4.400kVA.JOINT,2026-07-05,12,9.8436,0.000200993,9.8438,45.0645,0.15,0.15,48,index
YM.TITAN.NX5.400KVA,YM.TITAN.NX5.400KVA.JEN YAW,2026-07-05,43.2,9.864,0.0017401,9.86574,18.5915,0.644981,0.435825,48,index
YM.TITAN.NX6.400kVA,YM.TITAN.NX6.400kVA.FUMAO,2026-07-05,156.8,9.72,0.0344933,9.75449,5.85664,5.72545,1.77093,48,index
YM.TITAN.NX7.630kVA,YM.TITAN.NX7.630kVA,2026-07-05,524.8,18.768,0.175519,18.9435,3.48391,5.77754,3.4843,48,index
YM.TITAN.NX8.750kVA,YM.TITAN.NX8.750kVA Hồng Nguyên,2026-07-05,344,16.6964,0.171773,16.8682,4.67433,8.49299,2.29687,43,index
YM.TITAN.NX9.750kVA,YM.TITAN.NX9.750kVA,2026-07-05,352,19.296,0.0592498,19.3552,5.21206,2.80203,1.90035,48,index
YM.VINSON.T1.400kVA,YM.VINSON.T1.400kVA,2026-07-05,2652,10.68,8.80397,19.484,0.729331,39.9915,29.0858,48,index
YM.YUSEN.T1.800kVA,YM.YUSEN.T1.800kVA,2026-07-05,471,19.1326,0.203853,19.3364,3.94351,7.7065,2.99783,48,index
03.AQ.T1.2500kVA,03.AQ.T1.2500kVA,2026-07-06,54,107.55,0.000685665,107.551,66.574,0.187446,0.126576,48,index
03.ECOLAND.T1.400KVA,03.ECOLAND.T1.400KVA,2026-07-06,400,6.345,0.251999,6.597,1.62249,7.20195,4.21321,45,index
03.ECOLAND.T2.250kVA,03.ECOLAND.T2.250kVA,2026-07-06,853.2,8.1675,1.45353,9.62103,1.11507,25.7208,14.0973,45,index
03.ECOLAND.T4.1250kVA,03.ECOLAND.T4.1250kVA,2026-07-06,369,27.2025,0.0646319,27.2671,6.881,3.06571,1.43059,45,index
03.ECOLAND.T5.1500kVA,03.ECOLAND.T5.1500kVA,2026-07-06,112,27.765,0.00283593,27.7678,19.8671,0.53376,0.300376,45,index
03.GHN.T1.2000kVA,03.GHN.T1.2000kVA,2026-07-06,13785,41.625,31.1082,72.7332,0.524857,37.7625,28.5128,45,index
03.IP.T1.560kVA,03.IP.T1.560kVA,2026-07-06,1840,11.6134,3.24032,14.8538,0.800805,34.0866,15.3583,43,index
03.JPVN.T1.800kVA,03.JPVN.T1.800kVA,2026-07-06,2217,18.1125,3.80052,21.913,0.978735,27.5719,12.6945,45,index
03.LOGOS.T1.1000kVA,03.LOGOS.T1.1000kVA,2026-07-06,60.8,19.9507,0.001118,19.9519,24.7076,0.232964,0.232964,45,index
03.LOGOS.T2.2500kVA,03.LOGOS.T2.2500kVA,2026-07-06,710,38.1667,0.0835811,38.2503,5.11197,2.52008,1.19053,45,index
03.LOGOS.T3.1600kVA,03.LOGOS.T3.1600kVA,2026-07-06,486.4,26.8875,0.101608,26.9891,5.25705,6.83427,1.40726,45,index
03.NHUABINHTHUAN.2000kVA,03.NHUABINHTHUAN.2000kVA,2026-07-06,185,41.5942,0.00814116,41.6023,18.3592,0.825,0.420753,45,index
03.SENDAI.T1.1000kVA,03.SENDAI.T1.1000kVA,2026-07-06,3794,20.8763,6.75735,27.6336,0.723084,24.5883,16.9778,45,index
03.SHINERAY.1000kVA,03.SHINERAY.1000kVA,2026-07-06,1029.6,20.8279,0.735931,21.5638,2.05143,10.8638,4.69471,45,index
03.TAMAGAWA.T1.750kVA,03.TAMAGAWA.T1.750kVA,2026-07-06,2592,20.205,5.40533,25.6103,0.978386,36.2007,15.7023,45,index
03.TMD.3000kVA,03.TMD.3000kVA ( 0.2kV ),2026-07-06,1867.6,52.32,7.82523,60.1452,3.11998,14.6813,12.4986,50,index
PĐ.AMP.T1.1000kVA,PĐ.AMP.T1.1000kVA,2026-07-06,1946.4,20.1375,2.49112,22.6286,1.14923,19.4256,8.68775,45,index
PĐ.BQL.T1.75kVA,PĐ.BQL.T1.75kVA,2026-07-06,121.8,3.465,0.152753,3.61775,2.88456,16.4614,6.79871,45,index
TH.ACCELOTECH.T1.800kVA,TH.ACCELOTECH.T1.800kVA,2026-07-06,3659.2,18.675,8.68715,27.3621,0.742213,41.0459,20.146,45,index
TH.ASAHI.T1.2500kVA,TH.ASAHI.T1.2500kVA,2026-07-06,17286,42.7298,28.0862,70.8159,0.408001,37.3934,29.9495,45,index
TH.BAIYANG.T1.2500kVA,TH.BAIYANG.T1.2500kVA,2026-07-06,1662,39.6279,1.08621,40.7141,2.39113,26.242,3.1773,43,index
TH.BEBRIGHT.T1.2500kVA,TH.BEBRIGHT.T1.2500kVA,2026-07-06,1566,41.7802,0.805751,42.586,2.64742,12.8998,2.94763,44,index
TH.BQL.PCCC2.750kVA,TH.BQL.PCCC2.750kVA,2026-07-06,34,16.47,0.00103283,16.471,32.6346,0.517773,0.197162,45,index
TH.BQL.T1.180kVA,TH.BQL.T1.180kVA,2026-07-06,298.2,6.4125,0.282121,6.69462,2.19572,20.634,7.04193,45,index
TH.BQL.T2.160kVA,TH.BQL.T2.160kVA,2026-07-06,497.2,6.03,1.01459,7.04459,1.39706,34.6033,14.5532,49,index
TH.FANTASY.T1.3150kVA,TH.FANTASY.T1.3150kVA,2026-07-06,28532,86.0715,103.8,189.871,0.661068,73.1006,41.3292,45,index
TH.FANTASY.T2.3150kVA,TH.FANTASY.T2.3150kVA,2026-07-06,2891,86.0715,0.946655,87.0182,2.92202,7.97583,4.15297,45,index
TH.HONGXI.T1.800kVA,TH.HONGXI.T1.800kVA,2026-07-06,97.6,18.675,0.0177109,18.6927,16.0738,1.31529,1.07073,45,index
TH.HUM&C.T1.750kVA,TH.HUM&C.T1.750kVA,2026-07-06,3268.8,17.73,6.94857,24.6786,0.749316,30.1005,19.4251,45,index
TH.SINHER.T1.1600kVA,TH.SINHER.T1.1600kVA,2026-07-06,940,25.965,0.286633,26.2516,2.71685,5.04511,2.53922,45,index
TH.XULI.T1.1000kVA,TH.XULI.T1.1000kVA,2026-07-06,6141.6,21.645,23.1012,44.7462,0.723306,70.7484,29.0719,45,index
TTI.BQL.T1.630kVA XLNT,TTI.BQL.T1.630kVA  XLNT,2026-07-06,13,17.55,0.000150541,17.5502,57.447,0.174603,0.0811287,45,index
TTI.BQL.T2.630kVA CCNS,TTI.BQL.T2.630kVA CCNS,2026-07-06,659,17.55,0.349733,17.8997,2.64437,9.53568,4.50104,45,index
TTI.BQL.T3.400kVA,TTI.BQL.T3.400kVA  CS+BQL,2026-07-06,374,9.7525,0.162495,9.915,2.5826,6.53979,4.13364,52,index
TTI.BQL.T4.250kVA,TTI.BQL.T4.250kVA,2026-07-06,46.8,8.5305,0.0133533,8.54385,15.4378,3.38613,0.906141,47,index
TTI.JOHNSON 2.T1.3000kVA,TTI.JOHNSON 2.T1.3000kVA,2026-07-06,2568,92.9749,0.683618,93.6586,3.5188,6.45779,3.65307,47,index
TTI.JOHNSON.T1.3000kVA,TTI.JOHNSON.T1.3000kVA,2026-07-06,18080,93.7415,43.2535,136.995,0.752018,41.9901,26.8954,47,index
TTI.JOHNSON.T2.2000kVA,TTI.JOHNSON.T2.2000kVA,2026-07-06,4356,71.7061,3.01432,74.7204,1.68642,16.3889,9.17711,47,index
TTI.TITAN.MVSG.1250kVA,TTI.TITAN.MVSG.1250kVA,2026-07-06,4,59.5808,0,59.5808,93.7088,0,0,45,index
YM.DAECHANG.T1.560kVA,YM.DAECHANG.T1.560kVA,2026-07-06,854,7.245,1.15062,8.39562,0.973523,25.728,7.03763,45,index
YM.ECOPIONEER.1250 kVA,YM.ECOPIONEER.1250kVA,2026-07-06,189,26.73,0.0128786,26.7429,12.3957,1.42108,0.659861,45,index
YM.FOT.T1.2000kVA,YM.FOT.T1.2000kVA,2026-07-06,4280,53.9325,4.41411,58.3466,1.3449,17.0063,9.38388,45,index
YM.FUMAO.800kVA,YM.FUMAO.800kVA,2026-07-06,4688,17.9617,33.4847,51.4464,1.08549,115.352,30.2158,45,index
YM.JILI.T1.630kVA,YM.JILI.T1.630kVA,2026-07-06,4331.2,16.8152,21.8778,38.6929,0.885443,77.7645,32.2621,45,index
YM.KIMTIN.3000KVA,YM.KIMTIN.3000KVA.ECHO,2026-07-06,7724,24.1107,5.27053,29.3812,0.378947,31.1371,11.2208,50,index
YM.KIMTIN2.T1.1250kVA,YM.KIMTIN2.T1.1250kVA,2026-07-06,609,48.825,0.334319,49.1593,7.46921,4.40902,2.16074,45,index
YM.LIHUA.T1.560kVA,YM.LIHUA.T1.560kVA,2026-07-06,4920,15.6879,30.8755,46.5634,0.937538,74.7944,41.6152,45,index
YM.LIHUA.T2.560kVA,YM.LIHUA.T2.560kVA,2026-07-06,3208,15.0075,12.8668,27.8743,0.861414,63.1891,27.0703,45,index
YM.MINHQUANG.T1.1500kVA,YM.MINHQUANG.T1.1500kVA,2026-07-06,4180,29.3625,6.2769,35.6394,0.845409,23.7491,12.492,45,index
YM.NCC.250kVA,YM.NCC.250kVA,2026-07-06,546,6.975,0.698278,7.67328,1.38589,17.6644,9.45356,45,index
YM.NHUADUCANH.T1.2000kVA,YM.NHUADUCANH.T1.2000kVA,2026-07-06,208,53.9325,0.0125814,53.9451,20.594,1.68012,0.429958,45,index
YM.OSAKA.160kVA,YM.OSAKA.160kVA,2026-07-06,238,13.9612,0.613646,14.5749,5.77052,18,6.84242,45,index
YM.PACIFIC.T1.1000kVA,YM.PACIFIC.T1.1000kVA,2026-07-06,12386.4,20.9385,55.1053,76.0438,0.610184,56.8468,53.6775,45,index
YM.PE_FOAMVH.T1.1000kVA,YM.PE_FOAMVH.T1.1000kVA,2026-07-06,0,0.4653,0,0.4653,100,0,0,1,pxdt
YM.SOL.T1.400kVA,YM.SOL.T1.400kVA,2026-07-06,1215.2,9.5238,1.5595,11.0833,0.903813,18.1389,13.108,45,index
YM.SONMIENBAC.T1.1250kVA,YM.SONMIENBAC.T1.1250kVA,2026-07-06,114,24.075,0.00431928,24.0793,17.4388,0.792,0.394297,45,index
YM.TITAN.NX1.400kVA,YM.TITAN.NX1.400kVA.SML,2026-07-06,2534.4,9,11.4861,20.4861,0.801841,60.9904,28.2824,45,index
YM.TITAN.NX2.400kVA,YM.TITAN.NX2.400kVA.ESSENCE,2026-07-06,171.2,9.03105,0.059819,9.09087,5.04233,10.8824,1.90816,45,index
YM.TITAN.NX3.400kVA,YM.TITAN.NX3.400kVA.EVERJOY,2026-07-06,14.4,9.045,0.000174531,9.04517,38.5801,0.161555,0.143903,45,index
YM.TITAN.NX4.400kVA,YM.TITAN.NX4.400kVA.JOINT,2026-07-06,13.2,9.41294,0.000188683,9.41313,41.6268,0.15,0.148518,46,index
YM.TITAN.NX5.400KVA,YM.TITAN.NX5.400KVA.JEN YAW,2026-07-06,737.6,9.2475,1.36662,10.6141,1.41859,26.729,8.87072,45,index
YM.TITAN.NX6.400kVA,YM.TITAN.NX6.400kVA.FUMAO,2026-07-06,1233.6,9.315,3.5609,12.8759,1.03298,43.7342,14.1112,45,index
YM.TITAN.NX7.630kVA,YM.TITAN.NX7.630kVA,2026-07-06,1254.4,17.595,1.44029,19.0353,1.4948,17.4619,8.8801,45,index
YM.TITAN.NX8.750kVA,YM.TITAN.NX8.750kVA Hồng Nguyên,2026-07-06,1844,18.492,2.6664,21.1584,1.1344,23.7218,10.8926,46,index
YM.TITAN.NX9.750kVA,YM.TITAN.NX9.750kVA,2026-07-06,1384,18.09,1.72814,19.8181,1.41173,20.076,8.35149,45,index
YM.VINSON.T1.400kVA,YM.VINSON.T1.400kVA,2026-07-06,2757.6,10.0125,8.9255,18.938,0.682072,36.683,30.5873,45,index
YM.YUSEN.T1.800kVA,YM.YUSEN.T1.800kVA,2026-07-06,366,17.9618,0.122618,18.0844,4.70844,5.14133,2.56501,45,index
03.AQ.T1.2500kVA,03.AQ.T1.2500kVA,2026-07-07,84,108,0.00116613,108.001,56.2503,0.541465,0.155773,48,index
03.ECOLAND.T1.400KVA,03.ECOLAND.T1.400KVA,2026-07-07,394,6.768,0.266498,7.0345,1.75409,8.44808,4.07671,48,index
03.ECOLAND.T2.250kVA,03.ECOLAND.T2.250kVA,2026-07-07,960.6,8.712,1.8738,10.5858,1.08999,25.0283,16.0977,48,index
03.ECOLAND.T4.1250kVA,03.ECOLAND.T4.1250kVA,2026-07-07,258,29.0362,0.0280116,29.0642,10.1246,1.70805,0.985047,48,index
03.ECOLAND.T5.1500kVA,03.ECOLAND.T5.1500kVA,2026-07-07,80,29.616,0.00219344,29.6182,27.0194,0.448508,0.205162,48,index
03.GHN.T1.2000kVA,03.GHN.T1.2000kVA,2026-07-07,14550,44.4308,37.3857,81.8165,0.559168,37.0965,30.2926,48,index
03.IP.T1.560kVA,03.IP.T1.560kVA,2026-07-07,2078.4,12.9638,3.69909,16.6629,0.795343,34.579,15.9835,48,index
03.JPVN.T1.800kVA,03.JPVN.T1.800kVA,2026-07-07,1734,19.3066,2.2434,21.55,1.22753,20.5496,9.30167,48,index
03.LOGOS.T1.1000kVA,03.LOGOS.T1.1000kVA,2026-07-07,60.8,21.2808,0.00119253,21.282,25.9277,0.232964,0.232964,48,index
03.LOGOS.T2.2500kVA,03.LOGOS.T2.2500kVA,2026-07-07,775,40.7112,17.1917,57.9029,6.95194,23.6779,15.4325,48,index
03.LOGOS.T3.1600kVA,03.LOGOS.T3.1600kVA,2026-07-07,345.6,28.68,0.0343991,28.7144,7.6712,2.38479,0.905298,48,index
03.NHUABINHTHUAN.2000kVA,03.NHUABINHTHUAN.2000kVA,2026-07-07,175,44.4,0.00638301,44.4064,20.2393,0.75,0.348864,48,index
03.SENDAI.T1.1000kVA,03.SENDAI.T1.1000kVA,2026-07-07,4414,22.1858,7.76956,29.9554,0.674071,23.6484,19.0735,48,index
03.SHINERAY.1000kVA,03.SHINERAY.1000kVA,2026-07-07,1032,22.2,1.05227,23.2523,2.20348,21.6727,5.02767,48,index
03.TAMAGAWA.T1.750kVA,03.TAMAGAWA.T1.750kVA,2026-07-07,2744,21.552,5.46499,27.017,0.974985,32.4338,15.6328,48,index
03.TMD.3000kVA,03.TMD.3000kVA ( 0.2kV ),2026-07-07,2370.2,52.32,7.69982,60.0198,2.46973,13.1927,12.7152,53,index
PĐ.AMP.T1.1000kVA,PĐ.AMP.T1.1000kVA,2026-07-07,1843.2,21.48,2.26442,23.7444,1.27183,20.5297,7.90355,48,index
PĐ.BQL.T1.75kVA,PĐ.BQL.T1.75kVA,2026-07-07,121.8,3.696,0.172779,3.86878,3.07855,16.4258,7.09253,48,index
TH.ACCELOTECH.T1.800kVA,TH.ACCELOTECH.T1.800kVA,2026-07-07,4384,19.92,10.0336,29.9536,0.678611,37.3937,23.038,48,index
TH.ASAHI.T1.2500kVA,TH.ASAHI.T1.2500kVA,2026-07-07,18360,45.5467,31.9432,77.49,0.420285,37.4986,31.2925,48,index
TH.BAIYANG.T1.2500kVA,TH.BAIYANG.T1.2500kVA,2026-07-07,1572,45.5784,1.08009,46.6585,2.88254,27.6595,2.77436,48,index
TH.BEBRIGHT.T1.2500kVA,TH.BEBRIGHT.T1.2500kVA,2026-07-07,1116,45.5784,0.277047,45.8554,3.94674,5.01761,1.83027,48,index
TH.BQL.PCCC2.750kVA,TH.BQL.PCCC2.750kVA,2026-07-07,29,17.568,0.000829285,17.5688,37.7266,0.465713,0.16318,48,index
TH.BQL.T1.180kVA,TH.BQL.T1.180kVA,2026-07-07,312.6,6.84,0.308572,7.14857,2.23569,15.5351,7.44018,48,index
TH.BQL.T2.160kVA,TH.BQL.T2.160kVA,2026-07-07,519.2,6.43647,0.950235,7.3867,1.40275,31.4622,13.5343,54,index
TH.FANTASY.T1.3150kVA,TH.FANTASY.T1.3150kVA,2026-07-07,35994,91.7458,130.115,221.86,0.612605,75.4463,48.9882,48,index
TH.FANTASY.T2.3150kVA,TH.FANTASY.T2.3150kVA,2026-07-07,3346,91.8096,1.19867,93.0083,2.70451,8.90332,4.49028,48,index
TH.HONGXI.T1.800kVA,TH.HONGXI.T1.800kVA,2026-07-07,99.2,19.92,0.0193313,19.9393,16.7361,1.23709,1.08483,48,index
TH.HUM&C.T1.750kVA,TH.HUM&C.T1.750kVA,2026-07-07,4080,18.912,8.34344,27.2554,0.663593,30.8997,22.6926,48,index
TH.SINHER.T1.1600kVA,TH.SINHER.T1.1600kVA,2026-07-07,992,27.696,0.322805,28.0188,2.74689,5.58234,2.56311,48,index
TH.XULI.T1.1000kVA,TH.XULI.T1.1000kVA,2026-07-07,5160,23.088,14.8958,37.9838,0.73074,56.0295,22.7743,48,index
TTI.BQL.T1.630kVA XLNT,TTI.BQL.T1.630kVA  XLNT,2026-07-07,16,18.72,0.000197036,18.7202,53.9173,0.190476,0.0965608,48,index
TTI.BQL.T2.630kVA CCNS,TTI.BQL.T2.630kVA CCNS,2026-07-07,684,18.72,0.43057,19.1506,2.72354,12.6435,4.64295,48,index
TTI.BQL.T3.400kVA,TTI.BQL.T3.400kVA  CS+BQL,2026-07-07,403.6,9.96,0.186794,10.1468,2.45242,7.71318,4.42465,53,index
TTI.BQL.T4.250kVA,TTI.BQL.T4.250kVA,2026-07-07,45,8.6999,0.0126253,8.71253,16.2207,3.17272,0.881212,48,index
TTI.JOHNSON 2.T1.3000kVA,TTI.JOHNSON 2.T1.3000kVA,2026-07-07,3024,95.088,1.01326,96.1013,3.08007,8.01101,4.37262,48,index
TTI.JOHNSON.T1.3000kVA,TTI.JOHNSON.T1.3000kVA,2026-07-07,23440,95.736,58.3597,154.096,0.653111,41.8203,34.3492,48,index
TTI.JOHNSON.T2.2000kVA,TTI.JOHNSON.T2.2000kVA,2026-07-07,4446,73.128,3.03589,76.1639,1.68424,15.5723,9.25397,48,index
TTI.TITAN.MVSG.1250kVA,TTI.TITAN.MVSG.1250kVA,2026-07-07,8,63.6,0.000140995,63.6001,88.8268,0.416,0.0290914,48,index
YM.DAECHANG.T1.560kVA,YM.DAECHANG.T1.560kVA,2026-07-07,733,7.728,0.804874,8.53287,1.15071,26.6019,5.42513,48,index
YM.ECOPIONEER.1250 kVA,YM.ECOPIONEER.1250kVA,2026-07-07,264,28.512,0.0310978,28.5431,9.75689,2.75948,0.856029,48,index
YM.FOT.T1.2000kVA,YM.FOT.T1.2000kVA,2026-07-07,5688,57.528,6.3977,63.9257,1.11138,18.3248,12.0776,48,index
YM.FUMAO.800kVA,YM.FUMAO.800kVA,2026-07-07,4162,19.1592,22.9415,42.1007,1.00142,84.6768,24.4598,48,index
YM.JILI.T1.630kVA,YM.JILI.T1.630kVA,2026-07-07,4103.68,17.9362,19.8968,37.8329,0.913505,69.6887,28.6452,48,index
YM.KIMTIN.3000KVA,YM.KIMTIN.3000KVA.ECHO,2026-07-07,6544,25.68,3.67252,29.3525,0.446538,21.9429,9.30138,48,index
YM.KIMTIN2.T1.1250kVA,YM.KIMTIN2.T1.1250kVA,2026-07-07,1257,52.08,1.63792,53.7179,4.09836,11.1089,4.28269,48,index
YM.LIHUA.T1.560kVA,YM.LIHUA.T1.560kVA,2026-07-07,6108.64,16.7338,43.0146,59.7483,0.968622,89.5767,49.5679,48,index
YM.LIHUA.T2.560kVA,YM.LIHUA.T2.560kVA,2026-07-07,5180.8,16.008,23.7299,39.7379,0.761185,63.4877,41.5222,48,index
YM.MINHQUANG.T1.1500kVA,YM.MINHQUANG.T1.1500kVA,2026-07-07,5028,31.32,7.56909,38.8891,0.767514,21.3069,14.3117,48,index
YM.NCC.250kVA,YM.NCC.250kVA,2026-07-07,629.4,7.41933,0.905734,8.32507,1.30543,19.5226,10.5453,48,index
YM.NHUADUCANH.T1.2000kVA,YM.NHUADUCANH.T1.2000kVA,2026-07-07,252,57.528,0.0191057,57.5471,18.5907,1.48014,0.528806,48,index
YM.OSAKA.160kVA,YM.OSAKA.160kVA,2026-07-07,207,14.892,0.440782,15.3328,6.89632,15.313,5.30725,48,index
YM.PACIFIC.T1.1000kVA,YM.PACIFIC.T1.1000kVA,2026-07-07,12367.2,22.3034,58.2601,80.5635,0.647212,57.8433,53.3049,48,index
YM.SOL.T1.400kVA,YM.SOL.T1.400kVA,2026-07-07,1252,10.1446,1.71514,11.8597,0.938375,21.1566,13.2149,48,index
YM.SONMIENBAC.T1.1250kVA,YM.SONMIENBAC.T1.1250kVA,2026-07-07,171,25.68,0.0126609,25.6927,13.0623,2.00641,0.609837,48,index
YM.TITAN.NX1.400kVA,YM.TITAN.NX1.400kVA.SML,2026-07-07,2470.4,9.59333,11.2597,20.853,0.837048,65.0325,26.4212,48,index
YM.TITAN.NX2.400kVA,YM.TITAN.NX2.400kVA.ESSENCE,2026-07-07,307.2,9.63312,0.22863,9.86175,3.11036,11.0392,3.48075,48,index
YM.TITAN.NX3.400kVA,YM.TITAN.NX3.400kVA.EVERJOY,2026-07-07,14.4,9.648,0.000178543,9.64818,40.1202,0.161555,0.141012,48,index
YM.TITAN.NX4.400kVA,YM.TITAN.NX4.400kVA.JOINT,2026-07-07,12,9.8436,0.000195131,9.8438,45.0645,0.15,0.147633,48,index
YM.TITAN.NX5.400KVA,YM.TITAN.NX5.400KVA.JEN YAW,2026-07-07,764.8,9.864,1.2308,11.0948,1.42994,21.3723,8.48764,48,index
YM.TITAN.NX6.400kVA,YM.TITAN.NX6.400kVA.FUMAO,2026-07-07,1558.4,9.72,4.55047,14.2705,0.907403,40.817,16.5915,48,index
YM.TITAN.NX7.630kVA,YM.TITAN.NX7.630kVA,2026-07-07,1235.2,18.768,1.43061,20.1986,1.60894,17.6329,8.40249,48,index
YM.TITAN.NX8.750kVA,YM.TITAN.NX8.750kVA Hồng Nguyên,2026-07-07,2140,19.296,2.83148,22.1275,1.02341,21.6133,12.2142,48,index
YM.TITAN.NX9.750kVA,YM.TITAN.NX9.750kVA,2026-07-07,1466,19.3228,1.83268,21.1555,1.42255,22.4895,8.46522,48,index
YM.VINSON.T1.400kVA,YM.VINSON.T1.400kVA,2026-07-07,2977.6,10.68,10.9993,21.6793,0.722817,40.7902,32.8147,48,index
YM.YUSEN.T1.800kVA,YM.YUSEN.T1.800kVA,2026-07-07,375,19.1592,0.121424,19.2806,4.89008,4.5559,2.36567,48,index
03.AQ.T1.2500kVA,03.AQ.T1.2500kVA,2026-07-08,78,107.7,0.0010619,107.701,57.997,0.312,0.157584,48,index
03.ECOLAND.T1.400KVA,03.ECOLAND.T1.400KVA,2026-07-08,370,6.768,0.261778,7.02978,1.86452,7.95743,4.00076,48,index
03.ECOLAND.T2.250kVA,03.ECOLAND.T2.250kVA,2026-07-08,872.4,8.712,1.58866,10.3007,1.16695,23.8155,14.702,48,index
03.ECOLAND.T4.1250kVA,03.ECOLAND.T4.1250kVA,2026-07-08,276,28.9354,0.031216,28.9666,9.49829,1.96184,1.02764,48,index
03.ECOLAND.T5.1500kVA,03.ECOLAND.T5.1500kVA,2026-07-08,57.6,29.616,0.00110991,29.6171,33.9579,0.363294,0.152835,48,index
03.GHN.T1.2000kVA,03.GHN.T1.2000kVA,2026-07-08,14495,44.4,36.6771,81.0771,0.556234,37.1718,30.0399,48,index
03.IP.T1.560kVA,03.IP.T1.560kVA,2026-07-08,1982.4,12.9638,3.46892,16.4328,0.822118,31.5252,15.9584,48,index
03.JPVN.T1.800kVA,03.JPVN.T1.800kVA,2026-07-08,1836,19.2663,2.45455,21.7209,1.16922,24.6996,9.66018,48,index
03.LOGOS.T1.1000kVA,03.LOGOS.T1.1000kVA,2026-07-08,64,21.2808,0.00157043,21.2824,24.9552,0.834458,0.252986,48,index
03.LOGOS.T2.2500kVA,03.LOGOS.T2.2500kVA,2026-07-08,2115,40.7112,24.3591,65.0703,2.98478,23.3499,22.1989,48,index
03.LOGOS.T3.1600kVA,03.LOGOS.T3.1600kVA,2026-07-08,352,28.68,0.0357203,28.7157,7.54256,2.04216,0.938075,48,index
03.NHOMVP.3000kVA,03.NHOMVP.3000kVA,2026-07-08,0,1.09,0,1.09,100,0,0,1,pxdt
03.NHUABINHTHUAN.2000kVA,03.NHUABINHTHUAN.2000kVA,2026-07-08,185,44.3075,0.00654739,44.314,19.3246,0.800391,0.351113,48,index
03.SENDAI.T1.1000kVA,03.SENDAI.T1.1000kVA,2026-07-08,4210,22.1858,7.02591,29.2118,0.689085,23.2938,18.1379,48,index
03.SHINERAY.1000kVA,03.SHINERAY.1000kVA,2026-07-08,1101.6,22.2,0.79761,22.9976,2.04496,11.9354,4.62213,48,index
03.TAMAGAWA.T1.750kVA,03.TAMAGAWA.T1.750kVA,2026-07-08,2958.4,21.552,6.28285,27.8348,0.932105,33.9567,17.1089,48,index
03.TMD.3000kVA,03.TMD.3000kVA ( 0.2kV ),2026-07-08,2581.2,52.32,7.59229,59.9123,2.26845,13.284,12.617,57,index
PĐ.AMP.T1.1000kVA,PĐ.AMP.T1.1000kVA,2026-07-08,1855.2,21.48,2.23146,23.7115,1.26198,19.7717,7.97328,48,index
PĐ.BQL.T1.75kVA,PĐ.BQL.T1.75kVA,2026-07-08,133.2,3.696,0.1905,3.8865,2.83507,17.5841,7.55301,48,index
TH.ACCELOTECH.T1.800kVA,TH.ACCELOTECH.T1.800kVA,2026-07-08,4028.8,19.92,8.33918,28.2592,0.696544,37.9531,20.9585,48,index
TH.ASAHI.T1.2500kVA,TH.ASAHI.T1.2500kVA,2026-07-08,17658,45.5467,28.9965,74.5432,0.420375,36.0188,29.7643,48,index
TH.BAIYANG.T1.2500kVA,TH.BAIYANG.T1.2500kVA,2026-07-08,1254,45.4518,0.166113,45.6179,3.5101,7.87233,1.91895,48,index
TH.BEBRIGHT.T1.2500kVA,TH.BEBRIGHT.T1.2500kVA,2026-07-08,1476,45.5784,0.764686,46.3431,3.04419,10.7714,2.66399,48,index
TH.BQL.PCCC2.750kVA,TH.BQL.PCCC2.750kVA,2026-07-08,29,17.568,0.000779385,17.5688,37.7265,0.465713,0.156615,48,index
TH.BQL.T1.180kVA,TH.BQL.T1.180kVA,2026-07-08,318,6.84,0.302029,7.14203,2.19659,12.9,7.35953,48,index
TH.BQL.T2.160kVA,TH.BQL.T2.160kVA,2026-07-08,372.4,6.432,0.609309,7.04131,1.8557,34.0216,9.42374,55,index
TH.FANTASY.T1.3150kVA,TH.FANTASY.T1.3150kVA,2026-07-08,34531,91.8096,122.839,214.649,0.617773,74.2297,47.2072,48,index
TH.FANTASY.T2.3150kVA,TH.FANTASY.T2.3150kVA,2026-07-08,3199,91.8096,1.09969,92.9093,2.82235,9.18552,4.29457,48,index
TH.HONGXI.T1.800kVA,TH.HONGXI.T1.800kVA,2026-07-08,100.8,19.8647,0.0196236,19.8843,16.4763,1.37244,1.09329,48,index
TH.HUM&C.T1.750kVA,TH.HUM&C.T1.750kVA,2026-07-08,3897.6,18.912,8.47366,27.3857,0.697726,29.8934,22.9926,48,index
TH.SINHER.T1.1600kVA,TH.SINHER.T1.1600kVA,2026-07-08,960,27.696,0.299737,27.9957,2.83359,5.32124,2.47292,48,index
TH.XULI.T1.1000kVA,TH.XULI.T1.1000kVA,2026-07-08,6007.2,23.088,22.7933,45.8813,0.757983,78.5768,27.4342,48,index
TTI.BQL.T1.630kVA XLNT,TTI.BQL.T1.630kVA  XLNT,2026-07-08,15,18.72,0.000200998,18.7202,55.5163,0.191136,0.0933653,48,index
TTI.BQL.T2.630kVA CCNS,TTI.BQL.T2.630kVA CCNS,2026-07-08,623,18.668,0.327329,18.9953,2.9588,9.91435,4.20112,48,index
TTI.BQL.T3.400kVA,TTI.BQL.T3.400kVA  CS+BQL,2026-07-08,454.4,9.96,0.240501,10.2005,2.19554,8.94537,4.93103,54,index
TTI.BQL.T4.250kVA,TTI.BQL.T4.250kVA,2026-07-08,43.2,8.6878,0.0123623,8.70016,16.7633,3.2029,0.865803,48,index
TTI.JOHNSON 2.T1.3000kVA,TTI.JOHNSON 2.T1.3000kVA,2026-07-08,3576,95.088,1.28603,96.374,2.6243,7.85595,4.97951,48,index
TTI.JOHNSON.T1.3000kVA,TTI.JOHNSON.T1.3000kVA,2026-07-08,24192,95.6695,62.3387,158.008,0.648904,43.9365,35.4712,48,index
TTI.JOHNSON.T2.2000kVA,TTI.JOHNSON.T2.2000kVA,2026-07-08,4476,73.128,3.10894,76.2369,1.67471,16.1511,9.33699,48,index
TTI.TITAN.MVSG.1250kVA,TTI.TITAN.MVSG.1250kVA,2026-07-08,32,63.4233,0.000367155,63.4237,66.4654,0.357771,0.0856486,48,index
YM.DAECHANG.T1.560kVA,YM.DAECHANG.T1.560kVA,2026-07-08,696,7.728,1.07516,8.80316,1.24902,28.5322,5.53238,48,index
YM.ECOPIONEER.1250 kVA,YM.ECOPIONEER.1250kVA,2026-07-08,198,28.512,0.015583,28.5276,12.5934,1.8783,0.670541,48,index
YM.FOT.T1.2000kVA,YM.FOT.T1.2000kVA,2026-07-08,5576,57.3682,5.84763,63.2158,1.121,17.3033,11.5851,48,index
YM.FUMAO.800kVA,YM.FUMAO.800kVA,2026-07-08,3310,19.1592,17.3801,36.5393,1.09185,81.3889,18.5058,48,index
YM.JILI.T1.630kVA,YM.JILI.T1.630kVA,2026-07-08,4195.36,17.9362,21.8617,39.7979,0.939702,75.3552,30.2297,48,index
YM.KIMTIN.3000KVA,YM.KIMTIN.3000KVA.ECHO,2026-07-08,5348,25.68,2.96018,28.6402,0.532678,20.2973,7.20892,51,index
YM.KIMTIN2.T1.1250kVA,YM.KIMTIN2.T1.1250kVA,2026-07-08,666,52.08,0.366295,52.4463,7.29996,5.21353,2.26924,48,index
YM.LIHUA.T1.560kVA,YM.LIHUA.T1.560kVA,2026-07-08,5800,16.7338,36.7167,53.4505,0.913144,83.2489,46.368,48,index
YM.LIHUA.T2.560kVA,YM.LIHUA.T2.560kVA,2026-07-08,5779.2,16.008,29.4279,45.4359,0.780065,66.8521,46.2346,48,index
YM.MINHQUANG.T1.1500kVA,YM.MINHQUANG.T1.1500kVA,2026-07-08,5060,31.3417,7.85163,39.1934,0.768619,21.227,14.8528,48,index
YM.NCC.250kVA,YM.NCC.250kVA,2026-07-08,525.6,7.41933,0.638733,8.05807,1.50997,18.5764,8.67809,48,index
YM.NHUADUCANH.T1.2000kVA,YM.NHUADUCANH.T1.2000kVA,2026-07-08,140,57.3682,0.00561977,57.3738,29.0686,1.24,0.286891,48,index
YM.OSAKA.160kVA,YM.OSAKA.160kVA,2026-07-08,226,14.8506,0.477042,15.3277,6.3514,17.1388,5.57085,48,index
YM.PACIFIC.T1.1000kVA,YM.PACIFIC.T1.1000kVA,2026-07-08,12067.4,22.3344,55.2138,77.5482,0.63852,57.7908,52.0221,48,index
YM.PE_FOAMVH.T1.1000kVA,YM.PE_FOAMVH.T1.1000kVA,2026-07-08,9.6,11.6635,8.22409e-05,11.6636,54.8524,0.12,0.0710769,26,index
YM.SOL.T1.400kVA,YM.SOL.T1.400kVA,2026-07-08,1228,10.1587,1.64039,11.7991,0.951696,18.7002,13.1473,48,index
YM.SONMIENBAC.T1.1250kVA,YM.SONMIENBAC.T1.1250kVA,2026-07-08,126,25.6087,0.00585772,25.6145,16.8945,0.9603,0.433745,48,index
YM.TITAN.NX1.400kVA,YM.TITAN.NX1.400kVA.SML,2026-07-08,2155.2,9.6,8.54308,18.1431,0.834801,53.9897,23.1899,48,index
YM.TITAN.NX2.400kVA,YM.TITAN.NX2.400kVA.ESSENCE,2026-07-08,398.4,9.6465,0.396088,10.0426,2.45875,13.9478,5.41398,48,index
YM.TITAN.NX3.400kVA,YM.TITAN.NX3.400kVA.EVERJOY,2026-07-08,13.2,9.648,0.000165002,9.64817,42.2273,0.161555,0.135876,48,index
YM.TITAN.NX4.400kVA,YM.TITAN.NX4.400kVA.JOINT,2026-07-08,14.4,9.8436,0.000253084,9.84385,40.6035,0.429535,0.158334,48,index
YM.TITAN.NX5.400KVA,YM.TITAN.NX5.400KVA.JEN YAW,2026-07-08,592,9.864,1.03547,10.8995,1.80784,26.6147,6.62561,48,index
YM.TITAN.NX6.400kVA,YM.TITAN.NX6.400kVA.FUMAO,2026-07-08,1027.2,9.72,2.05361,11.7736,1.1332,29.3946,10.8619,48,index
YM.TITAN.NX7.630kVA,YM.TITAN.NX7.630kVA,2026-07-08,1278.4,18.768,1.5673,20.3353,1.56578,18.962,8.77474,48,index
YM.TITAN.NX8.750kVA,YM.TITAN.NX8.750kVA Hồng Nguyên,2026-07-08,2084,19.296,2.77714,22.0731,1.04807,20.0789,12.2899,48,index
YM.TITAN.NX9.750kVA,YM.TITAN.NX9.750kVA,2026-07-08,1240,19.296,1.16944,20.4654,1.62364,18.2049,7.10293,48,index
YM.VINSON.T1.400kVA,YM.VINSON.T1.400kVA,2026-07-08,2752,10.6874,9.27178,19.9592,0.720039,36.4297,30.2082,48,index
YM.YUSEN.T1.800kVA,YM.YUSEN.T1.800kVA,2026-07-08,678,19.1592,0.303103,19.4623,2.79045,10.3533,3.75139,48,index
03.AQ.T1.2500kVA,03.AQ.T1.2500kVA,2026-07-09,66,107.7,0.0008347,107.701,62.0036,0.187446,0.141857,48,index
03.ECOLAND.T1.400KVA,03.ECOLAND.T1.400KVA,2026-07-09,328,6.768,0.1695,6.9375,2.07128,6.47012,3.36418,48,index
03.ECOLAND.T2.250kVA,03.ECOLAND.T2.250kVA,2026-07-09,771.6,8.712,1.21221,9.92421,1.26985,20.7922,12.6644,48,index
03.ECOLAND.T4.1250kVA,03.ECOLAND.T4.1250kVA,2026-07-09,249,28.9959,0.0265641,29.0224,10.4389,2.21269,0.976131,48,index
03.ECOLAND.T5.1500kVA,03.ECOLAND.T5.1500kVA,2026-07-09,60.8,29.616,0.00123197,29.6172,32.7562,0.405894,0.156628,48,index
03.GHN.T1.2000kVA,03.GHN.T1.2000kVA,2026-07-09,14035,44.4,35.1464,79.5464,0.563577,37.113,29.3113,48,index
03.IP.T1.560kVA,03.IP.T1.560kVA,2026-07-09,2166.4,12.9638,4.11775,17.0816,0.78231,36.5602,17.1521,48,index
03.JPVN.T1.800kVA,03.JPVN.T1.800kVA,2026-07-09,1746,19.2395,2.39723,21.6367,1.22405,23.3344,9.41811,48,index
03.LOGOS.T1.1000kVA,03.LOGOS.T1.1000kVA,2026-07-09,60.8,21.2808,0.00120659,21.282,25.9277,0.263879,0.234252,48,index
03.LOGOS.T2.2500kVA,03.LOGOS.T2.2500kVA,2026-07-09,2510,40.7112,24.5959,65.3071,2.5359,23.3289,22.3132,48,index
03.LOGOS.T3.1600kVA,03.LOGOS.T3.1600kVA,2026-07-09,390.4,28.68,0.0471656,28.7272,6.85405,2.33803,1.0309,48,index
03.NHUABINHTHUAN.2000kVA,03.NHUABINHTHUAN.2000kVA,2026-07-09,190,44.3383,0.00661511,44.3449,18.9229,0.800391,0.349505,48,index
03.PANEL.1000kVA,03.PANEL.1000kVA,2026-07-09,0,0.462205,0,0.462205,100,0,0,1,pxdt
03.SENDAI.T1.1000kVA,03.SENDAI.T1.1000kVA,2026-07-09,4474,22.1704,8.08211,30.2525,0.671644,24.923,19.49,48,index
03.SHINERAY.1000kVA,03.SHINERAY.1000kVA,2026-07-09,1104,22.1229,0.839257,22.9622,2.03753,12.5114,4.6685,48,index
03.TAMAGAWA.T1.750kVA,03.TAMAGAWA.T1.750kVA,2026-07-09,2582.4,21.552,4.98022,26.5322,1.01698,29.9622,15.2021,48,index
03.TMD.3000kVA,03.TMD.3000kVA ( 0.2kV ),2026-07-09,2843.6,52.32,7.49745,59.8174,2.06024,12.9852,12.5306,52,index
PĐ.AMP.T1.1000kVA,PĐ.AMP.T1.1000kVA,2026-07-09,1819.2,21.48,2.06751,23.5475,1.27785,17.8194,7.67816,48,index
PĐ.BQL.T1.75kVA,PĐ.BQL.T1.75kVA,2026-07-09,125.7,3.696,0.17963,3.87563,2.99102,16.12,7.32548,48,index
TH.ACCELOTECH.T1.800kVA,TH.ACCELOTECH.T1.800kVA,2026-07-09,3609.6,19.92,6.56243,26.4824,0.728323,32.0627,18.8603,48,index
TH.ASAHI.T1.2500kVA,TH.ASAHI.T1.2500kVA,2026-07-09,16386,45.5467,25.3934,70.9402,0.431065,33.3783,27.8788,48,index
TH.BAIYANG.T1.2500kVA,TH.BAIYANG.T1.2500kVA,2026-07-09,4878,45.5784,5.44171,51.0201,1.0351,32.0462,9.03609,48,index
TH.BEBRIGHT.T1.2500kVA,TH.BEBRIGHT.T1.2500kVA,2026-07-09,1278,45.5151,0.481517,45.9966,3.47407,8.1028,2.20339,48,index
TH.BQL.PCCC2.750kVA,TH.BQL.PCCC2.750kVA,2026-07-09,29,17.568,0.000761895,17.5688,37.7265,0.465713,0.156864,48,index
TH.BQL.T1.180kVA,TH.BQL.T1.180kVA,2026-07-09,295.8,6.84,0.282967,7.12297,2.35141,15.5116,6.75767,48,index
TH.BQL.T2.160kVA,TH.BQL.T2.160kVA,2026-07-09,371.6,6.432,0.565139,6.99714,1.84818,26.6129,9.73525,54,index
TH.FANTASY.T1.3150kVA,TH.FANTASY.T1.3150kVA,2026-07-09,33880,91.8096,119.134,210.943,0.618766,72.4378,46.5579,48,index
TH.FANTASY.T2.3150kVA,TH.FANTASY.T2.3150kVA,2026-07-09,3416,91.2995,1.24298,92.5425,2.63763,9.34985,4.62822,48,index
TH.HONGXI.T1.800kVA,TH.HONGXI.T1.800kVA,2026-07-09,164.8,19.9062,0.0292407,19.9354,10.7913,2.11698,1.2954,48,index
TH.HUM&C.T1.750kVA,TH.HUM&C.T1.750kVA,2026-07-09,3784,18.912,8.25035,27.1623,0.712705,29.2631,22.6496,48,index
TH.SINHER.T1.1600kVA,TH.SINHER.T1.1600kVA,2026-07-09,1156,27.696,0.508533,28.2045,2.38173,7.21409,3.07068,48,index
TH.XULI.T1.1000kVA,TH.XULI.T1.1000kVA,2026-07-09,6141.6,23.088,21.7886,44.8766,0.725398,69.6791,26.5727,48,index
TTI.BQL.T1.630kVA XLNT,TTI.BQL.T1.630kVA  XLNT,2026-07-09,13,18.72,0.000170807,18.7202,59.0166,0.191136,0.0818339,48,index
TTI.BQL.T2.630kVA CCNS,TTI.BQL.T2.630kVA CCNS,2026-07-09,504,18.707,0.227368,18.9344,3.62079,9.30784,3.37615,48,index
TTI.BQL.T3.400kVA,TTI.BQL.T3.400kVA  CS+BQL,2026-07-09,422.8,9.96,0.201892,10.1619,2.34706,7.97128,4.58998,49,index
TTI.BQL.T4.250kVA,TTI.BQL.T4.250kVA,2026-07-09,44.4,8.70595,0.0125895,8.71854,16.4134,3.18007,0.875744,48,index
TTI.JOHNSON 2.T1.3000kVA,TTI.JOHNSON 2.T1.3000kVA,2026-07-09,3696,94.8899,1.44896,96.3389,2.54035,8.69914,5.27453,48,index
TTI.JOHNSON.T1.3000kVA,TTI.JOHNSON.T1.3000kVA,2026-07-09,24392,95.4036,65.0942,160.498,0.653692,43.7803,36.4066,48,index
TTI.JOHNSON.T2.2000kVA,TTI.JOHNSON.T2.2000kVA,2026-07-09,4380,73.128,2.98853,76.1165,1.70814,14.1308,9.20884,48,index
TTI.TITAN.MVSG.1250kVA,TTI.TITAN.MVSG.1250kVA,2026-07-09,32,63.335,0.00126935,63.3363,66.4346,1.38933,0.123376,48,index
YM.DAECHANG.T1.560kVA,YM.DAECHANG.T1.560kVA,2026-07-09,661,7.728,0.648973,8.37697,1.25146,25.3627,4.7364,48,index
YM.ECOPIONEER.1250 kVA,YM.ECOPIONEER.1250kVA,2026-07-09,243,28.512,0.0214138,28.5334,10.5083,2.0514,0.7998,48,index
YM.FOT.T1.2000kVA,YM.FOT.T1.2000kVA,2026-07-09,5244,57.528,5.24881,62.7768,1.18296,17.0438,10.9858,48,index
YM.FUMAO.800kVA,YM.FUMAO.800kVA,2026-07-09,4702,19.1326,25.8327,44.9653,0.947244,71.673,27.9082,48,index
YM.JILI.T1.630kVA,YM.JILI.T1.630kVA,2026-07-09,4126.24,17.9237,22.5397,40.4634,0.971114,84.2786,29.1654,48,index
YM.KIMTIN.3000KVA,YM.KIMTIN.3000KVA.ECHO,2026-07-09,6152,25.6622,3.27234,28.9345,0.468125,17.8305,8.40129,50,index
YM.KIMTIN2.T1.1250kVA,YM.KIMTIN2.T1.1250kVA,2026-07-09,1191,52.0077,1.55101,53.5587,4.30343,9.2933,4.20182,48,index
YM.LIHUA.T1.560kVA,YM.LIHUA.T1.560kVA,2026-07-09,5641.6,16.7338,34.192,50.9257,0.894607,75.5305,45.4418,48,index
YM.LIHUA.T2.560kVA,YM.LIHUA.T2.560kVA,2026-07-09,4958.4,16.008,22.5898,38.5978,0.772419,64.7335,40.7374,48,index
YM.MINHQUANG.T1.1500kVA,YM.MINHQUANG.T1.1500kVA,2026-07-09,4832,31.32,7.30255,38.6226,0.79297,20.6852,14.277,48,index
YM.NCC.250kVA,YM.NCC.250kVA,2026-07-09,453,7.39867,0.470893,7.86956,1.70755,16.7859,7.55753,48,index
YM.NHUADUCANH.T1.2000kVA,YM.NHUADUCANH.T1.2000kVA,2026-07-09,212,57.4481,0.0131546,57.4613,21.3245,1.40014,0.431783,48,index
YM.OSAKA.160kVA,YM.OSAKA.160kVA,2026-07-09,258,14.8817,0.670948,15.5526,5.68542,17.5629,6.76255,48,index
YM.PACIFIC.T1.1000kVA,YM.PACIFIC.T1.1000kVA,2026-07-09,11320.8,22.3344,53.0394,75.3738,0.661395,61.7849,50.7607,48,index
YM.PE_FOAMVH.T1.1000kVA,YM.PE_FOAMVH.T1.1000kVA,2026-07-09,21.6,22.2413,0.000299702,22.2416,50.7318,0.384749,0.0890156,48,index
YM.SOL.T1.400kVA,YM.SOL.T1.400kVA,2026-07-09,1091.2,10.1587,1.29809,11.4568,1.03902,16.6576,11.7221,48,index
YM.SONMIENBAC.T1.1250kVA,YM.SONMIENBAC.T1.1250kVA,2026-07-09,99,25.573,0.00318975,25.5762,20.5306,0.913262,0.319591,48,index
YM.TITAN.NX1.400kVA,YM.TITAN.NX1.400kVA.SML,2026-07-09,1840,9.6,6.28229,15.8823,0.855781,53.2346,19.746,48,index
YM.TITAN.NX2.400kVA,YM.TITAN.NX2.400kVA.ESSENCE,2026-07-09,281.6,9.63312,0.140058,9.77318,3.35418,9.96803,3.15747,48,index
YM.TITAN.NX3.400kVA,YM.TITAN.NX3.400kVA.EVERJOY,2026-07-09,13.2,9.648,0.000160488,9.64816,42.2273,0.134164,0.134164,48,index
YM.TITAN.NX4.400kVA,YM.TITAN.NX4.400kVA.JOINT,2026-07-09,13.2,9.8436,0.000298257,9.8439,42.718,0.488365,0.166335,47,index
YM.TITAN.NX5.400KVA,YM.TITAN.NX5.400KVA.JEN YAW,2026-07-09,505.6,9.864,0.554271,10.4183,2.01897,17.8089,5.40402,48,index
YM.TITAN.NX6.400kVA,YM.TITAN.NX6.400kVA.FUMAO,2026-07-09,988.8,9.72,1.65416,11.3742,1.13722,28.5965,10.4761,48,index
YM.TITAN.NX7.630kVA,YM.TITAN.NX7.630kVA,2026-07-09,1100.8,18.768,1.05672,19.8247,1.76908,14.4726,7.35116,48,index
YM.TITAN.NX8.750kVA,YM.TITAN.NX8.750kVA Hồng Nguyên,2026-07-09,1882,19.296,2.03307,21.3291,1.12062,18.0197,10.6912,48,index
YM.TITAN.NX9.750kVA,YM.TITAN.NX9.750kVA,2026-07-09,1264,19.296,1.34271,20.6387,1.60658,17.3343,7.3396,48,index
YM.VINSON.T1.400kVA,YM.VINSON.T1.400kVA,2026-07-09,2733.6,10.68,9.19209,19.8721,0.72171,41.386,29.9527,48,index
YM.YUSEN.T1.800kVA,YM.YUSEN.T1.800kVA,2026-07-09,714,19.1592,0.362859,19.5221,2.66141,11.4753,3.94218,48,index
03.AQ.T1.2500kVA,03.AQ.T1.2500kVA,2026-07-10,84,108,0.00171211,108.002,56.2504,0.624,0.174674,48,index
03.ECOLAND.T1.400KVA,03.ECOLAND.T1.400KVA,2026-07-10,365,6.7539,0.241642,6.99554,1.88054,7.62365,3.80797,48,index
03.ECOLAND.T2.250kVA,03.ECOLAND.T2.250kVA,2026-07-10,809.4,8.712,1.29879,10.0108,1.22171,19.9755,13.3479,48,index
03.ECOLAND.T4.1250kVA,03.ECOLAND.T4.1250kVA,2026-07-10,315,28.9959,0.0454086,29.0413,8.44121,2.62666,1.19259,48,index
03.ECOLAND.T5.1500kVA,03.ECOLAND.T5.1500kVA,2026-07-10,76.8,29.616,0.00205009,29.6181,27.8318,0.512444,0.205998,48,index
03.GHN.T1.2000kVA,03.GHN.T1.2000kVA,2026-07-10,13975,44.4,35.2467,79.6467,0.566693,37.3169,29.3549,48,index
03.IP.T1.560kVA,03.IP.T1.560kVA,2026-07-10,1547.2,12.9458,2.20169,15.1475,0.969536,23.6359,12.537,48,index
03.JPVN.T1.800kVA,03.JPVN.T1.800kVA,2026-07-10,2202,19.32,3.91525,23.2353,1.04417,28.8024,11.7043,48,index
03.LOGOS.T1.1000kVA,03.LOGOS.T1.1000kVA,2026-07-10,57.6,21.2956,0.00120742,21.2968,26.9932,0.263879,0.234252,48,index
03.LOGOS.T2.2500kVA,03.LOGOS.T2.2500kVA,2026-07-10,2320,40.7112,24.1546,64.8658,2.71989,22.9927,22.1117,48,index
03.LOGOS.T3.1600kVA,03.LOGOS.T3.1600kVA,2026-07-10,377.6,28.68,0.0431313,28.7231,7.06904,1.83967,1.00483,48,index
03.NHUABINHTHUAN.2000kVA,03.NHUABINHTHUAN.2000kVA,2026-07-10,165,44.4,0.00626423,44.4063,21.2058,0.828402,0.346501,48,index
03.PANEL.1000kVA,03.PANEL.1000kVA,2026-07-10,0,6.60953,0,6.60953,100,0,0,15,pxdt
03.SENDAI.T1.1000kVA,03.SENDAI.T1.1000kVA,2026-07-10,4504,22.1858,8.10134,30.2872,0.667959,23.2791,19.4941,48,index
03.SHINERAY.1000kVA,03.SHINERAY.1000kVA,2026-07-10,1106.4,22.1692,0.873564,23.0427,2.04019,21.4875,4.79481,48,index
03.TAMAGAWA.T1.750kVA,03.TAMAGAWA.T1.750kVA,2026-07-10,2508.8,21.552,4.46918,26.0212,1.02655,28.9388,14.3688,48,index
03.TMD.3000kVA,03.TMD.3000kVA ( 0.2kV ),2026-07-10,2705.4,52.32,7.498,59.818,2.16323,12.9748,12.5492,54,index
PĐ.AMP.T1.1000kVA,PĐ.AMP.T1.1000kVA,2026-07-10,1879.2,21.4651,2.11037,23.5755,1.239,17.9011,7.70483,48,index
PĐ.BQL.T1.75kVA,PĐ.BQL.T1.75kVA,2026-07-10,126.6,3.69857,0.179479,3.87805,2.97218,17.16,7.19597,48,index
TH.ACCELOTECH.T1.800kVA,TH.ACCELOTECH.T1.800kVA,2026-07-10,3924.8,19.92,8.07291,27.9929,0.708181,35.3816,20.5508,48,index
TH.ASAHI.T1.2500kVA,TH.ASAHI.T1.2500kVA,2026-07-10,17118,45.5467,28.0415,73.5883,0.428048,38.1062,29.1173,48,index
TH.BAIYANG.T1.2500kVA,TH.BAIYANG.T1.2500kVA,2026-07-10,1224,45.5784,0.230423,45.8088,3.60754,8.09572,2.14855,48,index
TH.BEBRIGHT.T1.2500kVA,TH.BEBRIGHT.T1.2500kVA,2026-07-10,1074,45.5784,0.280957,45.8594,4.0951,5.32886,1.87483,48,index
TH.BQL.PCCC2.750kVA,TH.BQL.PCCC2.750kVA,2026-07-10,28,17.568,0.000734002,17.5687,38.5544,0.465713,0.154108,48,index
TH.BQL.T1.180kVA,TH.BQL.T1.180kVA,2026-07-10,276.6,6.84,0.243536,7.08354,2.49699,14.7388,6.20288,48,index
TH.BQL.T2.160kVA,TH.BQL.T2.160kVA,2026-07-10,388.4,6.432,0.665734,7.09773,1.79463,27.5974,10.316,50,index
TH.FANTASY.T1.3150kVA,TH.FANTASY.T1.3150kVA,2026-07-10,34440,91.8096,123.406,215.216,0.621019,76.2431,47.3166,48,index
TH.FANTASY.T2.3150kVA,TH.FANTASY.T2.3150kVA,2026-07-10,3619,91.7458,1.33216,93.078,2.50744,8.9107,4.80387,48,index
TH.HONGXI.T1.800kVA,TH.HONGXI.T1.800kVA,2026-07-10,121.6,19.92,0.0212238,19.9412,14.0886,1.46492,1.13489,48,index
TH.HUM&C.T1.750kVA,TH.HUM&C.T1.750kVA,2026-07-10,3817.6,18.912,9.14195,28.0539,0.729497,30.2708,23.9486,48,index
TH.SINHER.T1.1600kVA,TH.SINHER.T1.1600kVA,2026-07-10,1124,27.696,0.447486,28.1435,2.44271,6.39868,2.89988,48,index
TH.XULI.T1.1000kVA,TH.XULI.T1.1000kVA,2026-07-10,6309.6,23.088,24.1717,47.2597,0.743445,78.8494,28.0184,48,index
TTI.BQL.T1.630kVA XLNT,TTI.BQL.T1.630kVA  XLNT,2026-07-10,14,18.72,0.000165017,18.7202,57.2129,0.175323,0.0845665,48,index
TTI.BQL.T2.630kVA CCNS,TTI.BQL.T2.630kVA CCNS,2026-07-10,626,18.72,0.371741,19.0917,2.95954,10.745,4.37992,48,index
TTI.BQL.T3.400kVA,TTI.BQL.T3.400kVA  CS+BQL,2026-07-10,390,9.96,0.17496,10.135,2.53289,7.32607,4.30078,51,index
TTI.BQL.T4.250kVA,TTI.BQL.T4.250kVA,2026-07-10,45,8.712,0.0115661,8.72357,16.2379,3.22575,0.827403,48,index
TTI.JOHNSON 2.T1.3000kVA,TTI.JOHNSON 2.T1.3000kVA,2026-07-10,3760,95.088,1.70389,96.7919,2.50965,10.0331,5.47825,48,index
TTI.JOHNSON.T1.3000kVA,TTI.JOHNSON.T1.3000kVA,2026-07-10,24288,95.736,63.1783,158.914,0.650038,45.4632,35.6715,48,index
TTI.JOHNSON.T2.2000kVA,TTI.JOHNSON.T2.2000kVA,2026-07-10,4200,73.128,2.70928,75.8373,1.77362,14.4413,8.72595,48,index
TTI.TITAN.MVSG.1250kVA,TTI.TITAN.MVSG.1250kVA,2026-07-10,32,63.6,0.00145638,63.6015,66.5277,0.996634,0.105404,48,index
YM.DAECHANG.T1.560kVA,YM.DAECHANG.T1.560kVA,2026-07-10,601,7.728,0.754419,8.48242,1.39174,23.5658,4.95846,48,index
YM.ECOPIONEER.1250 kVA,YM.ECOPIONEER.1250kVA,2026-07-10,237,28.4922,0.019975,28.5122,10.7386,1.73615,0.803385,48,index
YM.FOT.T1.2000kVA,YM.FOT.T1.2000kVA,2026-07-10,5492,57.528,5.86536,63.3934,1.14111,18.4378,11.6077,48,index
YM.FUMAO.800kVA,YM.FUMAO.800kVA,2026-07-10,4920,19.1459,29.3723,48.5182,0.976512,81.0632,29.0934,48,index
YM.JILI.T1.630kVA,YM.JILI.T1.630kVA,2026-07-10,3909.12,17.9362,20.5362,38.4724,0.974578,80.0179,26.6845,48,index
YM.KIMTIN.3000KVA,YM.KIMTIN.3000KVA.ECHO,2026-07-10,7368,25.68,4.4947,30.1747,0.407867,20.4983,9.74731,54,index
YM.KIMTIN2.T1.1250kVA,YM.KIMTIN2.T1.1250kVA,2026-07-10,1062,52.0077,1.06304,53.0707,4.7594,11.1208,3.6114,48,index
YM.LIHUA.T1.560kVA,YM.LIHUA.T1.560kVA,2026-07-10,5945.6,16.7338,38.4687,55.2025,0.919918,86.8964,47.5125,48,index
YM.LIHUA.T2.560kVA,YM.LIHUA.T2.560kVA,2026-07-10,4830.4,16.008,22.1302,38.1382,0.783361,66.4495,39.9855,48,index
YM.MINHQUANG.T1.1500kVA,YM.MINHQUANG.T1.1500kVA,2026-07-10,4776,31.32,6.91698,38.237,0.794248,20.5968,13.9443,48,index
YM.NCC.250kVA,YM.NCC.250kVA,2026-07-10,524.4,7.44,0.625002,8.065,1.51465,19.4054,8.43571,48,index
YM.NHUADUCANH.T1.2000kVA,YM.NHUADUCANH.T1.2000kVA,2026-07-10,252,57.528,0.0211073,57.5491,18.5913,1.48,0.548471,48,index
YM.OSAKA.160kVA,YM.OSAKA.160kVA,2026-07-10,219,14.8506,0.527638,15.3783,6.5613,15.3125,5.8575,48,index
YM.PACIFIC.T1.1000kVA,YM.PACIFIC.T1.1000kVA,2026-07-10,11366.2,22.3344,50.1759,72.5103,0.633905,57.1704,49.227,48,index
YM.PE_FOAMVH.T1.1000kVA,YM.PE_FOAMVH.T1.1000kVA,2026-07-10,21.6,22.3344,0.000222712,22.3346,50.836,0.456,0.0745,48,index
YM.SOL.T1.400kVA,YM.SOL.T1.400kVA,2026-07-10,1182.4,10.1587,1.63576,11.7945,0.987652,19.4718,12.7332,48,index
YM.SONMIENBAC.T1.1250kVA,YM.SONMIENBAC.T1.1250kVA,2026-07-10,114,25.6087,0.00537627,25.614,18.3463,1.48877,0.380237,48,index
YM.TITAN.NX1.400kVA,YM.TITAN.NX1.400kVA.SML,2026-07-10,2065.6,9.6,7.35921,16.9592,0.814345,55.1334,21.6065,48,index
YM.TITAN.NX2.400kVA,YM.TITAN.NX2.400kVA.ESSENCE,2026-07-10,139.2,9.63312,0.0401855,9.67331,6.49768,5.45952,1.56004,48,index
YM.TITAN.NX3.400kVA,YM.TITAN.NX3.400kVA.EVERJOY,2026-07-10,13.2,9.648,0.000160488,9.64816,42.2273,0.134164,0.134164,48,index
YM.TITAN.NX4.400kVA,YM.TITAN.NX4.400kVA.JOINT,2026-07-10,12,9.8436,0.000192786,9.84379,45.0645,0.15,0.146687,48,index
YM.TITAN.NX5.400KVA,YM.TITAN.NX5.400KVA.JEN YAW,2026-07-10,577.6,9.864,0.915927,10.7799,1.83214,25.8798,6.42583,48,index
YM.TITAN.NX6.400kVA,YM.TITAN.NX6.400kVA.FUMAO,2026-07-10,1422.4,9.72,3.74937,13.4694,0.938064,35.5913,15.1698,48,index
YM.TITAN.NX7.630kVA,YM.TITAN.NX7.630kVA,2026-07-10,1051.2,18.768,0.971522,19.7395,1.8432,15.6422,6.99435,48,index
YM.TITAN.NX8.750kVA,YM.TITAN.NX8.750kVA Hồng Nguyên,2026-07-10,1292,19.296,0.986194,20.2822,1.54557,15.6175,7.28006,48,index
YM.TITAN.NX9.750kVA,YM.TITAN.NX9.750kVA,2026-07-10,1128,19.296,1.1076,20.4036,1.77669,16.6623,6.61385,48,index
YM.VINSON.T1.400kVA,YM.VINSON.T1.400kVA,2026-07-10,2750.4,10.68,9.61349,20.2935,0.732434,42.5752,30.6474,48,index
YM.YUSEN.T1.800kVA,YM.YUSEN.T1.800kVA,2026-07-10,534,19.1459,0.291275,19.4372,3.51208,12.2639,3.35941,48,index
03.AQ.T1.2500kVA,03.AQ.T1.2500kVA,2026-07-11,26.4,51.75,0.000415555,51.7504,66.219,0.187446,0.142509,23,pxdt
03.ECOLAND.T1.400KVA,03.ECOLAND.T1.400KVA,2026-07-11,374,6.768,0.222851,6.99085,1.83491,7.1486,3.7863,48,index
03.ECOLAND.T2.250kVA,03.ECOLAND.T2.250kVA,2026-07-11,927,8.712,1.80646,10.5185,1.12195,23.7094,15.8493,48,index
03.ECOLAND.T4.1250kVA,03.ECOLAND.T4.1250kVA,2026-07-11,138,29.016,0.0102198,29.0262,17.3782,0.697653,0.629264,48,index
03.ECOLAND.T5.1500kVA,03.ECOLAND.T5.1500kVA,2026-07-11,54.4,29.616,0.00109652,29.6171,35.2513,0.384592,0.145217,48,index
03.GHN.T1.2000kVA,03.GHN.T1.2000kVA,2026-07-11,14870,44.4,39.1102,83.5102,0.558465,36.1057,31.0717,48,index
03.IP.T1.560kVA,03.IP.T1.560kVA,2026-07-11,1737.6,12.8648,2.81933,15.6841,0.894558,30.7728,13.5314,48,index
03.JPVN.T1.800kVA,03.JPVN.T1.800kVA,2026-07-11,2274,19.32,3.73026,23.0503,1.00347,27.7731,12.0286,48,index
03.LOGOS.T1.1000kVA,03.LOGOS.T1.1000kVA,2026-07-11,60.8,21.2808,0.00119253,21.282,25.9277,0.232964,0.232964,48,index
03.LOGOS.T2.2500kVA,03.LOGOS.T2.2500kVA,2026-07-11,2500,40.7112,23.8537,64.5649,2.51758,22.7873,21.9757,48,index
03.LOGOS.T3.1600kVA,03.LOGOS.T3.1600kVA,2026-07-11,259.2,28.68,0.0196143,28.6996,9.96862,1.40428,0.70834,48,index
03.NHUABINHTHUAN.2000kVA,03.NHUABINHTHUAN.2000kVA,2026-07-11,175,44.4308,0.00737543,44.4382,20.2509,1.00031,0.349343,48,index
03.SENDAI.T1.1000kVA,03.SENDAI.T1.1000kVA,2026-07-11,4490,22.1858,8.04208,30.2279,0.668726,23.8996,19.4111,48,index
03.SHINERAY.1000kVA,03.SHINERAY.1000kVA,2026-07-11,1132.8,22.2,1.27974,23.4797,2.03063,21.0163,5.61808,48,index
03.TAMAGAWA.T1.750kVA,03.TAMAGAWA.T1.750kVA,2026-07-11,1894.4,21.552,2.11919,23.6712,1.23411,16.1306,10.8557,48,index
03.TMD.3000kVA,03.TMD.3000kVA ( 0.2kV ),2026-07-11,1378.4,52.32,9.02869,61.3487,4.26107,15.3385,13.7032,53,index
PĐ.AMP.T1.1000kVA,PĐ.AMP.T1.1000kVA,2026-07-11,1864.8,21.48,2.4966,23.9766,1.26943,21.1388,8.08245,48,index
PĐ.BQL.T1.75kVA,PĐ.BQL.T1.75kVA,2026-07-11,125.1,3.69343,0.174776,3.86821,2.99935,16.4994,7.2464,48,index
TH.ACCELOTECH.T1.800kVA,TH.ACCELOTECH.T1.800kVA,2026-07-11,4147.2,19.92,8.97083,28.8908,0.691815,35.2098,21.6122,48,index
TH.ASAHI.T1.2500kVA,TH.ASAHI.T1.2500kVA,2026-07-11,15894,45.5467,24.5626,70.1093,0.439168,34.6861,27.3153,48,index
TH.BAIYANG.T1.2500kVA,TH.BAIYANG.T1.2500kVA,2026-07-11,5094,45.5784,5.17832,50.7567,0.986572,29.6271,9.39192,48,index
TH.BEBRIGHT.T1.2500kVA,TH.BEBRIGHT.T1.2500kVA,2026-07-11,858,45.5784,0.209778,45.7882,5.06625,6.40912,1.46502,48,index
TH.BQL.PCCC2.750kVA,TH.BQL.PCCC2.750kVA,2026-07-11,26,17.568,0.00053047,17.5685,40.3239,0.452745,0.142489,48,index
TH.BQL.T1.180kVA,TH.BQL.T1.180kVA,2026-07-11,266.4,6.84,0.272955,7.11296,2.60059,14.8831,6.15686,48,index
TH.BQL.T2.160kVA,TH.BQL.T2.160kVA,2026-07-11,362,6.432,0.57054,7.00254,1.89769,24.7208,9.5895,49,index
TH.FANTASY.T1.3150kVA,TH.FANTASY.T1.3150kVA,2026-07-11,33565,91.8096,116.449,208.259,0.616639,72.8396,45.8322,48,index
TH.FANTASY.T2.3150kVA,TH.FANTASY.T2.3150kVA,2026-07-11,3444,91.8096,1.18954,92.9991,2.62932,8.23833,4.48164,48,index
TH.HONGXI.T1.800kVA,TH.HONGXI.T1.800kVA,2026-07-11,105.6,19.92,0.0190797,19.9391,15.8828,1.31529,1.07614,48,index
TH.HUM&C.T1.750kVA,TH.HUM&C.T1.750kVA,2026-07-11,3273.6,18.912,6.6146,25.5266,0.773738,25.6404,20.0463,48,index
TH.SINHER.T1.1600kVA,TH.SINHER.T1.1600kVA,2026-07-11,1060,27.696,0.446071,28.1421,2.58625,6.91054,2.74134,48,index
TH.XULI.T1.1000kVA,TH.XULI.T1.1000kVA,2026-07-11,4989.6,23.088,16.2392,39.3272,0.78202,79.2471,22.2667,48,index
TTI.BQL.T1.630kVA XLNT,TTI.BQL.T1.630kVA  XLNT,2026-07-11,13,18.72,0.00017255,18.7202,59.0166,0.175323,0.0842992,48,index
TTI.BQL.T2.630kVA CCNS,TTI.BQL.T2.630kVA CCNS,2026-07-11,596,18.72,0.324124,19.0441,3.09638,9.8547,4.0172,48,index
TTI.BQL.T3.400kVA,TTI.BQL.T3.400kVA  CS+BQL,2026-07-11,395.2,9.96,0.178937,10.1389,2.50135,7.04901,4.38101,52,index
TTI.BQL.T4.250kVA,TTI.BQL.T4.250kVA,2026-07-11,45,8.712,0.0127356,8.72474,16.2397,3.38613,0.872882,48,index
TTI.JOHNSON 2.T1.3000kVA,TTI.JOHNSON 2.T1.3000kVA,2026-07-11,4616,95.088,2.11037,97.1984,2.06226,9.58833,6.41968,48,index
TTI.JOHNSON.T1.3000kVA,TTI.JOHNSON.T1.3000kVA,2026-07-11,22904,95.736,55.637,151.373,0.656563,43.5181,33.3583,48,index
TTI.JOHNSON.T2.2000kVA,TTI.JOHNSON.T2.2000kVA,2026-07-11,4290,73.128,2.82036,75.9484,1.73956,13.7701,8.91723,48,index
TTI.TITAN.MVSG.1250kVA,TTI.TITAN.MVSG.1250kVA,2026-07-11,56,63.6,0.0028806,63.6029,53.1784,1.25455,0.169198,48,index
YM.DAECHANG.T1.560kVA,YM.DAECHANG.T1.560kVA,2026-07-11,568,7.728,0.572928,8.30093,1.44038,18.207,4.45724,48,index
YM.ECOPIONEER.1250 kVA,YM.ECOPIONEER.1250kVA,2026-07-11,477,28.512,0.133384,28.6454,5.66511,6.37416,1.52468,48,index
YM.FOT.T1.2000kVA,YM.FOT.T1.2000kVA,2026-07-11,5496,57.528,5.91913,63.4471,1.14125,18.6187,11.696,48,index
YM.FUMAO.800kVA,YM.FUMAO.800kVA,2026-07-11,4016,19.1592,25.0479,44.2071,1.08879,83.9989,24.3463,48,index
YM.JILI.T1.630kVA,YM.JILI.T1.630kVA,2026-07-11,564.64,17.9362,0.178791,18.115,3.1085,4.87388,3.69445,48,index
YM.KIMTIN.3000KVA,YM.KIMTIN.3000KVA.ECHO,2026-07-11,8112,25.68,4.94054,30.6205,0.376053,23.2944,11.733,50,index
YM.KIMTIN2.T1.1250kVA,YM.KIMTIN2.T1.1250kVA,2026-07-11,1209,52.08,1.22146,53.3015,4.22256,7.33584,4.07863,48,index
YM.LIHUA.T1.560kVA,YM.LIHUA.T1.560kVA,2026-07-11,5779.36,16.7338,37.8416,54.5754,0.935481,83.6347,46.976,48,index
YM.LIHUA.T2.560kVA,YM.LIHUA.T2.560kVA,2026-07-11,5118.4,16.008,24.3195,40.3275,0.781733,71.8295,41.7061,48,index
YM.MINHQUANG.T1.1500kVA,YM.MINHQUANG.T1.1500kVA,2026-07-11,4488,31.32,6.39586,37.7159,0.833368,20.3085,13.1753,48,index
YM.NCC.250kVA,YM.NCC.250kVA,2026-07-11,459,7.44,0.449739,7.88974,1.68985,13.2812,7.53799,48,index
YM.NHUADUCANH.T1.2000kVA,YM.NHUADUCANH.T1.2000kVA,2026-07-11,272,57.528,0.0215294,57.5495,17.4631,1.56,0.565122,48,index
YM.OSAKA.160kVA,YM.OSAKA.160kVA,2026-07-11,222,14.892,0.512595,15.4046,6.48875,17.1323,5.74418,48,index
YM.PACIFIC.T1.1000kVA,YM.PACIFIC.T1.1000kVA,2026-07-11,11580,22.3344,49.5744,71.9088,0.617142,57.7826,48.8728,48,index
YM.PE_FOAMVH.T1.1000kVA,YM.PE_FOAMVH.T1.1000kVA,2026-07-11,28.8,22.3344,0.00024875,22.3346,43.6781,0.264,0.103,48,index
YM.SOL.T1.400kVA,YM.SOL.T1.400kVA,2026-07-11,1045.6,10.1587,1.17939,11.3381,1.07273,16.257,10.9501,48,index
YM.SONMIENBAC.T1.1250kVA,YM.SONMIENBAC.T1.1250kVA,2026-07-11,120,25.68,0.00482362,25.6848,17.6304,0.936308,0.385332,48,index
YM.TITAN.NX1.400kVA,YM.TITAN.NX1.400kVA.SML,2026-07-11,1857.6,9.6,5.94991,15.5499,0.830147,52.3827,19.3898,48,index
YM.TITAN.NX2.400kVA,YM.TITAN.NX2.400kVA.ESSENCE,2026-07-11,94.4,9.63312,0.0144023,9.64752,9.27223,2.70703,1.06389,48,index
YM.TITAN.NX3.400kVA,YM.TITAN.NX3.400kVA.EVERJOY,2026-07-11,14.4,9.648,0.000160488,9.64816,40.1202,0.134164,0.134164,48,index
YM.TITAN.NX4.400kVA,YM.TITAN.NX4.400kVA.JOINT,2026-07-11,13.2,9.82993,0.000192585,9.83012,42.6838,0.15,0.146687,48,index
YM.TITAN.NX5.400KVA,YM.TITAN.NX5.400KVA.JEN YAW,2026-07-11,545.6,9.864,0.638789,10.5028,1.88864,18.8166,5.46629,48,index
YM.TITAN.NX6.400kVA,YM.TITAN.NX6.400kVA.FUMAO,2026-07-11,1233.6,9.72,2.88905,12.6091,1.01179,37.9926,12.7116,48,index
YM.TITAN.NX7.630kVA,YM.TITAN.NX7.630kVA,2026-07-11,1102.4,18.768,1.12279,19.8908,1.77234,17.8463,7.45878,48,index
YM.TITAN.NX8.750kVA,YM.TITAN.NX8.750kVA Hồng Nguyên,2026-07-11,1490,19.296,1.6975,20.9935,1.38938,17.7818,8.24464,48,index
YM.TITAN.NX9.750kVA,YM.TITAN.NX9.750kVA,2026-07-11,934,19.296,0.681169,19.9772,2.09409,15.4511,5.42992,48,index
YM.VINSON.T1.400kVA,YM.VINSON.T1.400kVA,2026-07-11,2992.8,10.68,11.8349,22.5149,0.746686,48.7177,33.7898,48,index
YM.YUSEN.T1.800kVA,YM.YUSEN.T1.800kVA,2026-07-11,432,19.1592,0.14417,19.3034,4.27725,4.53812,2.76247,48,index
03.ECOLAND.T1.400KVA,03.ECOLAND.T1.400KVA,2026-07-12,401,6.768,0.279576,7.04758,1.72715,7.33881,4.22016,48,index
03.ECOLAND.T2.250kVA,03.ECOLAND.T2.250kVA,2026-07-12,828.6,8.712,1.47597,10.188,1.21461,22.0997,14.1941,48,index
03.ECOLAND.T4.1250kVA,03.ECOLAND.T4.1250kVA,2026-07-12,126,28.9556,0.00958968,28.9651,18.6914,0.734651,0.610036,48,index
03.ECOLAND.T5.1500kVA,03.ECOLAND.T5.1500kVA,2026-07-12,60.8,29.616,0.00129555,29.6173,32.7562,0.4272,0.157342,48,index
03.GHN.T1.2000kVA,03.GHN.T1.2000kVA,2026-07-12,14770,44.4,38.2298,82.6298,0.556331,37.439,30.7871,48,index
03.IP.T1.560kVA,03.IP.T1.560kVA,2026-07-12,616,12.9638,0.296871,13.2607,2.10735,10.9545,4.62602,48,index
03.JPVN.T1.800kVA,03.JPVN.T1.800kVA,2026-07-12,1668,19.2663,2.37497,21.6413,1.28082,22.531,8.73427,48,index
03.LOGOS.T1.1000kVA,03.LOGOS.T1.1000kVA,2026-07-12,60.8,21.2808,0.00119253,21.282,25.9277,0.232964,0.232964,48,index
03.LOGOS.T2.2500kVA,03.LOGOS.T2.2500kVA,2026-07-12,2395,40.7112,23.5303,64.2415,2.61225,22.8224,21.824,48,index
03.LOGOS.T3.1600kVA,03.LOGOS.T3.1600kVA,2026-07-12,230.4,28.68,0.0132148,28.6932,11.0745,0.921954,0.607279,48,index
03.NHUABINHTHUAN.2000kVA,03.NHUABINHTHUAN.2000kVA,2026-07-12,165,44.3383,0.00621504,44.3445,21.1826,0.807001,0.335451,48,index
03.SENDAI.T1.1000kVA,03.SENDAI.T1.1000kVA,2026-07-12,1136,22.1858,1.57492,23.7608,2.04876,23.4751,5.03473,48,index
03.SHINERAY.1000kVA,03.SHINERAY.1000kVA,2026-07-12,271.2,22.1383,0.0592883,22.1976,7.56571,4.03386,1.13646,48,index
03.TAMAGAWA.T1.750kVA,03.TAMAGAWA.T1.750kVA,2026-07-12,2017.6,21.552,2.41582,23.9678,1.17399,15.5196,11.6214,48,index
03.TMD.3000kVA,03.TMD.3000kVA ( 0.2kV ),2026-07-12,2191.8,52.32,8.24313,60.5631,2.68887,13.6328,12.9491,54,index
PĐ.AMP.T1.1000kVA,PĐ.AMP.T1.1000kVA,2026-07-12,552,21.48,0.207683,21.6877,3.7804,7.9065,2.44499,48,index
PĐ.BQL.T1.75kVA,PĐ.BQL.T1.75kVA,2026-07-12,102.9,3.696,0.15178,3.84778,3.60455,14.5328,5.69967,48,index
TH.ACCELOTECH.T1.800kVA,TH.ACCELOTECH.T1.800kVA,2026-07-12,1382.4,19.92,1.13236,21.0524,1.50004,13.68,7.37051,48,index
TH.ASAHI.T1.2500kVA,TH.ASAHI.T1.2500kVA,2026-07-12,12624,45.5784,14.9716,60.55,0.477352,23.5012,21.4626,48,index
TH.BAIYANG.T1.2500kVA,TH.BAIYANG.T1.2500kVA,2026-07-12,858,45.5784,0.092497,45.6709,5.05393,3.32917,1.51801,48,index
TH.BEBRIGHT.T1.2500kVA,TH.BEBRIGHT.T1.2500kVA,2026-07-12,360,45.5784,0.0184227,45.5968,11.2419,1.05518,0.56125,48,index
TH.BQL.PCCC2.750kVA,TH.BQL.PCCC2.750kVA,2026-07-12,25,17.568,0.000486625,17.5685,41.2711,0.329848,0.136473,48,index
TH.BQL.T1.180kVA,TH.BQL.T1.180kVA,2026-07-12,247.2,6.84,0.234243,7.07424,2.78213,15.3082,5.72404,48,index
TH.BQL.T2.160kVA,TH.BQL.T2.160kVA,2026-07-12,343.6,6.432,0.425786,6.85779,1.95681,22.2643,8.65861,54,index
TH.FANTASY.T1.3150kVA,TH.FANTASY.T1.3150kVA,2026-07-12,9016,91.8096,11.5322,103.342,1.13322,30.3066,12.6965,48,index
TH.FANTASY.T2.3150kVA,TH.FANTASY.T2.3150kVA,2026-07-12,1666,91.8734,0.266523,92.1399,5.24076,3.65507,2.27812,48,index
TH.HONGXI.T1.800kVA,TH.HONGXI.T1.800kVA,2026-07-12,102.4,19.8647,0.0195284,19.8842,16.2606,1.24852,1.0911,48,index
TH.HUM&C.T1.750kVA,TH.HUM&C.T1.750kVA,2026-07-12,208,18.912,0.0179001,18.9299,8.34174,1.43505,1.04813,48,index
TH.SINHER.T1.1600kVA,TH.SINHER.T1.1600kVA,2026-07-12,236,27.696,0.0130459,27.709,10.5074,0.970824,0.636957,48,index
TH.XULI.T1.1000kVA,TH.XULI.T1.1000kVA,2026-07-12,609.6,23.088,0.10877,23.1968,3.66575,3.67129,2.59141,48,index
TTI.BQL.T1.630kVA XLNT,TTI.BQL.T1.630kVA  XLNT,2026-07-12,14,18.72,0.000157917,18.7202,57.2129,0.175323,0.079542,48,index
TTI.BQL.T2.630kVA CCNS,TTI.BQL.T2.630kVA CCNS,2026-07-12,567,18.681,0.28443,18.9654,3.23661,9.27193,3.69336,48,index
TTI.BQL.T3.400kVA,TTI.BQL.T3.400kVA  CS+BQL,2026-07-12,256,8.77033,0.0854486,8.85578,3.34362,5.41755,3.10608,49,index
TTI.BQL.T4.250kVA,TTI.BQL.T4.250kVA,2026-07-12,43.8,7.6472,0.0105319,7.65773,14.8816,3.08892,0.929244,44,index
TTI.JOHNSON 2.T1.3000kVA,TTI.JOHNSON 2.T1.3000kVA,2026-07-12,2080,83.5982,0.510975,84.1092,3.88655,5.85368,3.22283,44,index
TTI.JOHNSON.T1.3000kVA,TTI.JOHNSON.T1.3000kVA,2026-07-12,17888,84.0349,39.0156,123.05,0.683194,38.4178,28.552,44,index
TTI.JOHNSON.T2.2000kVA,TTI.JOHNSON.T2.2000kVA,2026-07-12,3780,64.2409,2.54092,66.7818,1.73604,13.3322,8.76644,44,index
TTI.TITAN.MVSG.1250kVA,TTI.TITAN.MVSG.1250kVA,2026-07-12,32,63.4675,0.00052561,63.468,66.4809,0.496774,0.121167,48,index
YM.DAECHANG.T1.560kVA,YM.DAECHANG.T1.560kVA,2026-07-12,234,7.728,0.0738194,7.80182,3.22653,6.74282,1.89285,48,index
YM.ECOPIONEER.1250 kVA,YM.ECOPIONEER.1250kVA,2026-07-12,504,28.4526,0.145386,28.598,5.36953,5.12326,1.73493,48,index
YM.FOT.T1.2000kVA,YM.FOT.T1.2000kVA,2026-07-12,1872,57.528,1.1119,58.6399,3.03733,10.4819,3.97069,48,index
YM.FUMAO.800kVA,YM.FUMAO.800kVA,2026-07-12,430,19.1193,3.03112,22.1504,4.8989,83.5285,2.82762,48,index
YM.JILI.T1.630kVA,YM.JILI.T1.630kVA,2026-07-12,555.36,17.9362,0.175325,18.1115,3.15822,4.98302,3.6555,48,index
YM.KIMTIN.3000KVA,YM.KIMTIN.3000KVA.ECHO,2026-07-12,6252,25.68,3.07403,28.754,0.457812,18.3763,9.37681,54,index
YM.KIMTIN2.T1.1250kVA,YM.KIMTIN2.T1.1250kVA,2026-07-12,462,52.08,0.149764,52.2298,10.1569,2.95629,1.51608,48,index
YM.LIHUA.T1.560kVA,YM.LIHUA.T1.560kVA,2026-07-12,4348.8,16.7338,25.1229,41.8566,0.953311,79.2625,35.7008,48,index
YM.LIHUA.T2.560kVA,YM.LIHUA.T2.560kVA,2026-07-12,4884.8,16.008,21.6687,37.6767,0.765401,64.4171,39.2064,48,index
YM.MINHQUANG.T1.1500kVA,YM.MINHQUANG.T1.1500kVA,2026-07-12,1992,31.32,1.91617,33.2362,1.6411,15.9689,5.70786,48,index
YM.NCC.250kVA,YM.NCC.250kVA,2026-07-12,460.8,7.4245,0.471035,7.89554,1.68458,15.0068,7.70902,48,index
YM.NHUADUCANH.T1.2000kVA,YM.NHUADUCANH.T1.2000kVA,2026-07-12,184,57.4082,0.00940568,57.4176,23.7835,1.14,0.388898,48,index
YM.OSAKA.160kVA,YM.OSAKA.160kVA,2026-07-12,0,14.861,0,14.861,100,0,0,48,index
YM.PACIFIC.T1.1000kVA,YM.PACIFIC.T1.1000kVA,2026-07-12,11920.8,22.3344,54.1063,76.4407,0.637153,56.4339,51.4202,48,index
YM.PE_FOAMVH.T1.1000kVA,YM.PE_FOAMVH.T1.1000kVA,2026-07-12,24,22.2724,0.000232939,22.2726,48.1334,0.288,0.0945,48,index
YM.SOL.T1.400kVA,YM.SOL.T1.400kVA,2026-07-12,1093.6,10.1376,1.25948,11.397,1.03141,17.0231,11.4294,48,index
YM.SONMIENBAC.T1.1250kVA,YM.SONMIENBAC.T1.1250kVA,2026-07-12,117,25.6087,0.00544907,25.6141,17.9604,1.10113,0.408197,48,index
YM.TITAN.NX1.400kVA,YM.TITAN.NX1.400kVA.SML,2026-07-12,448,9.6,0.260367,9.86037,2.15358,7.24133,5.20707,48,index
YM.TITAN.NX2.400kVA,YM.TITAN.NX2.400kVA.ESSENCE,2026-07-12,67.2,9.63312,0.00509519,9.63822,12.5435,1.08665,0.737449,48,index
YM.TITAN.NX3.400kVA,YM.TITAN.NX3.400kVA.EVERJOY,2026-07-12,13.2,9.6279,0.000160154,9.62806,42.1764,0.134164,0.134164,48,index
YM.TITAN.NX4.400kVA,YM.TITAN.NX4.400kVA.JOINT,2026-07-12,12,9.8436,0.000200993,9.8438,45.0645,0.15,0.15,48,index
YM.TITAN.NX5.400KVA,YM.TITAN.NX5.400KVA.JEN YAW,2026-07-12,46.4,9.864,0.00201629,9.86602,17.5346,0.60531,0.470155,48,index
YM.TITAN.NX6.400kVA,YM.TITAN.NX6.400kVA.FUMAO,2026-07-12,344,9.72,0.138521,9.85852,2.78601,11.8727,3.51598,48,index
YM.TITAN.NX7.630kVA,YM.TITAN.NX7.630kVA,2026-07-12,448,18.768,0.120909,18.8889,4.0457,4.75382,2.9429,48,index
YM.TITAN.NX8.750kVA,YM.TITAN.NX8.750kVA Hồng Nguyên,2026-07-12,956,19.296,0.837933,20.1339,2.06262,12.7227,5.37565,48,index
YM.TITAN.NX9.750kVA,YM.TITAN.NX9.750kVA,2026-07-12,508,19.296,0.134926,19.4309,3.68407,3.47445,2.95764,48,index
YM.VINSON.T1.400kVA,YM.VINSON.T1.400kVA,2026-07-12,2564.8,10.68,8.66306,19.3431,0.748529,34.0154,29.2987,48,index
YM.YUSEN.T1.800kVA,YM.YUSEN.T1.800kVA,2026-07-12,276,19.1193,0.104964,19.2242,6.51174,4.09369,2.36856,48,index
03.AQ.T1.2500kVA,03.AQ.T1.2500kVA,2026-07-13,30,57.75,0.000366311,57.7504,65.8121,0.214663,0.12402,26,index
03.ECOLAND.T1.400KVA,03.ECOLAND.T1.400KVA,2026-07-13,416,6.768,0.308148,7.07615,1.67255,8.87345,4.4263,48,index
03.ECOLAND.T2.250kVA,03.ECOLAND.T2.250kVA,2026-07-13,879.6,8.712,1.55134,10.2633,1.15336,24.9535,14.4178,48,index
03.ECOLAND.T4.1250kVA,03.ECOLAND.T4.1250kVA,2026-07-13,150,29.016,0.0113572,29.0274,16.2139,0.812108,0.662039,48,index
03.ECOLAND.T5.1500kVA,03.ECOLAND.T5.1500kVA,2026-07-13,73.6,29.616,0.00194842,29.6179,28.6946,0.512444,0.19524,48,index
03.GHN.T1.2000kVA,03.GHN.T1.2000kVA,2026-07-13,14365,44.4,36.4242,80.8242,0.559498,38.1496,29.8703,48,index
03.IP.T1.560kVA,03.IP.T1.560kVA,2026-07-13,1894.4,12.9638,3.62481,16.5887,0.868067,32.0886,14.6529,48,index
03.JPVN.T1.800kVA,03.JPVN.T1.800kVA,2026-07-13,2193,19.32,3.95504,23.275,1.05019,29.8754,11.6445,48,index
03.LOGOS.T1.1000kVA,03.LOGOS.T1.1000kVA,2026-07-13,60.8,21.2808,0.00122066,21.282,25.9277,0.263879,0.23554,48,index
03.LOGOS.T2.2500kVA,03.LOGOS.T2.2500kVA,2026-07-13,2710,40.7112,24.2002,64.9114,2.33923,22.882,22.1346,48,index
03.LOGOS.T3.1600kVA,03.LOGOS.T3.1600kVA,2026-07-13,371.2,28.68,0.0421762,28.7222,7.18194,2.30825,0.997175,48,index
03.NHUABINHTHUAN.2000kVA,03.NHUABINHTHUAN.2000kVA,2026-07-13,190,44.4,0.00658988,44.4066,18.9443,0.776611,0.359352,48,index
03.PANEL.1000kVA,03.PANEL.1000kVA,2026-07-13,60,14.3592,0.00271274,14.3619,19.3135,0.744387,0.395461,32,index
03.SENDAI.T1.1000kVA,03.SENDAI.T1.1000kVA,2026-07-13,3898,22.1858,7.30144,29.4873,0.750792,25.7276,16.4827,48,index
03.SHINERAY.1000kVA,03.SHINERAY.1000kVA,2026-07-13,1219.2,22.2,1.3601,23.5601,1.89579,19.2833,5.80657,48,index
03.TAMAGAWA.T1.750kVA,03.TAMAGAWA.T1.750kVA,2026-07-13,3161.6,21.552,6.6559,28.2079,0.884313,32.8762,18.0545,48,index
03.TMD.3000kVA,03.TMD.3000kVA ( 0.2kV ),2026-07-13,2416.4,52.32,8.1083,60.4283,2.43975,13.8112,13.0199,52,index
PĐ.AMP.T1.1000kVA,PĐ.AMP.T1.1000kVA,2026-07-13,1915.2,21.48,2.37632,23.8563,1.23031,19.552,8.07835,48,index
PĐ.BQL.T1.75kVA,PĐ.BQL.T1.75kVA,2026-07-13,119.1,3.696,0.173571,3.86957,3.14677,16.3038,7.10485,48,index
TH.ACCELOTECH.T1.800kVA,TH.ACCELOTECH.T1.800kVA,2026-07-13,3649.6,19.92,9.06264,28.9826,0.787875,39.4937,19.3953,48,index
TH.ASAHI.T1.2500kVA,TH.ASAHI.T1.2500kVA,2026-07-13,17520,45.5467,29.4913,75.0381,0.426473,37.442,29.6706,48,index
TH.BAIYANG.T1.2500kVA,TH.BAIYANG.T1.2500kVA,2026-07-13,4878,45.5784,5.41061,50.989,1.03447,32.6788,8.97842,48,index
TH.BEBRIGHT.T1.2500kVA,TH.BEBRIGHT.T1.2500kVA,2026-07-13,864,45.5784,0.199163,45.7776,5.03173,5.88,1.51007,48,index
TH.BQL.PCCC2.750kVA,TH.BQL.PCCC2.750kVA,2026-07-13,25,17.568,0.000482983,17.5685,41.2711,0.329848,0.1363,48,index
TH.BQL.T1.180kVA,TH.BQL.T1.180kVA,2026-07-13,324.6,6.84,0.305285,7.14529,2.15385,13.6784,7.41694,48,index
TH.BQL.T2.160kVA,TH.BQL.T2.160kVA,2026-07-13,387.2,6.432,0.696286,7.12829,1.8077,27.7107,10.6822,51,index
TH.FANTASY.T1.3150kVA,TH.FANTASY.T1.3150kVA,2026-07-13,29498,91.8096,110.021,201.831,0.679569,77.174,40.5472,48,index
TH.FANTASY.T2.3150kVA,TH.FANTASY.T2.3150kVA,2026-07-13,3143,91.8096,1.17053,92.9801,2.87332,9.21804,4.23095,48,index
TH.HONGXI.T1.800kVA,TH.HONGXI.T1.800kVA,2026-07-13,108.8,19.92,0.0197219,19.9397,15.4884,1.4301,1.09425,48,index
TH.HUM&C.T1.750kVA,TH.HUM&C.T1.750kVA,2026-07-13,3176,18.912,7.10014,26.0121,0.812369,29.6637,18.5662,48,index
TH.SINHER.T1.1600kVA,TH.SINHER.T1.1600kVA,2026-07-13,1216,27.696,0.518939,28.2149,2.26769,7.84259,3.16785,48,index
TH.XULI.T1.1000kVA,TH.XULI.T1.1000kVA,2026-07-13,4944,23.088,14.4377,37.5257,0.753297,59.68,22.2625,48,index
TTI.BQL.T1.630kVA XLNT,TTI.BQL.T1.630kVA  XLNT,2026-07-13,22,18.72,0.000320245,18.7203,45.9729,0.224478,0.137394,48,index
TTI.BQL.T2.630kVA CCNS,TTI.BQL.T2.630kVA CCNS,2026-07-13,649,18.72,0.377019,19.097,2.85842,11.1641,4.25744,48,index
TTI.BQL.T3.400kVA,TTI.BQL.T3.400kVA  CS+BQL,2026-07-13,335.2,9.96,0.136125,10.0961,2.9239,5.94256,3.71166,51,index
TTI.BQL.T4.250kVA,TTI.BQL.T4.250kVA,2026-07-13,42.6,8.712,0.0115981,8.7236,16.9972,3.14986,0.861092,48,index
TTI.JOHNSON 2.T1.3000kVA,TTI.JOHNSON 2.T1.3000kVA,2026-07-13,4000,94.9559,1.82119,96.7771,2.36227,9.6246,5.59914,48,index
TTI.JOHNSON.T1.3000kVA,TTI.JOHNSON.T1.3000kVA,2026-07-13,22592,95.736,56.3407,152.077,0.668643,43.0566,33.336,48,index
TTI.JOHNSON.T2.2000kVA,TTI.JOHNSON.T2.2000kVA,2026-07-13,4410,73.128,3.02115,76.1491,1.69743,14.88,9.08345,48,index
TTI.TITAN.MVSG.1250kVA,TTI.TITAN.MVSG.1250kVA,2026-07-13,24,63.6,0.000301876,63.6003,72.6028,0.489506,0.085961,48,index
YM.DAECHANG.T1.560kVA,YM.DAECHANG.T1.560kVA,2026-07-13,624,7.728,0.607935,8.33594,1.31828,18.3559,4.77539,48,index
YM.ECOPIONEER.1250 kVA,YM.ECOPIONEER.1250kVA,2026-07-13,294,28.512,0.0330867,28.5451,8.84995,2.21854,0.942087,48,index
YM.FOT.T1.2000kVA,YM.FOT.T1.2000kVA,2026-07-13,4692,57.528,4.88766,62.4157,1.31279,17.7469,9.41205,48,index
YM.FUMAO.800kVA,YM.FUMAO.800kVA,2026-07-13,4056,19.1592,24.785,43.9442,1.07182,78.6518,24.334,48,index
YM.JILI.T1.630kVA,YM.JILI.T1.630kVA,2026-07-13,4123.04,17.9362,20.9388,38.875,0.934065,77.196,28.4394,48,index
YM.KIMTIN.3000KVA,YM.KIMTIN.3000KVA.ECHO,2026-07-13,4928,25.68,2.14216,27.8222,0.561404,18.4537,6.91577,53,index
YM.KIMTIN2.T1.1250kVA,YM.KIMTIN2.T1.1250kVA,2026-07-13,756,52.0077,0.511448,52.5191,6.49572,5.27656,2.54611,48,index
YM.LIHUA.T1.560kVA,YM.LIHUA.T1.560kVA,2026-07-13,5635.36,16.7338,38.6226,55.3564,0.972749,84.7009,46.4175,48,index
YM.LIHUA.T2.560kVA,YM.LIHUA.T2.560kVA,2026-07-13,5232,16.008,25.1062,41.1142,0.779695,78.3217,42.5228,48,index
YM.MINHQUANG.T1.1500kVA,YM.MINHQUANG.T1.1500kVA,2026-07-13,4084,31.32,6.62617,37.9462,0.920589,22.3777,12.1019,48,index
YM.NCC.250kVA,YM.NCC.250kVA,2026-07-13,643.8,7.44,1.10432,8.54432,1.30979,22.143,10.8058,48,index
YM.NHUADUCANH.T1.2000kVA,YM.NHUADUCANH.T1.2000kVA,2026-07-13,140,57.528,0.00429412,57.5323,29.1255,0.681175,0.295885,48,index
YM.OSAKA.160kVA,YM.OSAKA.160kVA,2026-07-13,253,14.8817,0.656752,15.5384,5.78629,19.5001,6.5038,48,index
YM.PACIFIC.T1.1000kVA,YM.PACIFIC.T1.1000kVA,2026-07-13,11964,22.3344,54.6641,76.9985,0.63947,57.6437,51.6869,48,index
YM.PE_FOAMVH.T1.1000kVA,YM.PE_FOAMVH.T1.1000kVA,2026-07-13,24,22.3344,0.000227891,22.3346,48.2029,0.288,0.09,48,index
YM.SOL.T1.400kVA,YM.SOL.T1.400kVA,2026-07-13,1296.8,10.1446,1.84458,11.9892,0.916052,21.3803,13.7728,48,index
YM.SONMIENBAC.T1.1250kVA,YM.SONMIENBAC.T1.1250kVA,2026-07-13,159,25.68,0.00914531,25.6891,13.9094,1.25215,0.546185,48,index
YM.TITAN.NX1.400kVA,YM.TITAN.NX1.400kVA.SML,2026-07-13,2403.2,9.6,10.2712,19.8712,0.820084,63.7461,25.4993,48,index
YM.TITAN.NX2.400kVA,YM.TITAN.NX2.400kVA.ESSENCE,2026-07-13,243.2,9.63312,0.149019,9.78214,3.86673,10.0001,2.94427,48,index
YM.TITAN.NX3.400kVA,YM.TITAN.NX3.400kVA.EVERJOY,2026-07-13,13.2,9.648,0.000160488,9.64816,42.2273,0.134164,0.134164,48,index
YM.TITAN.NX4.400kVA,YM.TITAN.NX4.400kVA.JOINT,2026-07-13,12,9.8436,0.000192864,9.84379,45.0645,0.15,0.146687,48,index
YM.TITAN.NX5.400KVA,YM.TITAN.NX5.400KVA.JEN YAW,2026-07-13,744,9.864,1.38021,11.2442,1.48882,27.3189,7.93208,48,index
YM.TITAN.NX6.400kVA,YM.TITAN.NX6.400kVA.FUMAO,2026-07-13,1622.4,9.72,4.64099,14.361,0.877403,43.5242,17.3092,48,index
YM.TITAN.NX7.630kVA,YM.TITAN.NX7.630kVA,2026-07-13,1190.4,18.768,1.25697,20.025,1.65438,16.6331,7.99844,48,index
YM.TITAN.NX8.750kVA,YM.TITAN.NX8.750kVA Hồng Nguyên,2026-07-13,1526,19.296,2.09215,21.3882,1.38221,19.8105,8.5555,48,index
YM.TITAN.NX9.750kVA,YM.TITAN.NX9.750kVA,2026-07-13,1656,19.296,2.05733,21.3533,1.27304,20.8151,9.36454,48,index
YM.VINSON.T1.400kVA,YM.VINSON.T1.400kVA,2026-07-13,3155.2,10.68,13.7269,24.4069,0.767608,58.7133,35.8593,48,index
YM.YUSEN.T1.800kVA,YM.YUSEN.T1.800kVA,2026-07-13,309,19.1858,0.11181,19.2976,5.87809,4.42452,2.2602,48,index
